master_record_number,agency,agency_tracking_number,county,city,collision_date,vehicles_involved,number_injured,number_dead,latitude,longitude,roadway_name,roadway_suffix,roadway_number,roadway_local_id,distance_from_reference,miles-feet_indicator,direction_from_reference,intersection_road_name,intersection_road_name_suffix,intersection_road_number,intersection_local_id,mile_marker,intersection_indicator,intersect_type,interchange_related_indicator,relation_to_junction,work_zone_type,construction_maintenance_zone,construction_maintenance_zone_location,fatal_case_number,officer_first_name,officer_last_name,weather_condition(s),manner_of_crash,pedestrian,bicycle,scooter,parking,hitrun,mou
101966611,METROPOLITAN NASHVILLE POLICE DEPT,20180302582,Davidson,Nashville,4/4/2018 1:02:00 PM,2,0,0,36.156010,-86.788850,BROADWAY,,,,0.00,,,I40 W ENT RAMP,,,,0.00,Y,T-Intersection,N,Intersection,None,,,         ,Johnathan,Carlisle,Clear,Angle,no,no,no,no,no,False
101966617,METROPOLITAN NASHVILLE POLICE DEPT,20180302667,Davidson,Nashville,4/4/2018 1:33:00 PM,2,0,0,36.106880,-86.672680,DONELSON PKE,,,,268.00,Feet,North,MURFREESBORO PKE,,,,0.00,N,Not at Intersection,N,Non-Junction,None,,,         ,Blake,McKay,Clear,Front to Rear,no,no,no,no,no,False
101966619,METROPOLITAN NASHVILLE POLICE DEPT,20180302735,Davidson,Nashville,4/4/2018 1:50:00 PM,2,2,0,36.146720,-86.858000,WHITE BRIDGE PKE,,,,413.00,Feet,West,LENOX AV,,,,0.00,N,Not at Intersection,N,Non-Junction,None,,,         ,Curtis,Rich,Clear,Front to Rear,no,no,no,no,no,False
101966632,METROPOLITAN NASHVILLE POLICE DEPT,20180302773,Davidson,Nashville,4/4/2018 2:15:00 PM,2,0,0,36.040510,-86.745500,OLD HICKORY BLVD,,,,604.00,Feet,North,EDMONDSON PKE,,,,0.00,N,Not at Intersection,N,Non-Junction,None,,,         ,Justan,Vance,Clear,Angle,no,no,no,yes,no,False
101966671,METROPOLITAN NASHVILLE POLICE DEPT,20180302702,Davidson,Nashville,4/4/2018 1:00:00 PM,2,0,0,36.182320,-86.749000,GALLATIN AV,,,,85.00,Feet,North,MAXWELL AV,,,,0.00,N,Not at Intersection,N,Non-Junction,None,,,         ,Joseph,Progar,Clear,Front to Rear,no,no,no,no,no,False
101966734,METROPOLITAN NASHVILLE POLICE DEPT,20180302873,Davidson,Nashville,4/4/2018 12:00:00 AM,2,0,0,36.217450,-86.743450,HART LN,,,,0.00,,,BEN ALLEN RD,,,,0.00,Y,Four-Way, ,,None,,,         ,Gordon,Stovall,,,no,no,no,no,no,False
101966735,METROPOLITAN NASHVILLE POLICE DEPT,20180302880,Davidson,Nashville,4/4/2018 2:50:00 PM,2,0,0,36.153020,-86.765360,I 40,,,,0.00,,,,,,,210.65,N,Not at Intersection, ,Entrance/Exit Ramp Related,None,,,         ,David,Lang,Clear,"Sideswipe, Same Direction",no,no,no,no,no,False
101966764,METROPOLITAN NASHVILLE POLICE DEPT,20180302949,Davidson,Not in City Limit,4/4/2018 2:56:00 PM,1,0,0,36.019010,-86.625930,I 24,,,,0.00,,,,,,,62.15,N,Not at Intersection, ,Non-Junction,None,,,         ,Hillary,Sherman,Clear,Not Collision with Motor Vehicle in Transport,no,no,no,no,no,False
101966783,METROPOLITAN NASHVILLE POLICE DEPT,2018-0302740,Davidson,Not in City Limit,4/4/2018 1:54:00 PM,2,0,0,36.281150,-86.707990,GALLATIN PKEN,,,,126.00,Feet,South,MCKINLEY ST,,,,0.00,N,Not at Intersection, ,Non-Junction,None,,,         ,Cyretha,Frazier,Clear,"Sideswipe, Same Direction",no,no,no,no,no,False
101966805,METROPOLITAN NASHVILLE POLICE DEPT,20180303042,Davidson,Nashville,4/4/2018 3:40:00 PM,2,0,0,36.141340,-86.715640,I 40,,,,0.00,,,,,,,213.90,N,Not at Intersection,N,Non-Junction,None,,,         ,Brady,Reynolds,Clear,Front to Rear,no,no,no,no,yes,False
101966807,METROPOLITAN NASHVILLE POLICE DEPT,20180303093,Davidson,Nashville,4/4/2018 3:45:00 PM,2,0,0,36.171390,-86.769140,JAMES ROBERTSON PKWY,,,,0.00,,,INTERSTATE DR,,,,0.00,Y,Four-Way,N,Intersection-Related,None,,,         ,Richard,Conger,Clear,Front to Rear,no,no,no,no,yes,False
101966808,METROPOLITAN NASHVILLE POLICE DEPT,20180303235,Davidson,Nashville,4/4/2018 3:48:00 PM,2,0,0,36.124150,-86.751480,I440 W EXT RAMP,,,,65.00,Feet,East,NOLENSVILLE PKE,,,,0.00,N,Not at Intersection, ,Non-Junction,None,,,         ,YUNUS,ADAK,Clear,Front to Rear,no,no,no,no,no,False
101966811,METROPOLITAN NASHVILLE POLICE DEPT,20180303116,Davidson,Antioch,4/4/2018 4:03:00 PM,2,0,0,36.016780,-86.623400,I 24,,,,0.00,,,,,,,62.35,N,Not at Intersection,N,Non-Junction,None,,,         ,Hillary,Sherman,Clear,Front to Rear,no,no,no,no,no,False
101966830,METROPOLITAN NASHVILLE POLICE DEPT,20180303183,Davidson,Nashville,4/4/2018 3:40:00 PM,2,0,0,36.174020,-86.606070,I40 W ENT RAMP,,,,0.00,Feet,East,CENTRAL PKE,,,,0.00,N,Not at Intersection,N,Non-Junction,None,,,         ,Keiara,Ward,Clear,Front to Rear,no,no,no,no,yes,False
101966836,METROPOLITAN NASHVILLE POLICE DEPT,20180303100,Davidson,Nashville,4/4/2018 12:00:00 AM,1,1,0,36.170240,-86.803510,JEFFERSON ST,,,,22.00,Feet,West,16TH AVN,,,,0.00,N,Not at Intersection,N,Non-Junction,None,,,         ,Melvin,Taylor,Clear,Not Collision with Motor Vehicle in Transport,yes,no,no,no,no,False
101966849,VANDERBILT UNIVERSITY POLICE,20180300320,Davidson,Nashville,4/3/2018 8:49:00 PM,2,0,0,36.150490,-86.801230,WEST END AV,,,,0.00,,,21ST AVS,,,,0.00,,Not at Intersection, ,Non-Junction,None,,,         ,Lydell,Reedy,Rain,Front to Rear,no,no,no,no,no,Campus
101966861,VANDERBILT UNIVERSITY POLICE,20180303230,Davidson,Nashville,4/4/2018 12:00:00 AM,2,0,0,36.139670,-86.804880,24TH AVS,,,,0.00,,,,,,,0.00,,,N,Non-Junction,None,,,         ,Christopher,Dion,Clear,Unknown,no,no,no,yes,yes,Campus
101966862,METROPOLITAN NASHVILLE POLICE DEPT,20180303267,Davidson,Nashville,4/4/2018 4:50:00 PM,2,0,0,36.246200,-86.744460,I65 N ENT RAMP,,,,0.00,,,I 65,,,,0.00,Y,Y-Intersection,N,Entrance/Exit Ramp Related,None,,,         ,Christopher,Littles,Clear,Front to Rear,no,no,no,no,yes,False
101966863,METROPOLITAN NASHVILLE POLICE DEPT,20180303319,Davidson,Nashville,4/4/2018 5:04:00 PM,2,0,0,36.248630,-86.742250,I 65,,,,0.00,,,,,,,91.10,N,Not at Intersection, ,,None,,,         ,Christopher,Littles,,,no,no,no,no,no,False
101966864,METROPOLITAN NASHVILLE POLICE DEPT,20180303289,Davidson,Not in City Limit,4/4/2018 4:28:00 PM,2,0,0,35.995690,-86.688170,NOLENSVILLE PKE,,,,117.00,Feet,West,PETTUS RD,,,,0.00,N,Not at Intersection, ,,None,,,         ,Edin,Plancic,,,no,no,no,no,no,False
101966888,METROPOLITAN NASHVILLE POLICE DEPT,20180302931,Davidson,Nashville,4/4/2018 3:20:00 PM,4,0,0,36.075210,-86.693530,I 24,,,,0.00,,,,,,,56.55,N,Not at Intersection,N,Non-Junction,None,,,         ,Richard,Olive,Clear,Front to Rear,no,no,no,no,yes,False
101966899,METROPOLITAN NASHVILLE POLICE DEPT,20180303377,Davidson,Nashville,4/4/2018 5:23:00 PM,3,0,0,36.123040,-86.773170,I 65,,,,0.00,,,,,,,80.60,N,Not at Intersection,N,Non-Junction,None,,,         ,Ryan,Cagle,Clear,Front to Rear,no,no,no,no,no,False
101966907,METROPOLITAN NASHVILLE POLICE DEPT,20180303238,Davidson,Nashville,4/4/2018 3:33:00 PM,2,1,0,36.162580,-86.846530,49TH AVN,,,,0.00,,,CENTENNIAL BLVD,,,,0.00,Y,OTHER,N,Non-Junction,None,,,         ,Torian,Cox,Clear,Front to Rear,no,no,no,no,yes,False
101966910,METROPOLITAN NASHVILLE POLICE DEPT,20180303367,Davidson,Nashville,4/4/2018 3:50:00 PM,2,0,0,36.119160,-86.697770,BRILEY PKWYN,,,,722.00,Feet,South,BRILEY PKWYS,,,,0.00,N,Not at Intersection,N,Non-Junction,None,,,         ,Brady,Reynolds,Clear,Front to Rear,no,no,no,no,no,False
101966911,METROPOLITAN NASHVILLE POLICE DEPT,20180303111,Davidson,Nashville,4/4/2018 4:10:00 PM,2,0,0,36.172410,-86.765100,S 5TH ST,,,,173.00,Feet,South,MAIN ST,,,,0.00,N,Not at Intersection, ,Non-Junction,None,,,         ,Joshua,Lackey,Clear,Angle,no,no,no,no,no,False
101966912,METROPOLITAN NASHVILLE POLICE DEPT,20180303195,Davidson,Nashville,4/4/2018 4:25:00 PM,2,1,0,36.192880,-86.623830,JUAREZ DR,,,,0.00,Feet,,LEBANON PKE,,,,0.00,Y,Four-Way,N,Intersection-Related,None,,,         ,Abbey,Sawl,Clear,Front to Rear,no,no,no,no,yes,False
101966916,METROPOLITAN NASHVILLE POLICE DEPT,20180303333,Davidson,Nashville,4/4/2018 5:09:00 PM,2,2,0,36.241960,-86.757080,DICKERSON PKE,,,,0.00,,,DICKERSON PKE ENT RAMP,,,,0.00,Y,T-Intersection,N,Intersection,None,,,         ,Amy,Hirschmann,Clear,Angle,no,no,no,no,no,False
101966919,VANDERBILT UNIVERSITY POLICE,20180303179,Davidson,Nashville,4/4/2018 4:24:00 PM,2,0,0,36.139410,-86.803520,CHILDRENS WAY,,,,0.00,,,,,,,0.00,,, ,Non-Junction,None,,,         ,Christopher,Dion,Clear,Front to Rear,no,no,no,yes,no,Campus
101966928,METROPOLITAN NASHVILLE POLICE DEPT,20180303457,Davidson,Nashville,4/4/2018 5:53:00 PM,1,1,0,36.246680,-86.721170,BERKLEY DR,,,,0.00,,,GALLATIN PKES,,,,0.00,Y,T-Intersection,N,Intersection,None,,,         ,Christopher,Littles,Clear,Not Collision with Motor Vehicle in Transport,yes,no,no,no,no,False
101966929,METROPOLITAN NASHVILLE POLICE DEPT,20180302873,Davidson,Nashville,4/4/2018 12:00:00 AM,2,0,0,36.179750,-86.758330,N 9TH ST,,,,154.00,Feet,North,SMILEY ST,,,,0.00,N,Not at Intersection,N,Non-Junction,None,,,         ,Gordon,Stovall,Clear,"Sideswipe, Same Direction",no,no,no,no,yes,False
101966934,METROPOLITAN NASHVILLE POLICE DEPT,20180303526,Davidson,Nashville,4/4/2018 6:11:00 PM,3,0,0,36.171190,-86.767750,I 24,,,,0.00,,,,,,,48.60,N,Not at Intersection, ,Non-Junction,None,,,         ,Christopher,Valdez,Clear,Front to Rear,no,no,no,no,no,False
101966937,METROPOLITAN NASHVILLE POLICE DEPT,20180303171,Davidson,Nashville,4/4/2018 4:23:00 PM,2,0,0,36.145220,-86.871790,CHARLOTTE PKE,,,,395.00,Feet,North,AMERICAN RD,,,,0.00,N,Not at Intersection,N,Non-Junction,None,,,         ,Brandon,Pedigo,Clear,Angle,no,no,no,no,no,False
101966940,METROPOLITAN NASHVILLE POLICE DEPT,20180303520,Davidson,Nashville,4/4/2018 5:50:00 PM,2,0,0,36.078170,-86.698120,EAST RIDGE DR,,,,1885.00,Feet,North,WILLARD DR,,,,0.00,N,Not at Intersection, ,Non-Junction,None,,,         ,Eric,Keller,Clear,Unknown,no,no,no,no,yes,False
101966941,METROPOLITAN NASHVILLE POLICE DEPT,20180303598,Davidson,Nashville,4/4/2018 6:50:00 PM,2,0,0,36.155660,-86.788970,I40 W EXT RAMP,,,,0.00,,,I 40,,,,0.00,Y,T-Intersection, ,Non-Junction,None,,,         ,Ryan,Storm,Clear,Angle,no,no,no,no,no,False
101966943,METROPOLITAN NASHVILLE POLICE DEPT,20180302935,Davidson,Nashville,4/4/2018 3:23:00 PM,3,1,0,36.150470,-86.867540,I 40,,,,0.00,,,,,,,203.40,N,Not at Intersection,N,Non-Junction,None,,,         ,Marc,Kozen,Clear,"Sideswipe, Same Direction",no,no,no,no,yes,False
101966961,METROPOLITAN NASHVILLE POLICE DEPT,20180303363,Davidson,Nashville,4/4/2018 4:51:00 PM,2,0,0,36.051510,-86.714360,NOLENSVILLE PKE,,,,0.00,,,OCALA DR,,,,0.00,Y,Four-Way, ,Intersection,None,,,         ,Patrick,Martin,Clear,Front to Rear,no,no,no,no,no,False
101966973,METROPOLITAN NASHVILLE POLICE DEPT,20180303470,Davidson,Nashville,4/4/2018 5:56:00 PM,4,2,0,36.109690,-86.671460,KNAPP BLVD,,,,0.00,,,DONELSON PKE,,,,0.00,Y,Four-Way,Y,Non-Junction,None,,,         ,Brady,Reynolds,Clear,Angle,no,no,no,no,no,False
101966974,METROPOLITAN NASHVILLE POLICE DEPT,20180303115,Davidson,Nashville,4/4/2018 4:23:00 PM,2,1,0,36.143940,-86.873290,CHARLOTTE PKE,,,,80.00,Feet,West,WATTS LN,,,,0.00,N,Not at Intersection,N,Non-Junction,None,,,         ,Albert,Wilson,Clear,Front to Rear,no,no,no,no,no,False
101966977,METROPOLITAN NASHVILLE POLICE DEPT,20180303435,Davidson,Nashville,4/4/2018 5:40:00 PM,3,1,0,36.154110,-86.836800,I 40,,,,0.00,,,,,,,205.10,N,Not at Intersection,N,Non-Junction,None,,,         ,Ryan,Coll,Clear,Front to Rear,no,no,no,no,no,False
101966980,METROPOLITAN NASHVILLE POLICE DEPT,20180303146,Davidson,Nashville,4/4/2018 3:54:00 PM,2,0,0,36.044280,-86.780890,I 65,,,,0.00,,,,,,,75.00,N,Not at Intersection,N,Non-Junction,None,,,         ,Brandon,Hughes,Clear,Front to Rear,no,no,no,no,no,False
101966981,METROPOLITAN NASHVILLE POLICE DEPT,20180303565,Davidson,Nashville,4/4/2018 5:21:00 PM,2,0,0,36.129030,-86.795110,ASHWOOD AV,,,,37.00,Feet,East,BELMONT BLVD,,,,0.00,N,Not at Intersection, ,,None,,,         ,Akira,McSwain,,,no,no,no,no,no,False
101966985,METROPOLITAN NASHVILLE POLICE DEPT,20180303673,Davidson,Not in City Limit,4/4/2018 7:00:00 PM,2,0,0,36.271580,-86.689620,MYATT DR,,,,150.00,Feet,South,ANDERSON LN,,,,0.00,N,Not at Intersection,N,Non-Junction,None,,,         ,Christopher,Littles,Clear,Angle,no,no,no,no,no,False
101967018,METROPOLITAN NASHVILLE POLICE DEPT,20180303429,Davidson,Nashville,4/4/2018 5:34:00 PM,2,0,0,36.163090,-86.761570,I 24,,,,0.00,,,,,,,49.25,N,Not at Intersection,N,Non-Junction,None,,,         ,James,Smith,Clear,"Sideswipe, Same Direction",no,no,no,no,yes,False
101967028,METROPOLITAN NASHVILLE POLICE DEPT,20180302984,Davidson,Nashville,4/4/2018 2:55:00 PM,2,1,0,36.053890,-86.739400,MCMURRAY DR,,,,0.00,,,WHITAKER DR,,,,0.00,Y,T-Intersection,N,Intersection-Related,None,,,         ,Jacob,Paul,Clear,Angle,no,no,no,no,yes,False
101967030,METROPOLITAN NASHVILLE POLICE DEPT,20180303750,Davidson,Nashville,4/4/2018 7:38:00 PM,2,0,0,36.141790,-86.762130,2ND AVS,,,,0.00,,,HART ST,,,,0.00,Y,T-Intersection, ,Intersection,None,,,         ,Patrick,Martin,Clear,Angle,no,no,no,no,no,False
101967031,METROPOLITAN NASHVILLE POLICE DEPT,20180303806,Davidson,Nashville,4/4/2018 5:37:00 PM,2,1,0,36.170930,-86.869030,BRILEY PKWYN,,,,192.00,Feet,South,CENTENNIAL BLVD,,,,0.00,N,Not at Intersection,N,Entrance/Exit Ramp Related,None,,,         ,Torian,Cox,Clear,Angle,no,no,no,no,no,False
101967032,METROPOLITAN NASHVILLE POLICE DEPT,20180303624,Davidson,Nashville,4/4/2018 2:41:00 PM,2,0,0,36.183650,-86.610660,OLD HICKORY BLVD,,,,0.00,,,ANDREW JACKSON PKWY,,,,0.00,Y,OTHER,N,Non-Junction,None,,,         ,Keiara,Ward,Clear,Front to Rear,no,no,no,no,yes,False
101967060,METROPOLITAN NASHVILLE POLICE DEPT,20180303870,Davidson,Nashville,4/4/2018 8:38:00 PM,2,0,0,36.237160,-86.759220,I 65,,,,0.00,,,,,,,89.85,N,Not at Intersection,N,Non-Junction,None,,,         ,Christopher,Littles,Clear,Front to Rear,no,no,no,no,yes,False
101967061,METROPOLITAN NASHVILLE POLICE DEPT,20180303538,Davidson,Nashville,4/4/2018 6:05:00 PM,1,0,0,36.149540,-86.856910,ORLANDO AV,,,,0.00,,,,,,,0.00,,, ,Non-Junction,None,,,         ,John,Roberson,Clear,Not Collision with Motor Vehicle in Transport,no,no,no,yes,no,False
101967064,METROPOLITAN NASHVILLE POLICE DEPT,20180303228,Davidson,Nashville,4/4/2018 4:43:00 PM,2,0,0,36.140730,-86.732270,I 40,,,,0.00,,,,,,,213.00,N,Not at Intersection,N,Non-Junction,None,,,         ,Trenton,Searcy,Clear,Front to Rear,no,no,no,no,no,False
101967075,METROPOLITAN NASHVILLE POLICE DEPT,20180303863,Davidson,Nashville,4/4/2018 12:00:00 AM,2,0,0,36.201240,-86.751070,ELLINGTON PKWYN,,,,276.00,Feet,South,ELLINGTON PKWYS,,,,0.00,N,Not at Intersection,N,Non-Junction,None,,,         ,Gordon,Stovall,Clear,Front to Rear,no,no,no,no,yes,False
101967077,METROPOLITAN NASHVILLE POLICE DEPT,20180303858,Davidson,Nashville,4/4/2018 9:00:00 PM,2,0,0,36.173590,-86.602150,CENTRAL PKE,,,,0.00,Feet,East,OLD HICKORY BLVD,,,,0.00,N,Not at Intersection, ,Non-Junction,None,,,         ,Keiara,Ward,Clear,Angle,no,no,no,no,yes,False
101967100,METROPOLITAN NASHVILLE POLICE DEPT,2018-0303097,Davidson,Nashville,4/4/2018 3:29:00 PM,2,0,0,36.048010,-86.865310,OLD HICKORY BLVD,,,,312.00,Feet,East,CHICKERING WOOD DR,,,,0.00,N,Not at Intersection, ,Non-Junction,None,,,         ,Ryan,Allen,Clear,Front to Rear,no,no,no,no,no,False
101967101,METROPOLITAN NASHVILLE POLICE DEPT,2018-0303391,Davidson,Not in City Limit,4/4/2018 5:28:00 PM,1,1,0,36.044990,-86.981140,MCCRORY LN,,,,356.00,Feet,North,NATCHEZ POINTE DR,,,,0.00,N,Not at Intersection,N,Non-Junction,None,,,         ,Ryan,Allen,Clear,Not Collision with Motor Vehicle in Transport,no,no,no,no,no,False
101967116,METROPOLITAN NASHVILLE POLICE DEPT,20180303635,Davidson,Nashville,4/4/2018 7:00:00 PM,2,0,0,36.151370,-86.799330,20TH AVS,,,,0.00,Feet,East,WEST END AV,,,,0.00,N,Not at Intersection, ,Non-Junction,None,,,         ,Jacob,Paul,Clear,"Sideswipe, Same Direction",no,no,no,no,no,Campus
101967121,METROPOLITAN NASHVILLE POLICE DEPT,20180296832,Davidson,Nashville,4/2/2018 10:17:00 PM,1,0,1,36.044840,-86.662830,BELL RD,,,,387.00,Feet,West,CANE RIDGE RD,,,,0.00,N,Not at Intersection,N,Non-Junction,None,,,18-0194  ,Christopher,Augustin,Clear,Not Collision with Motor Vehicle in Transport,yes,no,no,no,no,False
101967122,METROPOLITAN NASHVILLE POLICE DEPT,20180296883,Davidson,Nashville,4/2/2018 10:46:00 PM,2,0,1,36.045480,-86.659040,I 24,,,,0.00,,,,,,,59.40,N,Not at Intersection,N,Non-Junction,Maintenance Zone,Intermittent Moving Work,Advanced Warning Area,18-0195  ,Christopher,Augustin,Clear,Front to Rear,no,no,no,no,no,False
101967137,METROPOLITAN NASHVILLE POLICE DEPT,20180303928,Davidson,Nashville,4/4/2018 5:00:00 PM,2,0,0,36.172930,-86.600940,CENTRAL PKE,,,,0.00,,,BURNING TREE DR,,,,0.00,Y,OTHER, ,Non-Junction,None,,,         ,Keiara,Ward,Clear,Angle,no,no,no,no,no,False
101967171,METROPOLITAN NASHVILLE POLICE DEPT,20180304019,Davidson,Nashville,4/4/2018 9:55:00 PM,3,0,0,36.114990,-86.724570,I 24,,,,0.00,,,,,,,53.30,N,Not at Intersection,N,Non-Junction,Construction Zone,Laneclosure,Before First Warning Area,         ,Eric,Keller,Clear,Front to Rear,no,no,no,no,no,False
101967182,METROPOLITAN NASHVILLE POLICE DEPT,20180303313,Davidson,Nashville,4/4/2018 4:44:00 PM,2,0,0,36.139560,-86.879950,CHARLOTTE PKE,,,,254.00,Feet,East,HILLWOOD BLVD,,,,0.00,N,Not at Intersection, ,Non-Junction,None,,,         ,Jeremy,Huffine,Clear,Angle,no,no,no,no,no,False
101967183,METROPOLITAN NASHVILLE POLICE DEPT,20180303985,Davidson,Nashville,4/4/2018 12:00:00 AM,3,2,0,36.151530,-86.786510,I 40,,,,0.00,,,,,,,209.50,N,Not at Intersection,N,Non-Junction,None,,,         ,Akira,McSwain,Clear,Front to Rear,no,no,no,no,yes,False
101967200,METROPOLITAN NASHVILLE POLICE DEPT,20180304205,Davidson,Nashville,4/4/2018 9:07:00 PM,2,0,0,36.158060,-86.629100,LAUER DR,,,,0.00,Feet,East,LARCHWOOD DR,,,,0.00,N,Not at Intersection, ,Non-Junction,None,,,         ,Joseph,Zambardi,Clear,"Sideswipe, Same Direction",no,no,no,no,no,False
101967216,METROPOLITAN NASHVILLE POLICE DEPT,20180304476,Davidson,Nashville,4/5/2018 1:43:00 AM,2,0,0,36.161020,-86.777200,BROADWAY,,,,0.00,,,4TH AVN,,,,0.00,Y,Four-Way,N,Intersection,None,,,         ,Daniel,Caruth,Clear,"Sideswipe, Same Direction",no,no,no,no,no,False
101967217,METROPOLITAN NASHVILLE POLICE DEPT,20180304439,Davidson,Nashville,4/5/2018 12:00:00 AM,1,0,0,36.216180,-86.689580,MCGAVOCK PKE,,,,143.00,Feet,West,PENNINGTON BEND RD,,,,0.00,N,Not at Intersection,N,Unknown,None,,,         ,Curtis,Fisher,Clear,Unknown,no,no,no,no,yes,False
101967218,METROPOLITAN NASHVILLE POLICE DEPT,20180304027,Davidson,Nashville,4/4/2018 9:34:00 PM,2,0,0,36.149130,-86.775370,I65 S ENT RAMP,,,,0.00,,,I 40,,,,0.00,Y,Y-Intersection, ,Intersection-Related,None,,,         ,Stephen,Waterman,Clear,"Sideswipe, Same Direction",no,no,no,no,no,False
101967231,METROPOLITAN NASHVILLE POLICE DEPT,20180304614,Davidson,Nashville,4/5/2018 12:00:00 AM,1,0,0,36.233280,-86.622410,BRANDYWINE DR,,,,311.00,Feet,South,MONTCHANIN RD,,,,0.00,N,Not at Intersection,N,Non-Junction,None,,,         ,Emily,Mulready,Clear,Not Collision with Motor Vehicle in Transport,no,no,no,no,yes,False
101967300,METROPOLITAN NASHVILLE POLICE DEPT,20180304900,Davidson,Nashville,4/5/2018 5:55:00 AM,2,0,0,36.183500,-86.610760,OLD HICKORY BLVD,,,,0.00,,,DODSON CHAPEL RD,,,,0.00,Y,Four-Way,N,Intersection,None,,,         ,Leonard,Spadavecchia,Clear,"Sideswipe, Same Direction",no,no,no,no,yes,False
101967312,METROPOLITAN NASHVILLE POLICE DEPT,20180304911,Davidson,Nashville,4/5/2018 6:02:00 AM,2,0,0,36.139000,-86.665800,DONELSON PKE,,,,0.00,,,I40 E ENT RAMP,,,,0.00,Y,T-Intersection, ,Intersection,None,,,         ,Ralph,Smith IV,Clear,Angle,no,no,no,no,no,False
101967322,METROPOLITAN NASHVILLE POLICE DEPT,20180304832,Davidson,Nashville,4/5/2018 12:00:00 AM,1,0,0,36.052010,-86.659500,HICKORY HOLLOW MALL PVTDR PL,,,,498.00,Feet,North,HICKORY HOLLOW PL,,,,0.00,N,Not at Intersection,N,Non-Junction,None,,,         ,David,Smith,Unknown,Not Collision with Motor Vehicle in Transport,no,no,no,yes,yes,False
101967346,METROPOLITAN NASHVILLE POLICE DEPT,20180304985,Davidson,Nashville,4/5/2018 7:03:00 AM,2,0,0,36.153640,-86.721570,SPENCE LN,,,,0.00,,,LEBANON PKE,,,,0.00,Y,Four-Way, ,Intersection-Related,None,,,         ,James,Curtis,Clear,Front to Rear,no,no,no,no,yes,False
101967365,METROPOLITAN NASHVILLE POLICE DEPT,20180305042,Davidson,Nashville,4/5/2018 7:35:00 AM,2,0,0,36.037400,-86.786570,OLD HICKORY BLVD,,,,0.00,,,FRANKLIN PKE,,,,0.00,Y,Four-Way, ,Intersection,None,,,         ,Earl,Davis,Clear,Front to Rear,no,no,no,no,no,False
101967379,METROPOLITAN NASHVILLE POLICE DEPT,20180305107,Davidson,Nashville,4/5/2018 7:50:00 AM,2,0,0,36.037970,-86.797770,OLD HICKORY BLVD,,,,0.00,,,WOODWARD HILLS PL,,,,0.00,Y,Four-Way, ,Intersection,None,,,         ,Earl,Davis,Clear,Front to Rear,no,no,no,no,no,False
101967380,METROPOLITAN NASHVILLE POLICE DEPT,20180305169,Davidson,Nashville,4/5/2018 8:22:00 AM,3,0,0,36.145730,-86.871180,CHARLOTTE PKE,,,,191.00,Feet,West,WESTBORO DR,,,,0.00,N,Not at Intersection, ,Non-Junction,None,,,         ,Curtis,Rich,Clear,Front to Rear,no,no,no,no,yes,False
101967385,METROPOLITAN NASHVILLE POLICE DEPT,20180305142,Davidson,Nashville,4/5/2018 7:45:00 AM,2,0,0,36.112370,-86.687770,MURFREESBORO PKE,,,,411.00,Feet,East,AIR FREIGHT BLVD,,,,0.00,N,Not at Intersection, ,Non-Junction,None,,,         ,Brian,Ewing,Clear,Front to Rear,no,no,no,no,no,False
101967394,METROPOLITAN NASHVILLE POLICE DEPT,20180305205,Davidson,Nashville,4/5/2018 8:35:00 AM,2,2,0,36.112390,-86.768020,THOMPSON LN,,,,0.00,,,W IRIS DR,,,,0.00,Y,Four-Way,N,Intersection,None,,,         ,Nathan,Kemp,Clear,Angle,no,no,no,no,no,False
101967403,METROPOLITAN NASHVILLE POLICE DEPT,20180305085,Davidson,Nashville,4/5/2018 7:55:00 AM,2,0,0,36.146500,-86.684370,MCGAVOCK PKE,,,,809.00,Feet,South,CENTURY BLVD,,,,0.00,N,Not at Intersection, ,Non-Junction,None,,,         ,Tien,Nguyen,Clear,"Sideswipe, Same Direction",no,no,no,no,no,False
101967421,METROPOLITAN NASHVILLE POLICE DEPT,20180305039,Davidson,Nashville,4/5/2018 7:35:00 AM,1,1,0,36.114450,-86.815910,WOODMONT BLVD,,,,38.00,Feet,East,23RD AVS,,,,0.00,N,Not at Intersection,N,Non-Junction,None,,,         ,Taylor,Hurley,Clear,Not Collision with Motor Vehicle in Transport,no,no,no,no,no,False
101967428,METROPOLITAN NASHVILLE POLICE DEPT,20180305078,Davidson,Nashville,4/5/2018 7:52:00 AM,2,0,0,36.076890,-86.725500,NOLENSVILLE PKE,,,,76.00,Feet,South,WALLACE RD,,,,0.00,N,Not at Intersection, ,Non-Junction,None,,,         ,Jessie,Meadows,Clear,Front to Rear,no,no,no,no,no,False
101967429,METROPOLITAN NASHVILLE POLICE DEPT,20180305171,Davidson,Antioch,4/5/2018 7:53:00 AM,1,0,0,36.023200,-86.644620,CANE RIDGE RD,,,,203.00,Feet,West,BLAIRFIELD DR,,,,0.00,N,Not at Intersection, ,Non-Junction,None,,,         ,Jessie,Meadows,Clear,Not Collision with Motor Vehicle in Transport,no,no,no,no,no,False
101967432,METROPOLITAN NASHVILLE POLICE DEPT,20180305066,Davidson,Nashville,4/5/2018 7:45:00 AM,2,0,0,36.109690,-86.671460,KNAPP BLVD,,,,0.00,,,DONELSON PKE,,,,0.00,Y,Four-Way, ,Intersection-Related,None,,,         ,Brian,Ewing,Clear,Angle,no,no,no,no,no,False
101967444,METROPOLITAN NASHVILLE POLICE DEPT,2018-0305190,Davidson,Nashville,4/5/2018 8:30:00 AM,1,0,0,36.068350,-86.718840,HAYWOOD LN,,,,96.00,Feet,East,NOLENSVILLE PKE,,,,0.00,N,Not at Intersection,N,Non-Junction,None,,,         ,Stanley,Collins,Unknown,Not Collision with Motor Vehicle in Transport,no,no,no,yes,yes,False