master_record_number,agency,agency_tracking_number,county,city,collision_date,vehicles_involved,number_injured,number_dead,latitude,longitude,roadway_name,roadway_suffix,roadway_number,roadway_local_id,distance_from_reference,miles-feet_indicator,direction_from_reference,intersection_road_name,intersection_road_name_suffix,intersection_road_number,intersection_local_id,mile_marker,intersection_indicator,intersect_type,interchange_related_indicator,relation_to_junction,work_zone_type,construction_maintenance_zone,construction_maintenance_zone_location,fatal_case_number,officer_first_name,officer_last_name,weather_condition(s),manner_of_crash,pedestrian,bicycle,scooter,parking,hitrun,mou
101968526,METROPOLITAN NASHVILLE POLICE DEPT,20180308584,Davidson,Nashville,4/6/2018 7:00:00 AM,2,0,0,36.078820,-86.952960,HIGHWAY 70S,,,,319.00,Feet,South,COLEY DAVIS RD,,,,0.00,N,Not at Intersection, ,Non-Junction,None,,,         ,Walter,Gray II,Cloudy,Other,no,no,no,yes,no,False
101968528,GOODLETTSVILLE POLICE DEPT,18-12456,Davidson,Goodlettsville,4/6/2018 6:41:00 AM,2,1,0,36.309750,-86.688480,VIETNAM VETERANS BLVDS,,,,658.00,Feet,South,VIETNAM VETERANS BLVD SB EXT R,,,,0.00,N,Not at Intersection,N,Non-Junction,None,,,         ,George,Forbes,Clear,Front to Rear,no,no,no,no,no,False
101968532,MOUNT JULIET POLICE DEPT,18-10552,Davidson,Nashville,4/6/2018 7:30:00 AM,1,0,0,36.216950,-86.583230,MATTERHORN DR,,,,50.00,Feet,North,LEBANON RD,,,,0.00,N,Not at Intersection, ,Non-Junction,None,,,         ,Jacob,Dean,Cloudy,Not Collision with Motor Vehicle in Transport,no,no,no,yes,no,False
101968534,METROPOLITAN NASHVILLE POLICE DEPT,20180308534,Davidson,Nashville,4/6/2018 6:55:00 AM,2,0,0,36.047390,-86.656140,BELL RD,,,,82.00,Feet,West,HICKORY HOLLOW PKWY,,,,0.00,N,Not at Intersection, ,Non-Junction,None,,,         ,Jessie,Meadows,Clear,"Sideswipe, Same Direction",no,no,no,no,no,False
101968535,METROPOLITAN NASHVILLE POLICE DEPT,20180308573,Davidson,Nashville,4/6/2018 7:10:00 AM,2,0,0,36.081370,-86.687050,ANTIOCH PKE,,,,84.00,Feet,West,ANTIOCH CT,,,,0.00,N,Not at Intersection, ,Non-Junction,None,,,         ,Jessie,Meadows,Clear,"Sideswipe, Same Direction",no,no,no,no,no,False
101968539,METROPOLITAN NASHVILLE POLICE DEPT,20180308687,Davidson,Nashville,4/6/2018 8:00:00 AM,2,0,0,36.235080,-86.670390,NEELYS BEND RD,,,,0.00,,,NAWAKWA TRL,,,,0.00,Y,OTHER,N,Non-Junction,None,,,         ,Eric,Richardson,Cloudy,"Sideswipe, Same Direction",no,no,no,no,yes,False
101968573,METROPOLITAN NASHVILLE POLICE DEPT,20180306863,Davidson,Nashville,4/5/2018 6:14:00 PM,2,1,0,36.151480,-86.673940,ELM HILL PKE,,,,0.00,Feet,,ELM HILL PKE,,,,0.00,Y,T-Intersection,N,Intersection,None,,,         ,William,Waters,Clear,Angle,no,no,no,no,yes,False
101968579,METROPOLITAN NASHVILLE POLICE DEPT,20180308639,Davidson,Nashville,4/6/2018 7:40:00 AM,2,0,0,36.187960,-86.798280,DOMINICAN DR,,,,60.00,Feet,East,ROSA L PARKS BLVD,,,,0.00,N,Not at Intersection, ,Non-Junction,None,,,         ,Ryan,McManman,Cloudy,Angle,no,no,no,no,no,False
101968581,GOODLETTSVILLE POLICE DEPT,18-12461,Davidson,Goodlettsville,4/6/2018 7:34:00 AM,5,1,0,36.306400,-86.694110,CONFERENCE DR,,,,174.00,Feet,South,VIETNAM VETERANS BLVD NB ENT R,,,,0.00,N,Not at Intersection,N,Non-Junction,None,,,         ,George,Forbes,Clear,"Sideswipe, Same Direction",no,no,no,no,no,False
101968593,METROPOLITAN NASHVILLE POLICE DEPT,20180308606,Davidson,Nashville,4/6/2018 7:22:00 AM,2,0,0,36.121320,-86.764170,I 440,,,,0.00,,,,,,,5.55,N,Not at Intersection,N,Non-Junction,None,,,         ,Nathan,Smith,Rain,"Sideswipe, Same Direction",no,no,no,no,no,False
101968644,METROPOLITAN NASHVILLE POLICE DEPT,20180308855,Davidson,Nashville,4/6/2018 9:08:00 AM,3,0,0,36.157940,-86.799720,18TH AVN,,,,73.00,Feet,South,CHARLOTTE AV,,,,0.00,N,Not at Intersection, ,Non-Junction,None,,,         ,Kaleb,Stella,Cloudy,Front to Rear,no,no,no,no,no,False
101968692,METROPOLITAN NASHVILLE POLICE DEPT,20180308931,Davidson,Nashville,4/6/2018 9:37:00 AM,2,1,0,36.149610,-86.743100,FESSLERS LN,,,,167.00,Feet,North,FESSLERS PKWY,,,,0.00,N,Not at Intersection,N,Non-Junction,None,,,         ,John,Petriello,Rain,Front to Rear,no,no,no,no,no,False
101968695,METROPOLITAN NASHVILLE POLICE DEPT,20180308962,Davidson,Nashville,4/6/2018 9:34:00 AM,1,0,0,36.080010,-86.720180,RECOVERY RD,,,,348.00,Feet,North,WALLACE RD,,,,0.00,N,Not at Intersection,N,Non-Junction,None,,,         ,Todd,Watson,Rain,Not Collision with Motor Vehicle in Transport,no,no,no,no,no,False
101968708,METROPOLITAN NASHVILLE POLICE DEPT,20180309078,Davidson,Nashville,4/6/2018 10:22:00 AM,2,1,0,36.142190,-86.666570,I40 W EXT RAMP,,,,0.00,,,DONELSON PKE,,,,0.00,Y,T-Intersection,N,Entrance/Exit Ramp Related,None,,,         ,James,Curtis,Cloudy,Front to Rear,no,no,no,no,no,False
101968716,METROPOLITAN NASHVILLE POLICE DEPT,20180309066,Davidson,Nashville,4/6/2018 10:15:00 AM,2,0,0,36.167660,-86.663320,LEBANON PKE,,,,0.00,,,DONELSON PKE,,,,0.00,Y,T-Intersection, ,Intersection,None,,,         ,Lee,Davis,Cloudy,"Sideswipe, Same Direction",no,no,no,no,no,False
101968717,METROPOLITAN NASHVILLE POLICE DEPT,20180308873,Davidson,Nashville,4/6/2018 9:15:00 AM,2,0,0,36.146000,-86.816390,31ST AVN,,,,142.00,Feet,South,BURCH AV,,,,0.00,N,Not at Intersection, ,Non-Junction,None,,,         ,Jon,Mcvey,Cloudy,Front to Rear,no,no,no,no,no,False
101968718,METROPOLITAN NASHVILLE POLICE DEPT,20180309198,Davidson,Nashville,4/6/2018 10:50:00 AM,2,0,0,36.137640,-86.726770,I 24,,,,0.00,,,,,,,52.35,N,Not at Intersection, ,Non-Junction,None,,,         ,Ronald,Bright,Rain,Front to Rear,no,no,no,no,no,False
101968719,METROPOLITAN NASHVILLE POLICE DEPT,20180308964,Davidson,Nashville,4/6/2018 9:53:00 AM,2,0,0,36.156450,-86.631310,STEWARTS FERRY PKE,,,,0.00,,,I40 W ENT RAMP,,,,0.00,Y,Four-Way, ,Intersection-Related,None,,,         ,James,Curtis,Cloudy,Front to Rear,no,no,no,no,yes,False
101968726,METROPOLITAN NASHVILLE POLICE DEPT,20180308979,Davidson,Nashville,4/6/2018 10:03:00 AM,2,0,0,36.134680,-86.726760,I 24,,,,0.00,,,,,,,52.15,N,Not at Intersection,N,Non-Junction,None,,,         ,Jessie,Meadows,Clear,"Sideswipe, Same Direction",no,no,no,no,no,False
101968727,METROPOLITAN NASHVILLE POLICE DEPT,20180309293,Davidson,Nashville,4/6/2018 11:20:00 AM,2,2,0,36.089490,-86.697240,METROPLEX DR,,,,1025.00,Feet,North,ANTIOCH PKE,,,,0.00,N,Not at Intersection,N,Non-Junction,None,,,         ,Jessie,Meadows,Rain,Front to Rear,no,no,no,no,no,False
101968732,METROPOLITAN NASHVILLE POLICE DEPT,20180308772,Davidson,Nashville,4/6/2018 8:37:00 AM,2,2,0,36.192320,-86.616300,JUAREZ DR,,,,0.00,,,OLD HICKORY BLVD,,,,0.00,Y,T-Intersection,N,Intersection,None,,,         ,James,Curtis,Cloudy,Angle,no,no,no,no,no,False
101968736,METROPOLITAN NASHVILLE POLICE DEPT,20180309274,Davidson,Nashville,4/6/2018 11:07:00 AM,2,0,0,36.156640,-86.631070,I40 W EXT RAMP,,,,99.00,Feet,East,I 40,,,,0.00,N,Not at Intersection, ,Non-Junction,None,,,         ,Zachary,Scott,Cloudy,Front to Rear,no,no,no,no,no,False
101968737,VANDERBILT UNIVERSITY POLICE,20180309061,Davidson,Nashville,4/6/2018 10:30:00 AM,2,0,0,36.139170,-86.807000,CHILDRENS WAY,,,,0.00,,,25TH AVS,,,,0.00,Y,Four-Way,N,Intersection,None,,,         ,Karl,Haury,Cloudy,"Sideswipe, Same Direction",no,no,no,no,no,Campus
101968755,METROPOLITAN NASHVILLE POLICE DEPT,20180309395,Davidson,Nashville,4/6/2018 11:45:00 AM,2,0,0,36.249140,-86.719590,GALLATIN PKES,,,,105.00,Feet,South,E PALESTINE AV,,,,0.00,N,Not at Intersection, ,Non-Junction,None,,,         ,Brian,Otto,Cloudy,Angle,no,no,no,no,no,False
101968769,METROPOLITAN NASHVILLE POLICE DEPT,20180309419,Davidson,Nashville,4/6/2018 12:08:00 PM,2,1,0,36.096150,-86.737670,NOLENSVILLE PKE,,,,0.00,,,ALLIED DR,,,,0.00,Y,T-Intersection,N,Intersection,None,,,         ,Raymond,Flaherty,Cloudy,Front to Rear,no,no,no,no,no,False
101968806,METROPOLITAN NASHVILLE POLICE DEPT,20180309447,Davidson,Nashville,4/6/2018 12:00:00 AM,2,0,0,36.176740,-86.784550,2ND AVN,,,,0.00,,,MADISON ST,,,,0.00,Y,Four-Way,N,Intersection-Related,None,,,         ,Johnathan,Carlisle,Cloudy,Unknown,no,no,no,no,yes,False
101968819,METROPOLITAN NASHVILLE POLICE DEPT,20180302732,Davidson,Nashville,4/4/2018 1:41:00 PM,2,0,0,36.176881,-86.776182,SPRING STREET,,,,90.00,Feet,West,NORTH 1ST STREET,,,,0.00,N,Not at Intersection,N,Non-Junction,None,,,         ,William,Vincion,Clear,Angle,no,no,no,no,no,False
101968833,METROPOLITAN NASHVILLE POLICE DEPT,20180308909,Davidson,Nashville,4/6/2018 9:28:00 AM,2,2,0,36.202570,-86.600950,NETHERLANDS DR,,,,545.00,Feet,West,MERCER DR,,,,0.00,N,Not at Intersection,N,Non-Junction,None,,,         ,Scott,Toney,Rain,Front to Rear,no,no,no,no,yes,False
101968834,METROPOLITAN NASHVILLE POLICE DEPT,20180309225,Davidson,Nashville,4/6/2018 10:25:00 AM,3,0,0,36.089440,-86.642950,NASHBORO BLVD,,,,90.00,Feet,West,LONGHUNTER CT,,,,0.00,N,Not at Intersection,N,Non-Junction,None,,,         ,Scott,Toney,Rain,Front to Rear,no,no,no,no,yes,False
101968927,METROPOLITAN NASHVILLE POLICE DEPT,20180309445,Davidson,Nashville,4/6/2018 12:25:00 PM,2,0,0,36.134280,-86.774730,WEDGEWOOD AV,,,,0.00,,,I65 N ENT RAMP,,,,0.00,Y,Four-Way, ,Intersection-Related,None,,,         ,Jon,Mcvey,Cloudy,"Sideswipe, Same Direction",no,no,no,no,no,False
101968928,METROPOLITAN NASHVILLE POLICE DEPT,20180309487,Davidson,Nashville,4/6/2018 1:00:00 PM,2,0,0,36.153260,-86.764870,I 40,,,,0.00,,,,,,,210.70,N,Not at Intersection,N,Non-Junction,None,,,         ,Jessie,Meadows,Clear,"Sideswipe, Same Direction",no,no,no,no,no,False
101969044,METROPOLITAN NASHVILLE POLICE DEPT,20180309624,Davidson,Nashville,4/6/2018 1:44:00 PM,2,0,0,36.155010,-86.627110,STEWARTS FERRY PKE,,,,0.00,,,I40 E EXT RAMP,,,,0.00,Y,Four-Way,N,Intersection,None,,,         ,James,Curtis,Cloudy,Angle,no,no,no,no,no,False
101969057,METROPOLITAN NASHVILLE POLICE DEPT,20180309701,Davidson,Nashville,4/6/2018 1:15:00 PM,2,0,0,36.132900,-86.796080,PORTLAND AV,,,,63.00,Feet,West,BELMONT BLVD,,,,0.00,N,Not at Intersection, ,,None,,,         ,Jon,Mcvey,,,no,no,no,no,no,False
101969060,METROPOLITAN NASHVILLE POLICE DEPT,20180309595,Davidson,Nashville,4/6/2018 1:13:00 PM,2,0,0,36.174930,-86.756630,S 9TH ST,,,,0.00,,,WOODLAND ST,,,,0.00,Y,T-Intersection,N,Intersection,None,,,         ,William,Clemons,Cloudy,"Sideswipe, Opposite Direction",no,no,no,no,yes,False
101969083,METROPOLITAN NASHVILLE POLICE DEPT,20180309795,Davidson,Nashville,4/6/2018 2:40:00 PM,1,0,0,36.185110,-86.636970,LEBANON PKE,,,,156.00,Feet,West,JACKSON DOWNS BLVD,,,,0.00,N,Not at Intersection, ,Non-Junction,None,,,         ,Brady,Reynolds,Cloudy,Not Collision with Motor Vehicle in Transport,no,no,no,no,no,False
101969095,METROPOLITAN NASHVILLE POLICE DEPT,20180309734,Davidson,Nashville,4/6/2018 2:30:00 PM,2,0,0,36.045480,-86.647290,CROSSINGS BLVD,,,,0.00,,,MT VIEW RD,,,,0.00,Y,Four-Way, ,,None,,,         ,Hillary,Sherman,,,no,no,no,no,no,False
101969152,METROPOLITAN NASHVILLE POLICE DEPT,20180309743,Davidson,Nashville,4/6/2018 2:54:00 PM,2,1,0,36.176740,-86.772400,SPRING ST,,,,25.00,Feet,South,I24 W EXT RAMP,,,,0.00,N,Not at Intersection, ,Entrance/Exit Ramp Related,None,,,         ,Robert,Schohn,Cloudy,Front to Rear,no,no,no,no,no,False
101969154,METROPOLITAN NASHVILLE POLICE DEPT,20180309702,Davidson,Nashville,4/6/2018 2:28:00 PM,2,0,0,36.241960,-86.757110,BRILEY PKWY W ENT RAMP,,,,0.00,,,DICKERSON PKE ENT RAMP,,,,0.00,Y,Four-Way,N,Intersection-Related,None,,,         ,Christopher,Littles,Clear,Angle,no,no,no,no,no,False
101969161,METROPOLITAN NASHVILLE POLICE DEPT,20180309841,Davidson,Nashville,4/6/2018 3:25:00 PM,2,0,0,36.161850,-86.785320,YMCA WAY,,,,0.00,,,ROSA L PARKS BLVD EXT RAMP,,,,0.00,Y,Y-Intersection, ,Entrance/Exit Ramp Related,None,,,         ,Roy,Sain Jr.,Cloudy,"Sideswipe, Same Direction",no,no,no,no,no,False
101969165,METROPOLITAN NASHVILLE POLICE DEPT,20180309941,Davidson,Nashville,4/6/2018 3:55:00 PM,2,0,0,36.142340,-86.709700,I 40,,,,0.00,,,,,,,214.20,N,Not at Intersection,N,Non-Junction,None,,,         ,Brady,Reynolds,Rain,Front to Rear,no,no,no,no,no,False
101969171,GOODLETTSVILLE POLICE DEPT,18-12501,Davidson,Goodlettsville,4/6/2018 3:50:00 PM,2,1,0,36.298260,-86.713120,I 65,,,,0.00,,,,,,,95.00,N,Not at Intersection,N,Non-Junction,None,,,         ,George,Forbes,Cloudy,Front to Rear,no,no,no,no,no,False
101969190,METROPOLITAN NASHVILLE POLICE DEPT,20180309889,Davidson,Nashville,4/6/2018 3:42:00 PM,2,0,0,36.052570,-86.671250,I 24,,,,0.00,,,,,,,58.55,N,Not at Intersection,N,Non-Junction,None,,,         ,William,Durham,Cloudy,Front to Rear,no,no,no,no,no,False
101969218,METROPOLITAN NASHVILLE POLICE DEPT,20180309952,Davidson,Nashville,4/6/2018 3:45:00 PM,2,0,0,36.211910,-86.844170,FAIRVIEW DR,,,,143.00,Feet,West,SOUTHVIEW DR,,,,0.00,N,Not at Intersection, ,Non-Junction,None,,,         ,Bryan,Musgrave,Rain,Angle,no,no,no,no,no,False
101969241,METROPOLITAN NASHVILLE POLICE DEPT,20180309950,Davidson,Nashville,4/6/2018 12:00:00 AM,2,0,0,36.167500,-86.820670,28TH AVN,,,,106.00,Feet,South,JEFFERSON ST,,,,0.00,N,Not at Intersection, ,Non-Junction,None,,,         ,Melvin,Taylor,Clear,Angle,no,no,no,no,no,False
101969243,METROPOLITAN NASHVILLE POLICE DEPT,20180309900,Davidson,Nashville,4/6/2018 3:43:00 PM,2,1,0,36.082710,-86.710360,HARDING PL,,,,45.00,Feet,East,TAMPA DR,,,,0.00,N,Not at Intersection,N,Non-Junction,None,,,         ,YUNUS,ADAK,Rain,Front to Rear,no,no,no,no,no,False
101969246,METROPOLITAN NASHVILLE POLICE DEPT,20180309966,Davidson,Nashville,4/6/2018 4:05:00 PM,2,1,0,36.088240,-86.790000,BATTERY LN,,,,137.00,Feet,West,LORING CT,,,,0.00,N,Not at Intersection,N,Non-Junction,None,,,         ,Gregory,Scott,Rain,Front to Rear,no,no,no,no,no,False
101969259,METROPOLITAN NASHVILLE POLICE DEPT,20180310023,Davidson,Nashville,4/6/2018 4:25:00 PM,2,0,0,36.240660,-86.785470,I24 W ENT RAMP,,,,0.00,,,I 24,,,,0.00,Y,Y-Intersection, ,Entrance/Exit Ramp Related,None,,,         ,Christopher,Littles,Rain,Front to Rear,no,no,no,no,no,False
101969260,METROPOLITAN NASHVILLE POLICE DEPT,20180310104,Davidson,Not in City Limit,4/6/2018 4:35:00 PM,2,0,0,36.259210,-86.738280,I 65,,,,0.00,,,,,,,91.90,N,Not at Intersection,N,Non-Junction,None,,,         ,Christopher,Littles,Rain,Front to Rear,no,no,no,no,yes,False
101969262,METROPOLITAN NASHVILLE POLICE DEPT,20180310060,Davidson,Nashville,4/6/2018 4:45:00 PM,2,0,0,36.086170,-86.699560,HARDING PL,,,,278.00,Feet,West,I24 W ENT RAMP,,,,0.00,N,Not at Intersection, ,Non-Junction,None,,,         ,Eric,Keller,Rain,Front to Rear,no,no,no,no,no,False
101969289,METROPOLITAN NASHVILLE POLICE DEPT,20180310132,Davidson,Nashville,4/6/2018 5:04:00 PM,2,0,0,36.073750,-86.622310,ANDERSON RD,,,,0.00,,,CEDARCLIFF RD,,,,0.00,Y,Four-Way, ,,None,,,         ,Hillary,Sherman,,,no,no,no,no,no,False
101969290,METROPOLITAN NASHVILLE POLICE DEPT,20180310044,Davidson,Nashville,4/6/2018 4:22:00 PM,3,0,0,36.160340,-86.786630,CHURCH ST,,,,203.00,Feet,West,10TH AVN,,,,0.00,N,Not at Intersection,N,Non-Junction,None,,,         ,Roy,Sain Jr.,Rain,Front to Rear,no,no,no,no,no,False
101969304,METROPOLITAN NASHVILLE POLICE DEPT,20180310235,Davidson,Nashville,4/6/2018 5:30:00 PM,4,1,0,36.109170,-86.726750,BRILEY PKWYN,,,,390.00,Feet,East,BRILEY PKWYS,,,,0.00,N,Not at Intersection,N,Non-Junction,None,,,         ,Eric,Keller,Rain,Front to Rear,no,no,no,no,no,False
101969305,METROPOLITAN NASHVILLE POLICE DEPT,20180310064,Davidson,Nashville,4/6/2018 4:35:00 PM,2,0,0,36.069030,-86.693970,APACHE TRL,,,,191.00,Feet,North,HAYWOOD SQUARE PVTDR,,,,0.00,N,Not at Intersection, ,Non-Junction,None,,,         ,Richard,Olive,Rain,Angle,no,no,no,no,no,False
101969306,METROPOLITAN NASHVILLE POLICE DEPT,20180310177,Davidson,Nashville,4/6/2018 5:12:00 PM,2,0,0,36.158830,-86.776270,DEMONBREUN ST,,,,126.00,Feet,West,4TH AVS,,,,0.00,N,Not at Intersection, ,Non-Junction,None,,,         ,Kevin,Johnson,Rain,Front to Rear,no,no,no,no,no,False
101969308,METROPOLITAN NASHVILLE POLICE DEPT,20180310118,Davidson,Nashville,4/6/2018 4:55:00 PM,2,0,0,36.153760,-86.788060,DEMONBREUN ST,,,,30.00,Feet,South,I40 E ENT RAMP,,,,0.00,N,Not at Intersection, ,Non-Junction,None,,,         ,Conor,Cronin,Rain,Angle,no,no,no,no,no,False
101969311,BERRY HILL POLICE DEPT,18-1114,Davidson,Berry Hill,4/6/2018 6:00:00 PM,2,0,0,36.112710,-86.772100,I 65,,,,0.00,,,,,,,80.00,N,Not at Intersection, ,Non-Junction,None,,,         ,Stephen,Reece,Rain,Front to Rear,no,no,no,no,no,False
101969316,METROPOLITAN NASHVILLE POLICE DEPT,20180310265,Davidson,Nashville,4/6/2018 12:00:00 AM,2,0,0,36.164010,-86.796910,CLINTON ST,,,,46.00,Feet,West,14TH AVN,,,,0.00,N,Not at Intersection, ,Non-Junction,None,,,         ,Melvin,Taylor,Rain,"Sideswipe, Opposite Direction",no,no,no,no,no,False
101969317,METROPOLITAN NASHVILLE POLICE DEPT,20180310371,Davidson,Nashville,4/6/2018 6:23:00 PM,2,0,0,36.183790,-86.748130,EASTLAND AV,,,,73.00,Feet,East,GALLATIN AV,,,,0.00,N,Not at Intersection, ,Non-Junction,None,,,         ,Tyler,Adcock,Rain,Angle,no,no,no,no,no,False
101969323,METROPOLITAN NASHVILLE POLICE DEPT,20180310324,Davidson,Nashville,4/6/2018 6:05:00 PM,2,0,0,36.039950,-86.649440,I 24,,,,0.00,,,,,,,60.05,N,Not at Intersection,N,Non-Junction,None,,,         ,Arend,Groeneweg,Rain,"Sideswipe, Same Direction",no,no,no,no,no,False
101969346,METROPOLITAN NASHVILLE POLICE DEPT,20180310348,Davidson,Nashville,4/6/2018 6:05:00 PM,2,0,0,36.115670,-86.780780,I65 ENT RAMP,,,,0.00,Feet,East,I 440,,,,0.00,N,Not at Intersection,N,Non-Junction,None,,,         ,Gregory,Scott,Rain,Front to Rear,no,no,no,no,no,False
101969350,METROPOLITAN NASHVILLE POLICE DEPT,20180310076,Davidson,Nashville,4/6/2018 4:49:00 PM,4,0,0,36.164210,-86.762850,I 24,,,,0.00,,,,,,,49.15,N,Not at Intersection, ,Non-Junction,None,,,         ,Barrett,Teague,Rain,Front to Rear,no,no,no,no,no,False
101969353,METROPOLITAN NASHVILLE POLICE DEPT,20180310088,Davidson,Nashville,4/6/2018 4:55:00 PM,2,1,0,36.161890,-86.775170,2ND AVS,,,,0.00,,,2ND AVN,,,,0.00,Y,Four-Way,N,Intersection,None,,,         ,Robert,Schohn,Rain,"Sideswipe, Same Direction",no,no,no,no,no,False
101969355,METROPOLITAN NASHVILLE POLICE DEPT,20180310289,Davidson,Nashville,4/6/2018 5:07:00 PM,2,0,0,36.176880,-86.776180,SPRING ST,,,,0.00,,,COWAN ST,,,,0.00,Y,Four-Way, ,Intersection,None,,,         ,Jason,King,Rain,Front to Rear,no,no,no,no,no,False
101969357,METROPOLITAN NASHVILLE POLICE DEPT,20180310432,Davidson,Not in City Limit,4/6/2018 6:10:00 PM,2,0,0,36.021380,-86.711380,NOLENSVILLE PKE,,,,0.00,,,BIENVILLE DR,,,,0.00,Y,T-Intersection, ,Non-Junction,None,,,         ,Eric,Keller,Rain,Front to Rear,no,no,no,no,no,False
101969358,METROPOLITAN NASHVILLE POLICE DEPT,20180310045,Davidson,Nashville,4/6/2018 4:30:00 PM,2,1,0,36.191120,-86.797200,VANTAGE WAY,,,,0.00,,West,FRENCH LANDING DR,,,,0.00,N,Not at Intersection,N,Non-Junction,None,,,         ,Paxton,Montgomery,Rain,Front to Rear,no,no,no,no,no,False
101969363,METROPOLITAN NASHVILLE POLICE DEPT,20180310049,Davidson,Nashville,4/6/2018 4:41:00 PM,2,1,0,36.120440,-86.773450,I 65,,,,0.00,,,,,,,80.50,N,Not at Intersection,N,Non-Junction,None,,,         ,Gary,Peters,Rain,Front to Rear,no,no,no,no,no,False
101969369,METROPOLITAN NASHVILLE POLICE DEPT,20180310453,Davidson,Nashville,4/6/2018 5:37:00 PM,2,0,0,36.160240,-86.773140,1ST AVS,,,,0.00,,,DEMONBREUN ST,,,,0.00,Y,T-Intersection,N,Intersection,None,,,         ,David,Lang,Rain,Front to Rear,no,no,no,no,no,False
101969371,METROPOLITAN NASHVILLE POLICE DEPT,20180310512,Davidson,Nashville,4/6/2018 7:13:00 PM,2,0,0,36.153270,-86.788180,I40 E ENT RAMP,,,,0.00,Feet,East,I 40,,,,0.00,N,Not at Intersection, ,Non-Junction,None,,,         ,Jed,Baldoni,Rain,Angle,no,no,no,no,no,False
101969373,METROPOLITAN NASHVILLE POLICE DEPT,20180310068,Davidson,Nashville,4/6/2018 4:48:00 PM,3,2,0,36.206500,-86.776480,W TRINITY LN,,,,10.00,Feet,South,I65 S ENT RAMP,,,,0.00,N,Not at Intersection,N,Non-Junction,None,,,         ,Janelle,Keslar,Rain,Other,no,no,no,no,no,False
101969380,METROPOLITAN NASHVILLE POLICE DEPT,20180310382,Davidson,Nashville,4/6/2018 6:23:00 PM,2,0,0,36.091100,-86.625590,BELL RD,,,,387.00,Feet,North,SMITH SPRINGS RD,,,,0.00,N,Not at Intersection,N,Non-Junction,None,,,         ,Kimberly,Annson,Rain,"Sideswipe, Same Direction",no,no,no,no,no,False
101969382,METROPOLITAN NASHVILLE POLICE DEPT,20180310217,Davidson,Nashville,4/6/2018 5:19:00 PM,2,0,0,36.042230,-86.653420,I 24,,,,0.00,,,,,,,59.80,N,Not at Intersection, ,Non-Junction,None,,,         ,Andrew,Brazee,Rain,Front to Rear,no,no,no,no,no,False
101969383,GOODLETTSVILLE POLICE DEPT,18-12081,Davidson,Goodlettsville,4/3/2018 4:20:00 PM,4,3,0,36.300990,-86.710670,I 65,,,,0.00,,,,,,,95.25,N,Not at Intersection,N,Non-Junction,None,,,         ,Charles,Hauskin,Clear,Front to Rear,no,no,no,no,no,False
101969396,METROPOLITAN NASHVILLE POLICE DEPT,20180309799,Davidson,Nashville,4/6/2018 2:36:00 PM,1,0,0,36.082760,-86.697890,I 24,,,,0.00,,,,,,,56.00,N,Not at Intersection,N,Non-Junction,None,,,         ,Melissa,Flores,Clear,Not Collision with Motor Vehicle in Transport,no,no,no,no,no,False
101969397,METROPOLITAN NASHVILLE POLICE DEPT,20180310253,Davidson,Nashville,4/6/2018 3:25:00 PM,2,0,0,36.173590,-86.602150,CENTRAL PKE,,,,0.00,Feet,East,OLD HICKORY BLVD,,,,0.00,N,Not at Intersection, ,Intersection,None,,,         ,Cesar,Rocha,Rain,Front to Rear,no,no,no,no,no,False
101969402,METROPOLITAN NASHVILLE POLICE DEPT,20180310490,Davidson,Not in City Limit,4/6/2018 6:50:00 PM,2,0,0,36.076800,-87.026500,I 40,,,,0.00,,,,,,,192.20,N,Not at Intersection,N,Non-Junction,None,,,         ,John,Hoesli,Clear,"Sideswipe, Same Direction",no,no,no,no,yes,False
101969404,METROPOLITAN NASHVILLE POLICE DEPT,20180310657,Davidson,Nashville,4/6/2018 7:45:00 PM,1,0,0,36.024970,-86.742390,EDMONDSON PKE,,,,246.00,Feet,North,MT PISGAH RD,,,,0.00,N,Not at Intersection,N,Non-Junction,None,,,         ,Brandon,Hughes,Clear,Not Collision with Motor Vehicle in Transport,no,no,no,no,no,False
101969407,METROPOLITAN NASHVILLE POLICE DEPT,20180310520,Davidson,Not in City Limit,4/6/2018 7:15:00 PM,2,0,0,36.263910,-86.711620,GALLATIN PKEN,,,,36.00,Feet,North,OLD TIME VILLAGE PVTDR,,,,0.00,N,Not at Intersection,N,Non-Junction,None,,,         ,Brittani,Campbell,Rain,Angle,no,no,no,no,yes,False
101969410,METROPOLITAN NASHVILLE POLICE DEPT,20180310614,Davidson,Nashville,4/6/2018 5:16:00 PM,2,0,0,36.136210,-86.795710,MAGNOLIA BLVD,,,,212.00,Feet,West,WEDGEWOOD AV,,,,0.00,N,Not at Intersection, ,,None,,,         ,FELIKS,ABRAHAMYAN,,,no,no,no,no,no,False
101969428,METROPOLITAN NASHVILLE POLICE DEPT,20180310480,Davidson,Nashville,4/6/2018 6:45:00 PM,2,0,0,36.123840,-86.826560,WOODLAWN DR,,,,0.00,,,BOWLING AV,,,,0.00,Y,Four-Way,N,Intersection,None,,,         ,Robert,Crow,Rain,Front to Rear,no,no,no,no,no,False
101969430,METROPOLITAN NASHVILLE POLICE DEPT,20180310149,Davidson,Nashville,4/6/2018 4:48:00 PM,2,0,0,36.124760,-86.735100,I 440,,,,0.00,,,,,,,7.10,N,Not at Intersection, ,Non-Junction,None,,,         ,YUNUS,ADAK,Cloudy,Front to Rear,no,no,no,no,no,False
101969434,METROPOLITAN NASHVILLE POLICE DEPT,20180310706,Davidson,Nashville,4/6/2018 8:15:00 PM,2,0,0,36.188480,-86.775380,I 24,,,,0.00,,,,,,,47.00,N,Not at Intersection, ,Non-Junction,None,,,         ,Kevin,Clausius,Cloudy,Angle,no,no,no,no,no,False