master_record_number,agency,agency_tracking_number,county,city,collision_date,vehicles_involved,number_injured,number_dead,latitude,longitude,roadway_name,roadway_suffix,roadway_number,roadway_local_id,distance_from_reference,miles-feet_indicator,direction_from_reference,intersection_road_name,intersection_road_name_suffix,intersection_road_number,intersection_local_id,mile_marker,intersection_indicator,intersect_type,interchange_related_indicator,relation_to_junction,work_zone_type,construction_maintenance_zone,construction_maintenance_zone_location,fatal_case_number,officer_first_name,officer_last_name,weather_condition(s),manner_of_crash,pedestrian,bicycle,scooter,parking,hitrun,mou
101970278,METROPOLITAN NASHVILLE POLICE DEPT,20180312948,Davidson,Nashville,4/7/2018 4:25:00 PM,2,2,0,36.188220,-86.629320,LEBANON PKE,,,,0.00,,,HICKORY HILL LN,,,,0.00,Y,T-Intersection,N,Non-Junction,None,,,         ,Zachariah,Bush,Cloudy,HeadOn,no,no,no,no,no,False
101970279,METROPOLITAN NASHVILLE POLICE DEPT,20180312727,Davidson,Nashville,4/7/2018 2:22:00 PM,2,1,0,36.047070,-86.647990,MT VIEW RD,,,,0.00,Feet,,BELL FORGE LNE,,,,0.00,Y,Four-Way,Y,Intersection,None,,,         ,Andrew,Brazee,Cloudy,Angle,no,no,no,no,no,False
101970280,METROPOLITAN NASHVILLE POLICE DEPT,20180312763,Davidson,Not in City Limit,4/7/2018 3:00:00 PM,4,0,0,36.275760,-86.735250,I 65,,,,0.00,,,,,,,93.00,N,Not at Intersection,N,Non-Junction,None,,,         ,Michael,Thompson,Cloudy,Front to Rear,no,no,no,no,no,False
101970290,METROPOLITAN NASHVILLE POLICE DEPT,20180312876,Davidson,Antioch,4/7/2018 3:53:00 PM,1,1,0,36.028450,-86.590580,MURFREESBORO PKE,,,,47.00,Feet,North,LAVERGNE COUCHVILLE PKE,,,,0.00,N,Not at Intersection,N,Non-Junction,None,,,         ,Andrew,Brazee,Cloudy,Not Collision with Motor Vehicle in Transport,no,no,no,no,no,False
101970291,METROPOLITAN NASHVILLE POLICE DEPT,20180312908,Davidson,Not in City Limit,4/7/2018 4:05:00 PM,2,0,0,36.263670,-86.711710,GALLATIN PKEN,,,,228.00,Feet,North,STATE RT 45,,,,0.00,N,Not at Intersection,N,Non-Junction,None,,,         ,Michael,Thompson,Clear,Angle,no,no,no,no,no,False
101970295,METROPOLITAN NASHVILLE POLICE DEPT,20180312902,Davidson,Nashville,4/7/2018 4:00:00 PM,2,0,0,36.103770,-86.715050,I 24,,,,0.00,,,,,,,54.25,N,Not at Intersection, ,,None,,,         ,Seth,Vaughn,,,no,no,no,no,no,False
101970296,METROPOLITAN NASHVILLE POLICE DEPT,20180312915,Davidson,Nashville,4/7/2018 4:12:00 PM,2,1,0,36.144210,-86.697440,I 40,,,,0.00,,,,,,,214.90,N,Not at Intersection,Y,Entrance/Exit Ramp Related,None,,,         ,Seth,Vaughn,Clear,Front to Rear,no,no,no,no,no,False
101970299,METROPOLITAN NASHVILLE POLICE DEPT,20180313042,Davidson,Nashville,4/7/2018 5:05:00 PM,2,0,0,36.153360,-86.783850,11TH AVS,,,,169.00,Feet,North,PINE ST,,,,0.00,N,Not at Intersection, ,Non-Junction,None,,,         ,Roy,Sain Jr.,Cloudy,"Sideswipe, Same Direction",no,no,no,no,no,False
101970307,METROPOLITAN NASHVILLE POLICE DEPT,20180313077,Davidson,Nashville,4/7/2018 4:55:00 PM,2,0,0,36.161970,-86.852160,LOUISIANA AV,,,,82.00,Feet,West,53RD AVN,,,,0.00,N,Not at Intersection, ,Non-Junction,None,,,         ,Robert,Crow,Cloudy,Angle,no,no,no,no,no,False
101970311,METROPOLITAN NASHVILLE POLICE DEPT,20180313153,Davidson,Nashville,4/7/2018 6:05:00 PM,2,0,0,36.169840,-86.766770,I 24,,,,0.00,,,,,,,48.70,N,Not at Intersection, ,Non-Junction,None,,,         ,Michael,Moss,Clear,Front to Rear,no,no,no,no,no,False
101970313,METROPOLITAN NASHVILLE POLICE DEPT,20180312870,Davidson,Nashville,4/7/2018 3:29:00 PM,2,1,0,36.111260,-86.771580,I 65,,,,0.00,,,,,,,79.85,N,Not at Intersection,N,Non-Junction,None,,,         ,Brandon,Hughes,Cloudy,"Sideswipe, Same Direction",no,no,no,no,no,False
101970321,METROPOLITAN NASHVILLE POLICE DEPT,20180313216,Davidson,Nashville,4/7/2018 4:59:00 PM,1,0,0,36.107100,-86.703830,MCGAVOCK PKE,,,,0.00,Feet,East,TARA ANN CT,,,,0.00,N,Not at Intersection,N,Non-Junction,None,,,         ,Jarret,Sonnenberg,Clear,Not Collision with Motor Vehicle in Transport,no,no,no,no,yes,False
101970328,METROPOLITAN NASHVILLE POLICE DEPT,20180313298,Davidson,Nashville,4/7/2018 7:05:00 PM,2,0,0,36.183440,-86.744890,EASTLAND AV,,,,0.00,,,N 14TH ST,,,,0.00,Y,Four-Way, ,Intersection,None,,,         ,Hunter,Fikes,Clear,Front to Rear,no,no,no,no,no,False
101970329,METROPOLITAN NASHVILLE POLICE DEPT,20180313058,Davidson,Nashville,4/7/2018 4:08:00 PM,2,0,0,36.037470,-86.790980,OLD HICKORY BLVD,,,,0.00,,,S HILLVIEW DR,,,,0.00,Y,Four-Way, ,Intersection,None,,,         ,Brandon,Hughes,Cloudy,Front to Rear,no,no,no,no,no,False
101970339,METROPOLITAN NASHVILLE POLICE DEPT,20180313176,Davidson,Nashville,4/7/2018 6:10:00 PM,2,0,0,36.043340,-86.689100,BELL RD,,,,0.00,,,,,,,0.00,,, ,,None,,,         ,Arend,Groeneweg,,,no,no,no,no,no,False
101970353,METROPOLITAN NASHVILLE POLICE DEPT,20180313220,Davidson,Nashville,4/7/2018 6:34:00 PM,2,0,0,36.236170,-86.762400,I 65,,,,0.00,,,,,,,89.70,N,Not at Intersection,N,Non-Junction,None,,,         ,Bradley,Fort,Clear,"Sideswipe, Same Direction",no,no,no,no,yes,False
101970354,METROPOLITAN NASHVILLE POLICE DEPT,20180313427,Davidson,Nashville,4/7/2018 7:20:00 PM,2,0,0,36.248050,-86.720330,DUE WEST AVE,,,,0.00,,,GALLATIN PKES,,,,0.00,Y,Four-Way,Y,Intersection,None,,,         ,Cecilia,Gomez,Clear,Front to Rear,no,no,no,no,yes,False
101970355,METROPOLITAN NASHVILLE POLICE DEPT,20180313277,Davidson,Nashville,4/7/2018 12:00:00 AM,3,2,0,36.206230,-86.773600,I65 N EXT RAMP,,,,0.00,,,W TRINITY LN,,,,0.00,Y,T-Intersection,N,Intersection,None,,,         ,Gordon,Stovall,Clear,Front to Rear,no,no,no,no,no,False
101970356,METROPOLITAN NASHVILLE POLICE DEPT,20180313217,Davidson,Nashville,4/7/2018 6:20:00 PM,2,0,0,36.062660,-86.630800,HAMILTON CHURCH RD,,,,0.00,,,HAMILTON CROSSINGS,,,,0.00,Y,Four-Way,N,Intersection,None,,,         ,Honorio,Canchola,Clear,Angle,no,no,no,no,no,False
101970362,METROPOLITAN NASHVILLE POLICE DEPT,20180313496,Davidson,Nashville,4/7/2018 8:00:00 PM,2,0,0,36.175770,-86.757720,MAIN ST,,,,224.00,Feet,West,S 9TH ST,,,,0.00,N,Not at Intersection, ,Non-Junction,None,,,         ,Hunter,Fikes,Clear,Angle,no,no,no,yes,yes,False
101970387,METROPOLITAN NASHVILLE POLICE DEPT,20180313016,Davidson,Not in City Limit,4/7/2018 4:17:00 PM,4,0,0,36.262860,-86.737090,I65 N EXT RAMP,,,,0.00,Feet,East,I 65,,,,0.00,N,Not at Intersection,N,Non-Junction,None,,,         ,Kevin,Crawford,Cloudy,Front to Rear,no,no,no,no,no,False
101970443,METROPOLITAN NASHVILLE POLICE DEPT,20180313591,Davidson,Nashville,4/7/2018 8:45:00 PM,2,1,0,36.044770,-86.661530,CANE RIDGE RD,,,,0.00,,,BELL RD,,,,0.00,Y,Four-Way,N,Intersection,None,,,         ,Arend,Groeneweg,Clear,"Sideswipe, Opposite Direction",no,no,no,no,no,False
101970444,METROPOLITAN NASHVILLE POLICE DEPT,20180313457,Davidson,Nashville,4/7/2018 8:04:00 PM,2,0,0,36.069590,-86.693910,HAYWOOD LN,,,,0.00,,,EZELL RD,,,,0.00,Y,Four-Way,N,Intersection,None,,,         ,Jedidayah,Merriweather,Clear,Angle,no,no,no,no,no,False
101970457,METROPOLITAN NASHVILLE POLICE DEPT,20180313608,Davidson,Nashville,4/7/2018 9:01:00 PM,1,0,0,36.196360,-86.739190,CAHAL AV,,,,401.00,Feet,West,NELDIA CT,,,,0.00,N,Not at Intersection,N,Non-Junction,None,,,         ,Alexander,Georgeson,Clear,Not Collision with Motor Vehicle in Transport,no,no,no,no,no,False
101970470,METROPOLITAN NASHVILLE POLICE DEPT,20180313351,Davidson,Nashville,4/7/2018 6:47:00 PM,2,0,0,36.130070,-86.900780,CHARLOTTE PKE,,,,0.00,Feet,,CABOT DR,,,,0.00,Y,OTHER, ,Intersection,None,,,         ,Marc,Kozen,Clear,Angle,no,no,no,no,no,False
101970481,METROPOLITAN NASHVILLE POLICE DEPT,20180313690,Davidson,Nashville,4/7/2018 10:19:00 PM,2,0,0,36.159390,-86.782420,ROSA L PARKS BLVD,,,,203.00,Feet,North,BROADWAY,,,,0.00,N,Not at Intersection, ,Non-Junction,None,,,         ,Blake,Lutz,Clear,Front to Rear,no,no,no,no,no,False
101970493,METROPOLITAN NASHVILLE POLICE DEPT,20180313746,Davidson,Antioch,4/7/2018 10:23:00 PM,1,1,0,36.047070,-86.589200,PIN HOOK RD,,,,256.00,Feet,East,PIN OAK CT,,,,0.00,N,Not at Intersection,N,Non-Junction,None,,,         ,YUNUS,ADAK,Clear,Not Collision with Motor Vehicle in Transport,no,no,no,no,no,False
101970521,TENNESSEE STATE UNIVERSITY ,18-TSU-21326,Davidson,Nashville,4/5/2018 3:45:00 PM,2,0,0,36.166300,-86.814510,25TH AVN,,,,0.00,,,ALAMEDA ST,,,,0.00,Y,OTHER, ,,None,,,         ,Mark,Ray,,,no,no,no,yes,no,False
101970522,METROPOLITAN NASHVILLE POLICE DEPT,20180313939,Davidson,Nashville,4/7/2018 11:38:00 PM,2,0,0,36.157980,-86.772640,KOREAN VETERANS BLVD,,,,0.00,Feet,North,2ND AVS,,,,0.00,N,Not at Intersection,N,Non-Junction,None,,,         ,Jessica,Johnson,Clear,Front to Rear,no,no,no,no,yes,False
101970534,METROPOLITAN NASHVILLE POLICE DEPT,20180313913,Davidson,Nashville,4/7/2018 11:32:00 PM,2,0,0,36.248010,-86.720360,GALLATIN PKES,,,,0.00,,,DUE WEST AVW,,,,0.00,Y,Four-Way, ,Intersection,None,,,         ,Patrick,McGinnis,Clear,"Sideswipe, Same Direction",no,no,no,no,yes,False
101970576,METROPOLITAN NASHVILLE POLICE DEPT,20180313960,Davidson,Nashville,4/8/2018 12:04:00 AM,2,0,0,36.121370,-86.775450,FRANKLIN PKE,,,,0.00,,,KIRKWOOD AV,,,,0.00,Y,T-Intersection,N,Intersection,None,,,         ,Joshua,Billotte,Clear,Angle,no,no,no,no,no,False
101970578,METROPOLITAN NASHVILLE POLICE DEPT,20180314064,Davidson,Not in City Limit,4/8/2018 12:51:00 AM,2,0,0,36.079570,-86.953510,HIGHWAY 70S,,,,0.00,,,COLEY DAVIS RD,,,,0.00,Y,Four-Way, ,Intersection,None,,,         ,Joanna,D'Agostino,Clear,Angle,no,no,no,no,no,False
101970588,METROPOLITAN NASHVILLE POLICE DEPT,20180313979,Davidson,Old Hickory,4/8/2018 12:00:00 AM,1,1,0,36.255170,-86.652970,ROBINSON RD,,,,238.00,Feet,East,MERRITT ST,,,,0.00,N,Not at Intersection,N,Non-Junction,None,,,         ,Emily,Mulready,Clear,Not Collision with Motor Vehicle in Transport,no,no,no,no,no,False
101970597,METROPOLITAN NASHVILLE POLICE DEPT,20180314095,Davidson,Nashville,4/8/2018 1:00:00 AM,2,0,0,36.156870,-86.780840,DEMONBREUN ST,,,,0.00,,,8TH AVS,,,,0.00,Y,Four-Way, ,Intersection,None,,,         ,Daniel,Russett,Clear,Front to Rear,no,no,no,no,no,False
101970611,METROPOLITAN NASHVILLE POLICE DEPT,20180313899,Davidson,Nashville,4/7/2018 11:37:00 PM,2,0,0,36.141380,-86.733830,I 40,,,,0.00,,,,,,,212.90,N,Not at Intersection,N,Non-Junction,None,,,         ,Kyle,Berkheiser,Clear,Angle,no,no,no,no,no,False
101970612,METROPOLITAN NASHVILLE POLICE DEPT,20180314159,Davidson,Nashville,4/8/2018 1:04:00 AM,2,1,0,36.153710,-86.721560,SPENCE LN,,,,0.00,Feet,,LEBANON PKE,,,,0.00,Y,Four-Way,N,Intersection,None,,,         ,Kyle,Berkheiser,Clear,Angle,no,no,no,no,no,False
101970613,METROPOLITAN NASHVILLE POLICE DEPT,20180314324,Davidson,Nashville,4/8/2018 3:06:00 AM,3,3,0,36.148810,-86.666280,ELM HILL PKE,,,,0.00,,,DONELSON PKE,,,,0.00,Y,Four-Way,N,Intersection-Related,None,,,         ,Kyle,Berkheiser,Clear,Angle,no,no,no,no,no,False
101970614,METROPOLITAN NASHVILLE POLICE DEPT,2018--314356,Davidson,Nashville,4/8/2018 3:00:00 AM,2,0,0,36.160800,-86.781800,COMMERCE ST,,,,0.00,,,7TH AVN,,,,0.00,Y,Four-Way,N,Intersection,None,,,         ,Damon,Hutcheson,Clear,Angle,no,no,no,no,no,False
101970616,METROPOLITAN NASHVILLE POLICE DEPT,20180314333,Davidson,Nashville,4/7/2018 11:00:00 PM,2,0,0,36.165530,-86.801560,BLANK ST,,,,188.00,Feet,North,HERMAN ST,,,,0.00,N,Not at Intersection,N,Non-Junction,None,,,         ,Joshua,Green,Clear,Unknown,no,no,no,no,yes,False
101970626,METROPOLITAN NASHVILLE POLICE DEPT,20180314335,Davidson,Nashville,4/8/2018 3:05:00 AM,2,0,0,36.221290,-86.773800,I 65,,,,0.00,,,,,,,88.40,N,Not at Intersection, ,Non-Junction,None,,,         ,Juan,Gonzalez,Clear,"Sideswipe, Same Direction",no,no,no,no,no,False
101970635,METROPOLITAN NASHVILLE POLICE DEPT,20180314503,Davidson,Nashville,4/8/2018 4:53:00 AM,1,0,0,36.089620,-86.622140,SMITH SPRINGS RD,,,,0.00,Feet,East,RURAL HILL RD,,,,0.00,N,Not at Intersection,N,Non-Junction,None,,,         ,Brett,Johns,Clear,Not Collision with Motor Vehicle in Transport,no,no,no,no,no,False
101970636,METROPOLITAN NASHVILLE POLICE DEPT,20180314411,Davidson,Nashville,4/8/2018 3:48:00 AM,1,0,0,36.183260,-86.790070,GARFIELD ST,,,,13.00,Feet,West,3RD AVN,,,,0.00,N,Not at Intersection,N,Non-Junction,None,,,         ,Austin,Childress,Clear,Not Collision with Motor Vehicle in Transport,no,no,no,no,yes,False
101970639,METROPOLITAN NASHVILLE POLICE DEPT,20180314499,Davidson,Nashville,4/8/2018 4:08:00 AM,1,0,0,36.063310,-86.689370,PACKARD DR,,,,73.00,Feet,East,PANAMINT DR,,,,0.00,N,Not at Intersection,N,Non-Junction,None,,,         ,David,Smith,Clear,Not Collision with Motor Vehicle in Transport,no,no,no,no,yes,False
101970640,METROPOLITAN NASHVILLE POLICE DEPT,20180314339,Davidson,Nashville,4/8/2018 3:14:00 AM,3,3,0,36.068730,-86.716020,HAYWOOD LN,,,,76.00,Feet,East,HOPEDALE DR,,,,0.00,N,Not at Intersection,N,Non-Junction,None,,,         ,Autumn,Manning,Clear,"Sideswipe, Opposite Direction",no,no,no,no,yes,False
101970642,METROPOLITAN NASHVILLE POLICE DEPT,20180314510,Davidson,Nashville,4/8/2018 12:00:00 AM,1,0,0,36.238210,-86.781490,BRILEY PKWYE,,,,168.00,Feet,West,BRICK CHURCH PKE,,,,0.00,N,Not at Intersection,N,Non-Junction,None,,,         ,Coleman,McKellar,Clear,Not Collision with Motor Vehicle in Transport,no,no,no,no,yes,False
101970645,METROPOLITAN NASHVILLE POLICE DEPT,20180314604,Davidson,Not in City Limit,4/8/2018 5:55:00 AM,2,0,0,36.139140,-86.943740,RIVER ROAD PKE,,,,1914.00,Feet,West,OLD RIVER RD,,,,0.00,N,Not at Intersection,N,Non-Junction,None,,,         ,Joanna,D'Agostino,Clear,Front to Rear,no,no,no,no,yes,False
101970646,METROPOLITAN NASHVILLE POLICE DEPT,20180314574,Davidson,Nashville,4/8/2018 5:48:00 AM,1,0,0,36.206920,-86.749620,ELLINGTON PKWYN,,,,0.00,,,ELLINGTON PKWY N ENT RAMP,,,,0.00,Y,OTHER,N,Non-Junction,None,,,         ,Lindsey,Anderson,Clear,Not Collision with Motor Vehicle in Transport,no,no,no,no,no,False
101970686,METROPOLITAN NASHVILLE POLICE DEPT,20180314612,Davidson,Nashville,4/8/2018 3:29:00 AM,3,0,0,36.059630,-86.680230,APACHE TRL,,,,446.00,Feet,South,CATAWBA CT,,,,0.00,N,Not at Intersection,N,Non-Junction,None,,,         ,David,Smith,Clear,"Sideswipe, Same Direction",no,no,no,no,yes,False
101970702,METROPOLITAN NASHVILLE POLICE DEPT,20180314688,Davidson,Nashville,4/8/2018 5:53:00 AM,1,0,0,36.123920,-86.701570,VULTEE BLVD,,,,506.00,Feet,West,KERMIT DR,,,,0.00,N,Not at Intersection,N,Non-Junction,None,,,         ,Chad,Turnbow,Cloudy,Not Collision with Motor Vehicle in Transport,no,no,no,no,yes,False
101970703,METROPOLITAN NASHVILLE POLICE DEPT,20180312709,Davidson,Nashville,4/7/2018 2:13:00 PM,2,2,0,36.116190,-86.747900,NOLENSVILLE PKE,,,,120.00,Feet,South,JOYNER AV,,,,0.00,N,Not at Intersection,N,Non-Junction,None,,,         ,Nathan,Smith,Cloudy,"Sideswipe, Same Direction",no,no,no,no,no,False
101970733,METROPOLITAN NASHVILLE POLICE DEPT,20180314725,Davidson,Nashville,4/8/2018 7:44:00 AM,1,0,0,36.148180,-86.760500,LAFAYETTE ST,,,,20.00,Feet,West,LINCOLN ST,,,,0.00,N,Not at Intersection,N,Non-Junction,None,,,         ,Zachary,Scott,Clear,Not Collision with Motor Vehicle in Transport,no,no,no,no,no,False
101970758,METROPOLITAN NASHVILLE POLICE DEPT,20180314841,Davidson,Nashville,4/8/2018 8:51:00 AM,2,2,0,36.049980,-86.649500,MT VIEW RD,,,,0.00,,,BELL RD,,,,0.00,Y,Four-Way,N,Intersection,None,,,         ,Brandon,Evans,Clear,Angle,no,no,no,no,no,False
101970796,METROPOLITAN NASHVILLE POLICE DEPT,20180315035,Davidson,Nashville,4/8/2018 10:42:00 AM,2,0,0,36.153050,-86.792070,16TH AVS,,,,82.00,Feet,South,MCGAVOCK ST,,,,0.00,N,Not at Intersection, ,Non-Junction,None,,,         ,Walter,Cothran,Clear,"Sideswipe, Same Direction",no,no,no,no,no,False
101970814,METROPOLITAN NASHVILLE POLICE DEPT,20180315014,Davidson,Nashville,4/8/2018 10:34:00 AM,2,1,0,36.158230,-86.777700,DEMONBREUN ST,,,,192.00,Feet,West,5TH AVS,,,,0.00,N,Not at Intersection, ,Non-Junction,None,,,         ,Tony,Folad,Clear,Front to Rear,no,no,no,no,no,False
101970821,METROPOLITAN NASHVILLE POLICE DEPT,20180315106,Davidson,Nashville,4/8/2018 11:15:00 AM,2,0,0,36.176520,-86.769840,SPRING ST,,,,36.00,Feet,West,I24 W EXT RAMP,,,,0.00,N,Not at Intersection, ,Non-Junction,None,,,         ,Joseph,Progar,Cloudy,Front to Rear,no,no,no,no,no,False
101970823,METROPOLITAN NASHVILLE POLICE DEPT,20180315147,Davidson,Nashville,4/8/2018 12:00:00 AM,2,0,0,36.209720,-86.733350,SHELTON AV,,,,174.00,Feet,East,GALLATIN PKE,,,,0.00,N,Not at Intersection,N,OtherLocation,None,,,         ,Eric,Knight,Cloudy,Front to Rear,no,no,no,yes,yes,False
101970824,METROPOLITAN NASHVILLE POLICE DEPT,20180314896,Davidson,Nashville,4/8/2018 9:07:00 AM,2,0,0,36.141090,-86.718070,I 40,,,,0.00,,,,,,,213.75,N,Not at Intersection, ,Non-Junction,None,,,         ,Zachary,Scott,Clear,Angle,no,no,no,no,no,False
101970825,METROPOLITAN NASHVILLE POLICE DEPT,20180315041,Davidson,Not in City Limit,4/8/2018 10:40:00 AM,1,1,0,36.265470,-86.887210,OLD HICKORY BLVD,,,,1763.00,Feet,East,EATONS CREEK RD,,,,0.00,N,Not at Intersection,N,Non-Junction,None,,,         ,Brent,Hedgcoth,Clear,Not Collision with Motor Vehicle in Transport,no,no,no,no,no,False
101970836,METROPOLITAN NASHVILLE POLICE DEPT,20180315059,Davidson,Nashville,4/8/2018 10:50:00 AM,2,0,0,36.045480,-86.647290,CROSSINGS BLVD,,,,0.00,,,MT VIEW RD,,,,0.00,Y,Four-Way,N,Intersection,None,,,         ,Brandon,Evans,Clear,Angle,no,no,no,no,no,False
101970848,METROPOLITAN NASHVILLE POLICE DEPT,20180315135,Davidson,Nashville,4/8/2018 11:30:00 AM,2,2,0,36.189530,-86.837690,COUNTY HOSPITAL RD,,,,0.00,,,HYDES FERRY RD,,,,0.00,Y,Four-Way,N,Intersection,None,,,         ,William,Coy,Cloudy,Angle,no,no,no,no,no,False
101970871,METROPOLITAN NASHVILLE POLICE DEPT,20180315194,Davidson,Nashville,4/8/2018 12:07:00 PM,2,0,0,36.045420,-86.718350,OLD HICKORY BLVD,,,,0.00,,,HICKORY TRACE DR,,,,0.00,Y,T-Intersection, ,Intersection,None,,,         ,Raymond,Flaherty,Cloudy,Front to Rear,no,no,no,no,no,False
101970877,METROPOLITAN NASHVILLE POLICE DEPT,20180315180,Davidson,Nashville,4/8/2018 11:55:00 AM,3,1,0,36.159520,-86.760050,I 24,,,,0.00,,,,,,,49.50,N,Not at Intersection,N,Non-Junction,None,,,         ,Gerry,Hutcheson,Clear,Front to Rear,no,no,no,no,no,False
101970892,METROPOLITAN NASHVILLE POLICE DEPT,20180315195,Davidson,Nashville,4/8/2018 11:56:00 AM,2,0,0,36.157980,-86.830530,39TH AVN,,,,140.00,Feet,North,CLIFTON AV,,,,0.00,N,Not at Intersection,N,Non-Junction,None,,,         ,Brian,Mclarty,Cloudy,Angle,no,no,no,no,no,False
101970927,METROPOLITAN NASHVILLE POLICE DEPT,20180315143,Davidson,Nashville,4/8/2018 9:59:00 AM,2,0,0,36.233560,-86.725620,JOYCE LN,,,,237.00,Feet,West,GALLATIN PKE,,,,0.00,N,Not at Intersection,N,Non-Junction,None,,,         ,Faye,Denson,Clear,Angle,no,no,no,no,no,False
101970942,METROPOLITAN NASHVILLE POLICE DEPT,20180315236,Davidson,Nashville,4/8/2018 12:36:00 PM,2,0,0,36.154630,-86.779160,LAFAYETTE ST,,,,0.00,,,8TH AVS,,,,0.00,Y,Roundabout, ,Non-Junction,None,,,         ,Shedie,Herbert III,Cloudy,Angle,no,no,no,no,no,False
101970957,METROPOLITAN NASHVILLE POLICE DEPT,20180315339,Davidson,Not in City Limit,4/8/2018 1:30:00 PM,3,1,0,36.263530,-86.716360,OLD HICKORY BLVDW,,,,63.00,Feet,East,PEGGY ST,,,,0.00,N,Not at Intersection,N,Non-Junction,None,,,         ,Michelle,Steidl,Cloudy,Front to Rear,no,no,no,no,no,False
101970958,METROPOLITAN NASHVILLE POLICE DEPT,20180315303,Davidson,Nashville,4/8/2018 1:07:00 PM,2,1,0,36.189990,-86.775410,I 24,,,,0.00,,,,,,,46.90,N,Not at Intersection, ,Non-Junction,None,,,         ,Joseph,Progar,Cloudy,Front to Rear,no,no,no,no,no,False
101970962,METROPOLITAN NASHVILLE POLICE DEPT,20180315269,Davidson,Goodlettsville,4/8/2018 12:53:00 PM,2,0,0,36.285220,-86.728360,I 65,,,,0.00,,,,,,,93.80,N,Not at Intersection,N,Non-Junction,None,,,         ,Spencer,Pittman,Cloudy,"Sideswipe, Same Direction",no,no,no,no,no,False
101970963,METROPOLITAN NASHVILLE POLICE DEPT,20180315291,Davidson,Nashville,4/8/2018 12:58:00 PM,2,0,0,36.215840,-86.593320,LEBANON PKE,,,,0.00,,,,,,,0.00,,,N,Non-Junction,None,,,         ,Cassandra,Del Bosco,Cloudy,"Sideswipe, Same Direction",no,no,no,yes,no,False
101970964,METROPOLITAN NASHVILLE POLICE DEPT,20180315346,Davidson,Goodlettsville,4/8/2018 1:32:00 PM,2,2,0,36.295550,-86.716260,I 65,,,,0.00,,,,,,,94.75,N,Not at Intersection, ,Non-Junction,None,,,         ,Brandon,Tennant,Clear,Front to Rear,no,no,no,no,no,False
101970969,METROPOLITAN NASHVILLE POLICE DEPT,20180315290,Davidson,Nashville,4/8/2018 1:02:00 PM,1,1,0,36.160730,-86.866530,BRILEY PKWYN,,,,834.00,Feet,North,BRILEY PKWYS,,,,0.00,N,Not at Intersection,N,Non-Junction,None,,,         ,Jack,Crouch,Cloudy,Not Collision with Motor Vehicle in Transport,no,no,no,no,no,False
101971054,METROPOLITAN NASHVILLE POLICE DEPT,2018-0315349,Davidson,Nashville,4/8/2018 1:25:00 PM,2,0,0,36.241960,-86.757080,DICKERSON PKE,,,,0.00,,,DICKERSON PKE ENT RAMP,,,,0.00,Y,T-Intersection, ,Entrance/Exit Ramp Related,None,,,         ,Arthur,Hipp,Clear,Front to Rear,no,no,no,no,no,False
101971077,METROPOLITAN NASHVILLE POLICE DEPT,20180315520,Davidson,Nashville,4/8/2018 3:30:00 PM,1,0,0,36.214750,-86.817670,BUENA VISTA PKE,,,,1.00,Feet,North,MOORMANS ARM RD,,,,0.00,N,Not at Intersection,N,Non-Junction,None,,,         ,Bryan,Musgrave,Clear,Not Collision with Motor Vehicle in Transport,no,no,no,no,no,False
101971101,GOODLETTSVILLE POLICE DEPT,18-12694,Davidson,Goodlettsville,4/8/2018 4:35:00 PM,1,0,0,36.326039,-86.698691,123 NORTHCREEK,BLVD,,,600.00,Feet,East,NORTHCREEK,BLVD,,,0.00,N,Not at Intersection,N,Non-Junction,None,,,         ,Jeremy,Baker,Cloudy,Not Collision with Motor Vehicle in Transport,no,no,no,yes,no,False
101971133,METROPOLITAN NASHVILLE POLICE DEPT,20180315540,Davidson,Nashville,4/8/2018 3:45:00 PM,2,0,0,36.150220,-86.637910,I 40,,,,0.00,,,,,,,218.40,N,Not at Intersection,N,Non-Junction,None,,,         ,Seth,Vaughn,Clear,Angle,no,no,no,no,yes,False
101971143,BELLE MEADE POLICE DEPT,18-0089,Davidson,Belle Meade,4/6/2018 4:54:00 PM,1,0,0,36.100310,-86.856850,BELLE MEADE BLVD,,,,251.00,Feet,North,HOWELL PL,,,,0.00,N,Not at Intersection, ,Non-Junction,None,,,         ,Jon,Carter,Cloudy,Not Collision with Motor Vehicle in Transport,no,no,no,no,no,False
101971156,METROPOLITAN NASHVILLE POLICE DEPT,20180315511,Davidson,Nashville,4/8/2018 3:35:00 PM,2,1,0,36.172850,-86.600770,CENTRAL PKE,,,,57.00,Feet,East,BURNING TREE DR,,,,0.00,N,Not at Intersection,N,Non-Junction,None,,,         ,Zachariah,Bush,Cloudy,"Sideswipe, Same Direction",no,no,no,no,no,False
101971183,METROPOLITAN NASHVILLE POLICE DEPT,2018-0306307,Davidson,Nashville,4/5/2018 1:40:00 PM,1,0,0,36.163390,-86.761880,I 24,,,,0.00,,,,,,,49.20,N,Not at Intersection, ,,None,,,         ,Barrett,Teague,,,no,no,no,no,no,False
101971185,METROPOLITAN NASHVILLE POLICE DEPT,20180315766,Davidson,Nashville,4/8/2018 6:01:00 PM,2,0,0,36.187890,-86.776130,I 24,,,,0.00,,,,,,,47.00,N,Not at Intersection, ,Non-Junction,None,,,         ,David,Snowden,Cloudy,Front to Rear,no,no,no,no,yes,False
101971187,METROPOLITAN NASHVILLE POLICE DEPT,20180315814,Davidson,Nashville,4/8/2018 5:29:00 PM,2,0,0,36.087220,-86.729730,ELYSIAN FIELDS CT,,,,226.00,Feet,East,NOLENSVILLE PKE,,,,0.00,N,Not at Intersection,N,Non-Junction,None,,,         ,YUNUS,ADAK,Clear,Front to Rear,no,no,no,no,yes,False