master_record_number,agency,agency_tracking_number,county,city,collision_date,vehicles_involved,number_injured,number_dead,latitude,longitude,roadway_name,roadway_suffix,roadway_number,roadway_local_id,distance_from_reference,miles-feet_indicator,direction_from_reference,intersection_road_name,intersection_road_name_suffix,intersection_road_number,intersection_local_id,mile_marker,intersection_indicator,intersect_type,interchange_related_indicator,relation_to_junction,work_zone_type,construction_maintenance_zone,construction_maintenance_zone_location,fatal_case_number,officer_first_name,officer_last_name,weather_condition(s),manner_of_crash,pedestrian,bicycle,scooter,parking,hitrun,mou
101972049,METROPOLITAN NASHVILLE POLICE DEPT,20180318427,Davidson,Nashville,4/9/2018 3:34:00 PM,2,1,0,36.168520,-86.806250,DR D B TODD JR BLVD,,,,74.00,Feet,North,MEHARRY BLVD,,,,0.00,N,Not at Intersection,N,Non-Junction,None,,,         ,Sara,Lober,Clear,Front to Rear,no,no,no,no,no,False
101972060,METROPOLITAN NASHVILLE POLICE DEPT,2018-0318590,Davidson,Nashville,4/9/2018 4:02:00 PM,2,0,0,36.081110,-86.755390,TIMBERHILL DR,,,,0.00,,,HARDING PL,,,,0.00,Y,Four-Way,N,Intersection-Related,None,,,         ,William,King,Clear,Angle,no,no,no,no,no,False
101972067,METROPOLITAN NASHVILLE POLICE DEPT,20180318712,Davidson,Nashville,4/9/2018 5:13:00 PM,2,0,0,36.231530,-86.780470,EWING DR,,,,300.00,Feet,East,BRICK CHURCH PKE,,,,0.00,N,Not at Intersection, ,Non-Junction,None,,,         ,Christopher,Littles,Clear,Angle,no,no,no,no,no,False
101972069,VANDERBILT UNIVERSITY POLICE,20180318335,Davidson,Nashville,4/9/2018 3:00:00 PM,2,0,0,36.141640,-86.801620,MEDICAL CENTER DR,,,,0.00,,,,,,,0.00,,, ,Non-Junction,None,,,         ,Anthony,Daniels,Clear,Rear to Rear,no,no,no,yes,no,Campus
101972078,METROPOLITAN NASHVILLE POLICE DEPT,20180318576,Davidson,Nashville,4/9/2018 4:10:00 PM,2,0,0,36.115880,-86.784620,I 440,,,,0.00,,,,,,,4.30,N,Not at Intersection,N,Non-Junction,None,,,         ,Eric,Burford,Clear,Front to Rear,no,no,no,no,yes,False
101972081,METROPOLITAN NASHVILLE POLICE DEPT,20180318696,Davidson,Nashville,4/9/2018 5:06:00 PM,2,0,0,36.121910,-86.759890,I 440,,,,0.00,,,,,,,5.80,N,Not at Intersection,N,Non-Junction,None,,,         ,Randall,Ward,Clear,Front to Rear,no,no,no,no,no,False
101972084,METROPOLITAN NASHVILLE POLICE DEPT,20180318330,Davidson,Nashville,4/9/2018 12:00:00 AM,2,1,0,36.191840,-86.779600,I 65,,,,0.00,,,,,,,86.35,N,Not at Intersection, ,Non-Junction,None,,,         ,Melvin,Taylor,Clear,Front to Rear,no,no,no,no,no,False
101972085,METROPOLITAN NASHVILLE POLICE DEPT,20180318748,Davidson,Nashville,4/9/2018 12:00:00 AM,2,0,0,36.178000,-86.800770,I 65,,,,0.00,,,,,,,84.85,N,Not at Intersection, ,Non-Junction,None,,,         ,Melvin,Taylor,Clear,"Sideswipe, Same Direction",no,no,no,no,no,False
101972096,METROPOLITAN NASHVILLE POLICE DEPT,20180318735,Davidson,Nashville,4/9/2018 5:10:00 PM,2,0,0,36.123440,-86.727910,I 24,,,,0.00,,,,,,,52.70,N,Not at Intersection, ,Non-Junction,None,,,         ,Eric,Keller,Clear,"Sideswipe, Same Direction",no,no,no,no,no,False
101972097,METROPOLITAN NASHVILLE POLICE DEPT,20180318614,Davidson,Nashville,4/9/2018 4:35:00 PM,2,1,0,36.152120,-86.772230,LAFAYETTE ST,,,,0.00,,,ASH ST,,,,0.00,Y,Four-Way,Y,Intersection,None,,,         ,Jason,King,Clear,Angle,no,no,no,no,no,False
101972098,METROPOLITAN NASHVILLE POLICE DEPT,20180318898,Davidson,Not in City Limit,4/9/2018 6:03:00 PM,2,0,0,36.073860,-86.928740,HIGHWAY 70S,,,,161.00,Feet,East,CLUB PKWY,,,,0.00,N,Not at Intersection, ,,None,,,         ,Adam,Reese,,,no,no,no,no,no,False
101972099,METROPOLITAN NASHVILLE POLICE DEPT,20180318896,Davidson,Nashville,4/9/2018 5:58:00 PM,2,0,0,36.138830,-86.880860,CHARLOTTE PKE,,,,121.00,Feet,West,HILLWOOD BLVD,,,,0.00,N,Not at Intersection, ,"Driveway, Alley Access, etc",None,,,         ,Ryan,Allen,Clear,Angle,no,no,no,no,no,False
101972102,METROPOLITAN NASHVILLE POLICE DEPT,20180318609,Davidson,Nashville,4/9/2018 4:31:00 PM,2,0,0,36.141910,-86.641200,ELM HILL PKE,,,,43.00,Feet,East,PATIO DR,,,,0.00,N,Not at Intersection,N,Non-Junction,None,,,         ,David,Stanley,Clear,Angle,no,no,no,no,no,False
101972104,METROPOLITAN NASHVILLE POLICE DEPT,20180318843,Davidson,Nashville,4/9/2018 5:20:00 PM,2,0,0,36.113290,-86.772400,I 65,,,,0.00,,,,,,,80.00,N,Not at Intersection, ,Non-Junction,None,,,         ,Conor,Cronin,Clear,"Sideswipe, Same Direction",no,no,no,no,yes,False
101972105,METROPOLITAN NASHVILLE POLICE DEPT,20180318794,Davidson,Nashville,4/9/2018 5:30:00 PM,2,1,0,36.146110,-86.742180,I 40,,,,0.00,,,,,,,212.15,N,Not at Intersection, ,Non-Junction,None,,,         ,Eric,Keller,Clear,Front to Rear,no,no,no,no,no,False
101972116,METROPOLITAN NASHVILLE POLICE DEPT,20180318880,Davidson,Nashville,4/9/2018 5:54:00 PM,2,1,0,36.119410,-86.730050,WHITSETT RD,,,,0.00,,,GLENROSE AV,,,,0.00,Y,Four-Way,N,Intersection,None,,,         ,Eric,Keller,Clear,Angle,no,no,no,no,no,False
101972117,METROPOLITAN NASHVILLE POLICE DEPT,20180318962,Davidson,Nashville,4/9/2018 5:43:00 PM,2,0,0,36.146210,-86.742340,I 40,,,,0.00,,,,,,,212.15,N,Not at Intersection, ,Non-Junction,None,,,         ,Zachariah,Bush,Clear,"Sideswipe, Same Direction",no,no,no,no,no,False
101972118,METROPOLITAN NASHVILLE POLICE DEPT,20180319007,Davidson,Nashville,4/9/2018 6:42:00 PM,1,1,0,36.150690,-86.785300,I 40,,,,0.00,,,,,,,209.50,N,Not at Intersection,N,Non-Junction,None,,,         ,Ryan,Caulfield,Clear,Not Collision with Motor Vehicle in Transport,no,no,no,no,no,False
101972141,METROPOLITAN NASHVILLE POLICE DEPT,20180318772,Davidson,Not in City Limit,4/9/2018 5:29:00 PM,3,0,0,36.278110,-86.734390,I 65,,,,0.00,,,,,,,93.20,N,Not at Intersection,N,Non-Junction,None,,,         ,Bradley,Fort,Clear,Front to Rear,no,no,no,no,no,False
101972147,METROPOLITAN NASHVILLE POLICE DEPT,20180319051,Davidson,Nashville,4/9/2018 12:00:00 AM,2,1,0,36.204630,-86.749440,E TRINITY LN,,,,70.00,Feet,East,ELLINGTON PKWY N ENT RAMP,,,,0.00,N,Not at Intersection, ,Non-Junction,None,,,         ,Gordon,Stovall,Clear,Front to Rear,no,no,no,no,no,False
101972148,METROPOLITAN NASHVILLE POLICE DEPT,20180318621,Davidson,Nashville,4/9/2018 4:31:00 PM,2,0,0,36.120780,-86.765200,I 440,,,,0.00,,,,,,,5.50,N,Not at Intersection,N,Non-Junction,None,,,         ,Randall,Ward,Clear,Front to Rear,no,no,no,no,no,False
101972156,METROPOLITAN NASHVILLE POLICE DEPT,20180318881,Davidson,Nashville,4/9/2018 5:27:00 PM,2,0,0,36.155010,-86.627110,I40 E EXT RAMP,,,,0.00,,,STEWARTS FERRY PKE,,,,0.00,Y,Four-Way, ,Intersection-Related,None,,,         ,Russell,Ward,Clear,Front to Rear,no,no,no,no,no,False
101972176,BERRY HILL POLICE DEPT,18-1144,Davidson,Berry Hill,4/9/2018 7:00:00 PM,1,0,0,36.112310,-86.766860,THOMPSON LN,,,,47.00,Feet,East,BRANSFORD AV,,,,0.00,N,Not at Intersection, ,Non-Junction,None,,,         ,Stephen,Reece,Clear,Not Collision with Motor Vehicle in Transport,no,no,no,yes,yes,False
101972179,METROPOLITAN NASHVILLE POLICE DEPT,20180304162,Davidson,Not in City Limit,4/4/2018 11:20:00 PM,2,2,0,36.276710,-86.804370,OLD HICKORY BLVD,,,,337.00,Feet,West,BLEVINS RD,,,,0.00,N,Not at Intersection,N,"Driveway, Alley Access, etc",None,,,         ,Christopher,Augustin,Clear,Angle,no,no,no,no,no,False
101972180,METROPOLITAN NASHVILLE POLICE DEPT,20180318358,Davidson,Nashville,4/9/2018 3:15:00 PM,2,2,0,36.106010,-86.672680,MURFREESBORO PKE,,,,132.00,Feet,East,DONELSON PKE,,,,0.00,N,Not at Intersection,N,Non-Junction,None,,,         ,Dontaveous,Eubanks,Clear,Front to Rear,no,no,no,no,no,False
101972190,METROPOLITAN NASHVILLE POLICE DEPT,20180319117,Davidson,Nashville,4/9/2018 7:22:00 PM,1,0,0,36.177020,-86.754470,MAIN ST,,,,341.00,Feet,East,MCFERRIN AV,,,,0.00,N,Not at Intersection,N,Non-Junction,None,,,         ,James,Smith,Clear,Not Collision with Motor Vehicle in Transport,no,no,no,no,yes,False
101972206,METROPOLITAN NASHVILLE POLICE DEPT,20180319216,Davidson,Not in City Limit,4/9/2018 12:00:00 AM,1,0,0,36.214430,-86.960050,ASHLAND CITY HWY,,,,0.55,Miles,North,LIBBLE RD,,,,0.00,N,Not at Intersection, ,Non-Junction,None,,,         ,Melvin,Taylor,Clear,Not Collision with Motor Vehicle in Transport,no,no,no,no,no,False
101972217,METROPOLITAN NASHVILLE POLICE DEPT,20180319067,Davidson,Nashville,4/9/2018 6:20:00 PM,2,0,0,36.110040,-86.715910,BRILEY PKWY N EXT RAMP,,,,0.00,Feet,East,BRILEY PKWY N ENT RAMP,,,,0.00,N,Not at Intersection,N,Non-Junction,None,,,         ,Johnathon,Birdwell,Clear,Angle,no,no,no,no,no,False
101972229,METROPOLITAN NASHVILLE POLICE DEPT,20180319205,Davidson,Nashville,4/9/2018 8:06:00 PM,2,0,0,36.074480,-86.920940,OLD HICKORY BLVD,,,,0.00,,,HIGHWAY 70S,,,,0.00,Y,Four-Way, ,Intersection,None,,,         ,Ryan,Allen,Clear,Front to Rear,no,no,no,no,no,False
101972232,METROPOLITAN NASHVILLE POLICE DEPT,20180319215,Davidson,Nashville,4/9/2018 8:02:00 PM,2,0,0,36.146040,-86.694840,BRILEY PKWYN,,,,245.00,Feet,West,BRILEY PKWYS,,,,0.00,N,Not at Intersection,N,Non-Junction,None,,,         ,Samuel,Sundra,Clear,"Sideswipe, Same Direction",no,no,no,no,yes,False
101972233,METROPOLITAN NASHVILLE POLICE DEPT,20180319179,Davidson,Nashville,4/9/2018 7:52:00 PM,1,1,0,36.055500,-86.636460,HAMILTON CHURCH RD,,,,211.00,Feet,North,ZELIDA AV,,,,0.00,N,Not at Intersection,N,Non-Junction,None,,,         ,Eric,Keller,Clear,Not Collision with Motor Vehicle in Transport,yes,no,no,no,yes,False
101972253,METROPOLITAN NASHVILLE POLICE DEPT,20180318691,Davidson,Nashville,4/9/2018 4:40:00 PM,2,0,0,36.151830,-86.798390,WEST END AV,,,,0.00,Feet,East,LYLE AV,,,,0.00,N,Not at Intersection, ,Non-Junction,None,,,         ,Darryl,Williams,Clear,Angle,no,no,no,no,no,False
101972285,METROPOLITAN NASHVILLE POLICE DEPT,20180319262,Davidson,Nashville,4/9/2018 8:23:00 PM,2,0,0,36.168310,-86.760330,S 6TH ST,,,,0.00,Feet,East,SHELBY AV,,,,0.00,N,Not at Intersection,N,Non-Junction,None,,,         ,Michael,Moss,Clear,Front to Rear,no,no,no,no,no,False
101972286,METROPOLITAN NASHVILLE POLICE DEPT,20180319337,Davidson,Nashville,4/9/2018 7:50:00 PM,2,0,0,36.203650,-86.738470,GALLATIN PKE,,,,50.00,Feet,North,E TRINITY LN,,,,0.00,N,Not at Intersection,N,Non-Junction,None,,,         ,Alexander,Georgeson,Clear,Front to Rear,no,no,no,yes,yes,False
101972287,METROPOLITAN NASHVILLE POLICE DEPT,20180313519,Davidson,Nashville,4/7/2018 8:33:00 PM,3,2,1,36.133810,-86.663690,DONELSON PKE,,,,272.00,Feet,North,DONELSON PKE N ENT RAMP,,,,0.00,N,Not at Intersection,N,Non-Junction,None,,,18-0208  ,Christopher,Augustin,Clear,HeadOn,no,no,no,no,no,False
101972304,METROPOLITAN NASHVILLE POLICE DEPT,20180319287,Davidson,Nashville,4/9/2018 8:30:00 PM,2,0,0,36.151210,-86.769130,I 40,,,,0.00,,,,,,,210.50,N,Not at Intersection, ,,Work Zone,,,         ,Jessica,Johann,,,no,no,no,no,no,False
101972305,METROPOLITAN NASHVILLE POLICE DEPT,20180319277,Davidson,Nashville,4/9/2018 8:40:00 PM,2,0,0,36.137630,-86.801120,BLAKEMORE AV,,,,0.00,,,MEDICAL CENTER DR,,,,0.00,Y,T-Intersection, ,Non-Junction,None,,,         ,Darryl,Williams,Clear,Not Collision with Motor Vehicle in Transport,no,no,no,no,no,Campus
101972345,METROPOLITAN NASHVILLE POLICE DEPT,20180319275,Davidson,Nashville,4/9/2018 8:35:00 PM,2,0,0,36.135460,-86.797400,MAGNOLIA BLVD,,,,73.00,Feet,West,17TH AVS,,,,0.00,N,Not at Intersection, ,Non-Junction,None,,,         ,Jed,Baldoni,Clear,Angle,no,no,no,yes,yes,False
101972403,METROPOLITAN NASHVILLE POLICE DEPT,20180319562,Davidson,Nashville,4/9/2018 9:37:00 PM,2,0,0,36.249190,-86.734460,DUE WEST AVW,,,,0.00,Feet,,S GRAYCROFT AV,,,,0.00,Y,Four-Way, ,Non-Junction,None,,,         ,Wallis,Massey,Clear,Front to Rear,no,no,no,no,yes,False
101972422,METROPOLITAN NASHVILLE POLICE DEPT,20180319717,Davidson,Nashville,4/9/2018 11:55:00 PM,2,0,0,36.176760,-86.694260,BRILEY PKWYS,,,,2600.00,Feet,North,BRILEY PKWY S EXT RAMP,,,,0.00,N,Not at Intersection,N,Non-Junction,None,,,         ,Bradley,Pope,Clear,Front to Rear,no,no,no,no,yes,False
101972423,METROPOLITAN NASHVILLE POLICE DEPT,20180319654,Davidson,Nashville,4/9/2018 8:12:00 PM,1,0,0,36.244040,-86.636830,OLD HICKORY BLVD,,,,280.00,Feet,West,FERRELL DR,,,,0.00,N,Not at Intersection, ,Non-Junction,None,,,         ,Joao,Pinho,Clear,Not Collision with Motor Vehicle in Transport,no,no,no,no,no,False
101972424,METROPOLITAN NASHVILLE POLICE DEPT,20180319880,Davidson,Nashville,4/10/2018 12:50:00 AM,1,0,0,36.111160,-86.755230,SIDCO DR,,,,0.00,,,THOMPSON LN,,,,0.00,Y,T-Intersection, ,,None,,,         ,William,Hamblen,,,no,no,no,no,no,False
101972443,METROPOLITAN NASHVILLE POLICE DEPT,20180320001,Davidson,Nashville,4/10/2018 2:14:00 AM,1,0,0,36.163110,-86.776630,COMMERCE ST,,,,0.00,,,,,,,0.00,,,N,Non-Junction,None,,,         ,Stephen,Waterman,Clear,Not Collision with Motor Vehicle in Transport,no,no,no,yes,yes,False
101972464,METROPOLITAN NASHVILLE POLICE DEPT,20180319954,Davidson,Nashville,4/10/2018 1:57:00 AM,1,0,0,36.197360,-86.608570,ANDREW JACKSON PKWY,,,,0.00,,,TYLER DR,,,,0.00,Y,T-Intersection,N,Non-Junction,None,,,         ,Benjamin,Cole,Clear,Not Collision with Motor Vehicle in Transport,no,no,no,no,no,False
101972477,METROPOLITAN NASHVILLE POLICE DEPT,20180320354,Davidson,Nashville,4/10/2018 4:50:00 AM,1,0,0,36.200860,-86.688930,BRILEY PKWYS,,,,187.00,Feet,North,BRILEY PKWYN,,,,0.00,N,Not at Intersection,N,Non-Junction,None,,,         ,Tyler,Manivong,Clear,Not Collision with Motor Vehicle in Transport,no,no,no,no,no,False
101972495,METROPOLITAN NASHVILLE POLICE DEPT,2018317090,Davidson,Nashville,4/9/2018 5:40:00 AM,2,0,0,36.188510,-86.776160,I 24,,,,0.00,,,,,,,47.00,N,Not at Intersection, ,Non-Junction,None,,,         ,Damon,Hutcheson,Clear,"Sideswipe, Same Direction",no,no,no,no,yes,False
101972523,METROPOLITAN NASHVILLE POLICE DEPT,20180320559,Davidson,Not in City Limit,4/10/2018 6:55:00 AM,2,0,0,36.076860,-87.027950,I 40,,,,0.00,,,,,,,192.10,N,Not at Intersection, ,Non-Junction,None,,,         ,Curtis,Rich,Clear,Front to Rear,no,no,no,no,no,False
101972524,METROPOLITAN NASHVILLE POLICE DEPT,20180318164,Davidson,Nashville,4/9/2018 1:30:00 PM,2,0,0,36.186920,-86.764440,LISCHEY AV,,,,88.00,Feet,North,CLEVELAND ST,,,,0.00,N,Not at Intersection,N,Non-Junction,None,,,         ,Steven,Spillers,Clear,Front to Rear,no,no,no,no,yes,False
101972543,METROPOLITAN NASHVILLE POLICE DEPT,20180320551,Davidson,Nashville,4/10/2018 6:40:00 AM,2,2,0,36.106530,-86.672870,DONELSON PKE,,,,131.00,Feet,North,MURFREESBORO PKE,,,,0.00,N,Not at Intersection,N,OtherLocation,None,,,         ,Michael,Dance,Clear,Front to Rear,no,no,no,no,no,False
101972560,METROPOLITAN NASHVILLE POLICE DEPT,20180320642,Davidson,Not in City Limit,4/10/2018 7:31:00 AM,2,0,0,36.269710,-86.729930,WILLIAMS AV,,,,0.00,,,N GRAYCROFT AV,,,,0.00,Y,T-Intersection,N,Intersection,None,,,         ,Cyretha,Frazier,Clear,Angle,no,no,no,no,no,False
101972561,METROPOLITAN NASHVILLE POLICE DEPT,20180320674,Davidson,Nashville,4/10/2018 7:35:00 AM,2,0,0,36.169130,-86.572490,,,I40,,0.00,Feet,West,,,,,222.20,N,Not at Intersection, ,Non-Junction,None,,,         ,Kelsey,Hemminger,Clear,"Sideswipe, Same Direction",no,no,no,no,no,False
101972564,METROPOLITAN NASHVILLE POLICE DEPT,20180320588,Davidson,Nashville,4/10/2018 7:00:00 AM,2,0,0,36.226980,-86.778580,I 24,,,,0.00,,,,,,,44.65,N,Not at Intersection, ,,None,,,         ,James,Wray,,,no,no,no,no,no,False
101972571,METROPOLITAN NASHVILLE POLICE DEPT,2018-0320678,Davidson,Nashville,4/10/2018 7:45:00 AM,3,1,0,36.088550,-86.762510,I65 N ENT RAMP,,,,0.00,Feet,East,I 65,,,,0.00,N,Not at Intersection,Y,Entrance/Exit Ramp Related,None,,,         ,Timothy,Edwards,Clear,Front to Rear,no,no,no,no,no,False
101972573,METROPOLITAN NASHVILLE POLICE DEPT,20180320692,Davidson,Nashville,4/10/2018 7:50:00 AM,2,0,0,36.141320,-86.716630,I 40,,,,0.00,,,,,,,213.85,N,Not at Intersection, ,Non-Junction,None,,,         ,Zachary,Scott,Clear,Angle,no,no,no,no,no,False
101972580,METROPOLITAN NASHVILLE POLICE DEPT,20180320795,Davidson,Not in City Limit,4/9/2018 12:00:00 AM,1,0,0,36.280570,-86.707280,ODETTE ST,,,,0.00,,,,,,,0.00,,, ,"Driveway, Alley Access, etc",None,,,         ,Michelle,Steidl,Clear,Not Collision with Motor Vehicle in Transport,no,no,no,no,yes,False
101972583,METROPOLITAN NASHVILLE POLICE DEPT,20180320605,Davidson,Nashville,4/10/2018 7:09:00 AM,2,1,0,36.155900,-86.826860,I40 E EXT RAMP,,,,0.00,Feet,East,I 40,,,,0.00,N,Not at Intersection,N,Non-Junction,None,,,         ,Walter,Gray II,Clear,Front to Rear,no,no,no,no,no,False
101972584,METROPOLITAN NASHVILLE POLICE DEPT,20180320679,Davidson,Nashville,4/10/2018 7:45:00 AM,2,2,0,36.090960,-86.651100,MURFREESBORO PKE,,,,0.00,,,BOROWOOD DR,,,,0.00,Y,Four-Way,N,Intersection,None,,,         ,Eric,Wegener,Clear,Front to Rear,no,no,no,no,no,False
101972591,METROPOLITAN NASHVILLE POLICE DEPT,20180320661,Davidson,Nashville,4/10/2018 7:20:00 AM,2,0,0,36.148310,-86.745290,I 40,,,,0.00,,,,,,,211.90,N,Not at Intersection, ,Non-Junction,None,,,         ,Zachary,Scott,Clear,"Sideswipe, Same Direction",no,no,no,no,no,False
101972597,METROPOLITAN NASHVILLE POLICE DEPT,20180320686,Davidson,Nashville,4/10/2018 7:49:00 AM,4,1,0,36.115520,-86.773160,I 65,,,,0.00,,,,,,,80.15,N,Not at Intersection,N,Non-Junction,None,,,         ,Jon,Mcvey,Clear,Front to Rear,no,no,no,no,no,False
101972602,METROPOLITAN NASHVILLE POLICE DEPT,20180320578,Davidson,Nashville,4/10/2018 6:20:00 AM,2,1,0,36.089620,-86.622140,SMITH SPRINGS RD,,,,0.00,,,RURAL HILL RD,,,,0.00,Y,T-Intersection,N,Intersection,None,,,         ,Scott,Toney,Clear,Angle,no,no,no,no,no,False
101972603,METROPOLITAN NASHVILLE POLICE DEPT,20180320760,Davidson,Nashville,4/10/2018 8:20:00 AM,2,1,0,36.081550,-86.629850,BELL RD,,,,41.00,Feet,East,PRIEST LAKE DR,,,,0.00,N,Not at Intersection, ,Non-Junction,None,,,         ,Scott,Toney,Clear,Front to Rear,no,no,no,no,no,False
101972613,METROPOLITAN NASHVILLE POLICE DEPT,2018-0320671,Davidson,Nashville,4/10/2018 8:00:00 AM,3,1,0,36.250160,-86.741400,I 65,,,,0.00,,,,,,,91.20,N,Not at Intersection,N,Non-Junction,None,,,         ,Travis,Baxter,Clear,Front to Rear,no,no,no,no,no,False
101972620,METROPOLITAN NASHVILLE POLICE DEPT,20180320615,Davidson,Nashville,4/10/2018 6:44:00 AM,6,1,0,36.129830,-86.805740,ASHWOOD AV,,,,395.00,Feet,South,25TH AVS,,,,0.00,N,Not at Intersection,N,Non-Junction,None,,,         ,Walter,Cothran,Clear,"Sideswipe, Same Direction",no,no,no,no,no,False
101972622,METROPOLITAN NASHVILLE POLICE DEPT,20180320805,Davidson,Nashville,4/10/2018 7:56:00 AM,2,0,0,36.124990,-86.752200,NOLENSVILLE PKE,,,,0.00,,,ROSEDALE AV,,,,0.00,Y,T-Intersection, ,Intersection,None,,,         ,Raymond,Flaherty,Clear,Angle,no,no,no,no,yes,False
101972623,METROPOLITAN NASHVILLE POLICE DEPT,20180320881,Davidson,Nashville,4/10/2018 8:52:00 AM,2,0,0,36.137940,-86.775900,I 65,,,,0.00,,,,,,,81.65,N,Not at Intersection, ,Non-Junction,None,,,         ,Raymond,Flaherty,Clear,Front to Rear,no,no,no,no,no,False
101972624,METROPOLITAN NASHVILLE POLICE DEPT,20180320939,Davidson,Nashville,4/10/2018 9:30:00 AM,2,0,0,36.044940,-86.659760,BELL RD,,,,0.00,,,I24 E ENT RAMP,,,,0.00,Y,T-Intersection, ,Intersection-Related,None,,,         ,Steven,Williams,Clear,Front to Rear,no,no,no,no,yes,False
101972626,METROPOLITAN NASHVILLE POLICE DEPT,20180320789,Davidson,Nashville,4/10/2018 8:32:00 AM,3,0,0,36.177150,-86.776140,COWAN ST,,,,100.00,Feet,North,SPRING ST,,,,0.00,N,Not at Intersection,N,OtherLocation,None,,,         ,Frank,Campbell,Clear,Front to Rear,no,no,no,no,yes,False
101972629,METROPOLITAN NASHVILLE POLICE DEPT,20180321004,Davidson,Nashville,4/10/2018 9:22:00 AM,2,0,0,36.153610,-86.800990,20TH AVN,,,,85.00,Feet,North,CHURCH ST,,,,0.00,N,Not at Intersection, ,Non-Junction,None,,,         ,Dakota,Vermillion,Clear,Not Collision with Motor Vehicle in Transport,no,no,no,no,no,False
101972630,METROPOLITAN NASHVILLE POLICE DEPT,20180320836,Davidson,Nashville,4/10/2018 8:50:00 AM,2,0,0,36.086830,-86.697270,HARDING PL,,,,178.00,Feet,East,I24 W ENT RAMP,,,,0.00,N,Not at Intersection,N,Non-Junction,None,,,         ,Amy,Hirschmann,Clear,Front to Rear,no,no,no,no,no,False
101972632,GOODLETTSVILLE POLICE DEPT,18-12891,Davidson,Goodlettsville,4/10/2018 8:24:00 AM,2,0,0,36.294850,-86.717350,I 65,,,,0.00,,,,,,,94.70,N,Not at Intersection,N,Non-Junction,None,,,         ,Daniel,Knalls,Clear,Front to Rear,no,no,no,no,no,False
101972638,METROPOLITAN NASHVILLE POLICE DEPT,20180320930,Davidson,Not in City Limit,4/10/2018 9:24:00 AM,1,1,0,36.263070,-86.711920,STATE RT 45,,,,0.00,Feet,,GALLATIN PKEN,,,,0.00,Y,Four-Way,N,Intersection,None,,,         ,Cyretha,Frazier,Clear,Not Collision with Motor Vehicle in Transport,yes,no,no,no,no,False
101972656,METROPOLITAN NASHVILLE POLICE DEPT,20180321030,Davidson,Nashville,4/10/2018 9:40:00 AM,2,1,0,36.134860,-86.784870,WEDGEWOOD AV,,,,0.00,,,10TH AVS,,,,0.00,Y,Four-Way,N,Intersection-Related,None,,,         ,Jon,Mcvey,Clear,Front to Rear,no,no,no,no,yes,False
101972680,METROPOLITAN NASHVILLE POLICE DEPT,20180320680,Davidson,Nashville,4/10/2018 7:30:00 AM,2,0,0,36.125960,-86.730220,I 440,,,,0.00,,,,,,,7.40,N,Not at Intersection, ,Non-Junction,None,,,         ,Todd,Watson,Clear,Front to Rear,no,no,no,no,no,False
101972682,VANDERBILT UNIVERSITY POLICE,20180320960,Davidson,Nashville,4/10/2018 9:30:00 AM,2,0,0,36.137500,-86.800040,WEDGEWOOD AV,,,,213.00,Feet,East,21ST AVS,,,,0.00,N,Not at Intersection,N,Non-Junction,None,,,         ,Casey,Clark,Clear,Front to Rear,no,no,no,no,no,Campus
101972683,METROPOLITAN NASHVILLE POLICE DEPT,20180321075,Davidson,Nashville,4/10/2018 10:20:00 AM,2,0,0,36.142180,-86.744620,FESSLERS LN,,,,235.00,Feet,South,MURFREESBORO PKE,,,,0.00,N,Not at Intersection, ,Non-Junction,None,,,         ,Gerry,Hutcheson,Clear,"Sideswipe, Same Direction",no,no,no,no,no,False
101972689,METROPOLITAN NASHVILLE POLICE DEPT,20180321096,Davidson,Nashville,4/10/2018 8:15:00 AM,2,0,0,36.238390,-86.780910,BRILEY PKWYW,,,,0.00,,,BRICK CHURCH PKE,,,,0.00,Y,OTHER,N,Non-Junction,None,,,         ,Jeanine,Sarno,Clear,"Sideswipe, Same Direction",no,no,no,no,yes,False
101972692,METROPOLITAN NASHVILLE POLICE DEPT,20180320995,Davidson,Old Hickory,4/10/2018 9:45:00 AM,2,1,0,36.267460,-86.668540,BRIDGEWAY,AVE,SR45,BRIDGEWAY RD,0.00,,,ROBINSON,RD,SR45,ROBINSON RD,0.00,Y,Four-Way,Y,Intersection,None,,,         ,Kelsey,Hemminger,Clear,Angle,no,no,no,no,no,False
101972710,METROPOLITAN NASHVILLE POLICE DEPT,20180321191,Davidson,Nashville,4/10/2018 11:00:00 AM,2,0,0,36.067050,-86.643370,RURAL HILL RD,,,,938.00,Feet,North,EVANFIELD CT,,,,0.00,N,Not at Intersection, ,OtherLocation,None,,,         ,Steven,Williams,Clear,"Sideswipe, Opposite Direction",no,no,no,no,no,False
101972738,METROPOLITAN NASHVILLE POLICE DEPT,20180320580,Davidson,Nashville,4/10/2018 6:59:00 AM,3,0,0,36.045600,-86.710820,OLD HICKORY BLVD,,,,727.00,Feet,East,NOLENSVILLE PKE,,,,0.00,N,Not at Intersection,N,Non-Junction,None,,,         ,Jessie,Meadows,Clear,Angle,no,no,no,no,no,False
101972739,METROPOLITAN NASHVILLE POLICE DEPT,20180320796,Davidson,Nashville,4/10/2018 8:31:00 AM,2,0,0,36.117350,-86.725620,I 24,,,,0.00,,,,,,,53.10,N,Not at Intersection, ,Non-Junction,None,,,         ,Jessie,Meadows,Clear,"Sideswipe, Same Direction",no,no,no,no,no,False