master_record_number,agency,agency_tracking_number,county,city,collision_date,vehicles_involved,number_injured,number_dead,latitude,longitude,roadway_name,roadway_suffix,roadway_number,roadway_local_id,distance_from_reference,miles-feet_indicator,direction_from_reference,intersection_road_name,intersection_road_name_suffix,intersection_road_number,intersection_local_id,mile_marker,intersection_indicator,intersect_type,interchange_related_indicator,relation_to_junction,work_zone_type,construction_maintenance_zone,construction_maintenance_zone_location,fatal_case_number,officer_first_name,officer_last_name,weather_condition(s),manner_of_crash,pedestrian,bicycle,scooter,parking,hitrun,mou
101972740,METROPOLITAN NASHVILLE POLICE DEPT,20180320910,Davidson,Nashville,4/10/2018 8:50:00 AM,2,0,0,36.049060,-86.665160,I 24,,,,0.00,,,,,,,59.00,N,Not at Intersection, ,Non-Junction,None,,,         ,Jessie,Meadows,Clear,"Sideswipe, Same Direction",no,no,no,no,no,False
101972741,METROPOLITAN NASHVILLE POLICE DEPT,20180321423,Davidson,Nashville,4/10/2018 12:28:00 PM,2,0,0,36.143980,-86.793030,16TH AVS,,,,165.00,Feet,South,TREMONT ST,,,,0.00,N,Not at Intersection,N,Non-Junction,None,,,         ,Dakota,Vermillion,Clear,Angle,no,no,no,no,no,False
101972743,METROPOLITAN NASHVILLE POLICE DEPT,20180321449,Davidson,Nashville,4/10/2018 12:42:00 PM,2,0,0,36.179520,-86.783180,ADAMS ST,,,,118.00,Feet,North,MONROE ST,,,,0.00,N,Not at Intersection, ,,None,,,         ,Daryl,Howard,,,no,no,no,no,no,False
101972749,METROPOLITAN NASHVILLE POLICE DEPT,20180321430,Davidson,Nashville,4/10/2018 12:26:00 PM,2,0,0,36.153250,-86.794010,17TH AVS,,,,0.00,,,BROADWAY,,,,0.00,Y,Four-Way,Y,Intersection,None,,,         ,Walter,Cothran,Clear,Angle,no,no,no,no,no,False
101972764,METROPOLITAN NASHVILLE POLICE DEPT,20180321406,Davidson,Nashville,4/10/2018 12:25:00 PM,2,1,0,36.154010,-86.817980,CHARLOTTE AV,,,,71.00,Feet,East,28TH AVN,,,,0.00,N,Not at Intersection,N,Non-Junction,None,,,         ,Isaac,Wood,Cloudy,Front to Rear,no,no,no,no,no,False
101972765,METROPOLITAN NASHVILLE POLICE DEPT,20180320721,Davidson,Nashville,4/10/2018 7:50:00 AM,2,0,0,36.188130,-86.797560,DOMINICAN DR,,,,222.00,Feet,West,FRENCH LANDING DR,,,,0.00,N,Not at Intersection,N,Non-Junction,None,,,         ,Wesley,Young,Clear,Front to Rear,no,no,no,no,no,False
101972783,METROPOLITAN NASHVILLE POLICE DEPT,20180321343,Davidson,Nashville,4/10/2018 12:02:00 PM,2,1,0,36.064790,-86.628480,HAMILTON CHURCH RD,,,,0.00,,,MURFREESBORO PKE,,,,0.00,Y,Four-Way,N,Intersection,None,,,         ,Brian,Etchison,Clear,Angle,no,no,no,no,no,False
101972849,METROPOLITAN NASHVILLE POLICE DEPT,20180321626,Davidson,Nashville,4/10/2018 1:52:00 PM,2,1,0,36.233290,-86.758630,DICKERSON PKE,,,,53.00,Feet,North,MAPLEWOOD TRC,,,,0.00,N,Not at Intersection, ,Non-Junction,None,,,         ,Michael,Agee,Cloudy,Front to Rear,no,no,no,no,yes,False
101972850,METROPOLITAN NASHVILLE POLICE DEPT,20180321366,Davidson,Nashville,4/10/2018 12:07:00 PM,2,0,0,36.163190,-86.776200,COMMERCE ST,,,,44.00,Feet,West,2ND AVN,,,,0.00,N,Not at Intersection, ,OtherLocation,None,,,         ,Frank,Campbell,Cloudy,Other,no,no,no,no,no,False
101972855,METROPOLITAN NASHVILLE POLICE DEPT,20180321344,Davidson,Nashville,4/10/2018 11:55:00 AM,2,0,0,36.089590,-86.688520,EZELL PKE,,,,0.00,,,HARDING PL,,,,0.00,Y,Four-Way, ,,None,,,         ,Jon,Mcvey,,,no,no,no,no,no,False
101972873,METROPOLITAN NASHVILLE POLICE DEPT,2018-0321321,Davidson,Nashville,4/10/2018 11:54:00 AM,2,1,0,36.045530,-86.711540,OLD HICKORY BLVD,,,,509.00,Feet,East,NOLENSVILLE PKE,,,,0.00,N,Not at Intersection,N,Non-Junction,None,,,         ,Stanley,Collins,Clear,Angle,no,no,no,yes,no,False
101972898,TENNESSEE STATE UNIVERSITY ,18-TSU-22406,Davidson,Nashville,4/10/2018 12:12:00 PM,2,0,0,36.162810,-86.789050,CHARLOTTE AV,,,,0.00,,,GULCH GRNWY,,,,0.00,Y,OTHER, ,Non-Junction,None,,,         ,Harold,Taylor,Clear,Angle,no,no,no,yes,no,False
101972901,METROPOLITAN NASHVILLE POLICE DEPT,20180321643,Davidson,Nashville,4/10/2018 2:00:00 PM,2,0,0,36.185650,-86.747570,GALLATIN AV,,,,0.00,,,SEYMOUR AV,,,,0.00,Y,Four-Way,N,Intersection,None,,,         ,Erik,Nash,Clear,"Sideswipe, Same Direction",no,no,no,no,no,False
101972908,METROPOLITAN NASHVILLE POLICE DEPT,20180321566,Davidson,Goodlettsville,4/10/2018 1:20:00 PM,2,0,0,36.297880,-86.698380,GALLATIN PKEN,,,,420.00,Feet,North,RIVERGATE PKWY,,,,0.00,N,Not at Intersection,N,Non-Junction,None,,,         ,Peter,Lynch,Cloudy,Front to Rear,no,no,no,no,no,False
101972926,METROPOLITAN NASHVILLE POLICE DEPT,20180321678,Davidson,Nashville,4/10/2018 2:14:00 PM,2,1,0,36.078480,-86.772950,FRANKLIN PKE,,,,41.00,Feet,South,LAMBERT DR,,,,0.00,N,Not at Intersection,N,Non-Junction,None,,,         ,Jon,Mcvey,Clear,Front to Rear,no,no,no,no,yes,False
101972945,METROPOLITAN NASHVILLE POLICE DEPT,20180321742,Davidson,Nashville,4/10/2018 12:54:00 PM,2,0,0,36.209940,-86.775880,I 65,,,,0.00,,,,,,,87.60,N,Not at Intersection, ,Non-Junction,None,,,         ,Christopher,Littles,Clear,Not Collision with Motor Vehicle in Transport,no,no,no,no,no,False
101972963,METROPOLITAN NASHVILLE POLICE DEPT,20180321684,Davidson,Nashville,4/10/2018 2:15:00 PM,2,0,0,36.153870,-86.839280,I 40,,,,0.00,,,,,,,205.00,N,Not at Intersection,N,Non-Junction,None,,,         ,Charles,Boles,Clear,Front to Rear,no,no,no,no,no,False
101973018,METROPOLITAN NASHVILLE POLICE DEPT,20180320977,Davidson,Nashville,4/10/2018 10:20:00 AM,1,0,0,36.088550,-86.690070,HARDING PL,,,,580.00,Feet,West,EZELL PKE,,,,0.00,N,Not at Intersection,N,Non-Junction,None,,,         ,Jessie,Meadows,Clear,Not Collision with Motor Vehicle in Transport,no,no,no,no,no,False
101973019,METROPOLITAN NASHVILLE POLICE DEPT,20180321438,Davidson,Nashville,4/10/2018 12:44:00 PM,2,0,0,36.042430,-86.712370,MILL CREEK WHITTEMORE GRNWY,,,,104.00,Feet,East,MILL CREEK WHITTLEMORE GRNWY,,,,0.00,N,Not at Intersection,N,Non-Junction,None,,,         ,Jessie,Meadows,Clear,Front to Rear,no,no,no,yes,yes,False
101973020,METROPOLITAN NASHVILLE POLICE DEPT,20180321631,Davidson,Nashville,4/10/2018 1:40:00 PM,3,0,0,36.142710,-86.744110,MURFREESBORO PKE,,,,80.00,Feet,East,FESSLERS LN,,,,0.00,N,Not at Intersection,N,Non-Junction,None,,,         ,Jessie,Meadows,Clear,Front to Rear,no,no,no,no,no,False
101973021,METROPOLITAN NASHVILLE POLICE DEPT,20180321771,Davidson,Antioch,4/10/2018 2:36:00 PM,1,0,0,36.044530,-86.608310,MURFREESBORO PKE,,,,351.00,Feet,South,MOUNTAIN SPRINGS RD,,,,0.00,N,Not at Intersection, ,Non-Junction,None,,,         ,Hillary,Sherman,Clear,Not Collision with Motor Vehicle in Transport,no,no,no,yes,no,False
101973028,METROPOLITAN NASHVILLE POLICE DEPT,20180321748,Davidson,Nashville,4/10/2018 2:34:00 PM,2,2,0,36.162550,-86.761360,I 24,,,,0.00,,,,,,,49.30,N,Not at Intersection,N,Non-Junction,None,,,         ,Jim,Crissman,Clear,Front to Rear,no,no,no,no,no,False
101973034,METROPOLITAN NASHVILLE POLICE DEPT,20180321765,Davidson,Nashville,4/10/2018 2:25:00 PM,2,0,0,36.158250,-86.775400,4TH AVS,,,,0.00,,,MOLLOY ST,,,,0.00,Y,T-Intersection, ,Non-Junction,None,,,         ,Joseph,Bingham,Clear,"Sideswipe, Same Direction",no,no,no,no,no,False
101973035,METROPOLITAN NASHVILLE POLICE DEPT,2018-0321841,Davidson,Not in City Limit,4/10/2018 3:09:00 PM,2,2,0,36.114720,-86.926110,CHARLOTTE PKE,,,,87.00,Feet,West,SAWYER BROWN RD,,,,0.00,N,Not at Intersection,N,Non-Junction,None,,,         ,Ryan,Allen,Clear,Front to Rear,no,no,no,no,no,False
101973044,METROPOLITAN NASHVILLE POLICE DEPT,20180321681,Davidson,Antioch,4/10/2018 2:10:00 PM,2,4,0,36.042770,-86.606690,HOBSON PKE,,,,49.00,Feet,West,MURFREESBORO PKE,,,,0.00,N,Not at Intersection,N,Non-Junction,None,,,         ,Eric,Wegener,Clear,Not Collision with Motor Vehicle in Transport,no,no,no,no,no,False
101973046,METROPOLITAN NASHVILLE POLICE DEPT,20180321919,Davidson,Nashville,4/10/2018 2:40:00 PM,2,0,0,36.153150,-86.764690,I24 W ENT RAMP,,,,0.00,Feet,East,I 40,,,,0.00,N,Not at Intersection, ,Non-Junction,None,,,         ,Marvis,Malone,Cloudy,Front to Rear,no,no,no,no,no,False
101973057,METROPOLITAN NASHVILLE POLICE DEPT,20180321928,Davidson,Nashville,4/10/2018 3:25:00 PM,2,0,0,36.158250,-86.616380,BELL RD,,,,2073.00,Feet,South,DODSON CHAPEL RD,,,,0.00,N,Not at Intersection, ,,None,,,         ,Seth,Vaughn,,,no,no,no,no,no,False
101973062,METROPOLITAN NASHVILLE POLICE DEPT,2018-0322035,Davidson,Nashville,4/10/2018 4:20:00 PM,2,0,0,36.131630,-86.857430,WHITE BRIDGE RD PVTDR,,,,0.00,,,WHITE BRIDGE PKE,,,,0.00,Y,T-Intersection,N,Intersection,None,,,         ,Ryan,Allen,Clear,Angle,no,no,no,no,no,False
101973065,METROPOLITAN NASHVILLE POLICE DEPT,20180322023,Davidson,Not in City Limit,4/9/2018 10:30:00 PM,1,0,0,36.017190,-86.641450,CANE RIDGE RD,,,,1816.00,Feet,South,CANE SPRINGS RD,,,,0.00,N,Not at Intersection, ,Non-Junction,None,,,         ,Jim,Crissman,Clear,Not Collision with Motor Vehicle in Transport,no,no,no,no,no,False
101973070,METROPOLITAN NASHVILLE POLICE DEPT,20180322127,Davidson,Antioch,4/10/2018 2:51:00 PM,2,0,0,36.050170,-86.606140,GROVEDALE TRC,,,,37.00,Feet,West,PIN HOOK RD,,,,0.00,N,Not at Intersection, ,,None,,,         ,Hillary,Sherman,,,no,no,no,no,no,False
101973073,METROPOLITAN NASHVILLE POLICE DEPT,20180322010,Davidson,Nashville,4/10/2018 4:03:00 PM,2,0,0,36.108180,-86.812430,HILLSBORO PKE,,,,204.00,Feet,South,GLEN ECHO RD,,,,0.00,N,Not at Intersection, ,Non-Junction,None,,,         ,Ryan,Storm,Clear,Front to Rear,no,no,no,no,no,False
101973078,METROPOLITAN NASHVILLE POLICE DEPT,20180322036,Davidson,Nashville,4/10/2018 4:34:00 PM,3,0,0,36.240880,-86.753380,BRILEY PKWYE,,,,600.00,Feet,East,BRILEY PKWYW,,,,0.00,N,Not at Intersection,N,Entrance/Exit Ramp Related,None,,,         ,Christopher,Littles,Clear,Front to Rear,no,no,no,no,no,False
101973080,Nashville Airport Police,2018-01300,Davidson,Nashville,4/9/2018 4:00:00 PM,2,0,0,36.138300,-86.666080,SATELLITE WAY,,,,540.00,Feet,North,SATELLITE WAY ENT RAMP,,,,0.00,N,Not at Intersection, ,Non-Junction,None,,,         ,Christopher,Kullman,Clear,Front to Rear,no,no,no,yes,no,False
101973081,METROPOLITAN NASHVILLE POLICE DEPT,20180321981,Davidson,Nashville,4/10/2018 4:00:00 PM,2,0,0,36.144560,-86.813160,WEST END AV,,,,9.00,Feet,West,29TH AVN,,,,0.00,N,Not at Intersection, ,Non-Junction,None,,,         ,Darryl,Williams,Clear,Angle,no,no,no,no,no,Campus
101973086,METROPOLITAN NASHVILLE POLICE DEPT,20180321883,Davidson,Nashville,4/10/2018 2:30:00 PM,2,0,0,36.064810,-86.622110,HAMILTON CHURCH RD,,,,0.00,,,OWENDALE DR,,,,0.00,Y,Four-Way,N,Non-Junction,None,,,         ,Eric,Keller,Clear,Front to Rear,no,no,no,no,yes,False
101973094,METROPOLITAN NASHVILLE POLICE DEPT,20180321762,Davidson,Nashville,4/10/2018 2:36:00 PM,3,0,0,36.112320,-86.687640,MURFREESBORO PKE,,,,453.00,Feet,East,MCGAVOCK PKE,,,,0.00,N,Not at Intersection, ,Non-Junction,None,,,         ,Russell,Ward,Clear,"Sideswipe, Same Direction",no,no,no,no,no,False
101973106,METROPOLITAN NASHVILLE POLICE DEPT,20180322253,Davidson,Nashville,4/10/2018 4:50:00 PM,2,0,0,36.140360,-86.666440,I40 E EXT RAMP,,,,0.00,,,DONELSON PKE,,,,0.00,Y,Y-Intersection,Y,Non-Junction,None,,,         ,Seth,Vaughn,Clear,Front to Rear,no,no,no,no,no,False
101973111,METROPOLITAN NASHVILLE POLICE DEPT,2018-0322315,Davidson,Nashville,4/10/2018 5:46:00 PM,2,0,0,36.119020,-86.836040,ESTES RD,,,,0.00,Feet,East,WOODMONT CIR,,,,0.00,N,Not at Intersection, ,Non-Junction,None,,,         ,Ryan,Allen,Clear,Front to Rear,no,no,no,no,no,False
101973113,METROPOLITAN NASHVILLE POLICE DEPT,20180322053,Davidson,Nashville,4/10/2018 4:31:00 PM,4,2,0,36.145270,-86.822070,I 440,,,,0.00,,,,,,,1.10,N,Not at Intersection,N,Non-Junction,None,,,         ,Ryan,Cagle,Clear,Front to Rear,no,no,no,no,yes,False
101973115,METROPOLITAN NASHVILLE POLICE DEPT,20180322261,Davidson,Nashville,4/10/2018 5:39:00 PM,2,0,0,36.195180,-86.739610,CHESTER AV,,,,94.00,Feet,East,CHAPEL AV,,,,0.00,N,Not at Intersection, ,Non-Junction,None,,,         ,Richard,Conger,Clear,Rear to Rear,no,no,no,no,no,False
101973117,METROPOLITAN NASHVILLE POLICE DEPT,20180322320,Davidson,Nashville,4/10/2018 5:55:00 PM,2,0,0,36.168000,-86.821400,29TH AVN,,,,0.00,,,JOHN A MERRITT BLVD,,,,0.00,Y,Y-Intersection, ,Intersection-Related,None,,,         ,Andy,Esqueda,Clear,Front to Rear,no,no,no,no,no,False
101973142,METROPOLITAN NASHVILLE POLICE DEPT,20180321976,Davidson,Nashville,4/10/2018 12:00:00 AM,2,0,0,36.168380,-86.821090,JOHN A MERRITT BLVD,,,,86.00,Feet,West,ED TEMPLE BLVD,,,,0.00,N,Not at Intersection, ,Non-Junction,None,,,         ,Melvin,Taylor,Clear,Front to Rear,no,no,no,no,no,False
101973143,METROPOLITAN NASHVILLE POLICE DEPT,20180322192,Davidson,Nashville,4/10/2018 12:00:00 AM,2,0,0,36.178000,-86.800770,I 65,,,,0.00,,,,,,,84.85,N,Not at Intersection, ,Non-Junction,None,,,         ,Melvin,Taylor,Clear,"Sideswipe, Same Direction",no,no,no,no,no,False
101973145,METROPOLITAN NASHVILLE POLICE DEPT,20180322236,Davidson,Nashville,4/10/2018 2:15:00 PM,2,0,0,36.179990,-86.678070,MCGAVOCK PKE,,,,13.00,Feet,North,LUMAR LN,,,,0.00,N,Not at Intersection, ,,None,,,         ,Darci,Stechman,,,no,no,no,no,no,False
101973148,METROPOLITAN NASHVILLE POLICE DEPT,20180321885,Davidson,Nashville,4/10/2018 3:30:00 PM,3,2,0,36.116290,-86.834060,WOODMONT BLVD,,,,179.00,Feet,West,CANTRELL AV,,,,0.00,N,Not at Intersection,N,Non-Junction,None,,,         ,Steven,Fisher,Clear,Front to Rear,no,no,no,no,no,False
101973149,METROPOLITAN NASHVILLE POLICE DEPT,20180322294,Davidson,Nashville,4/10/2018 5:42:00 PM,2,0,0,36.066300,-86.774230,HOGAN RD,,,,0.00,,,FRANKLIN PKE,,,,0.00,Y,Four-Way,N,Intersection,None,,,         ,Edin,Plancic,Clear,HeadOn,no,no,no,no,no,False
101973150,METROPOLITAN NASHVILLE POLICE DEPT,20180322352,Davidson,Nashville,4/10/2018 6:19:00 PM,2,0,0,36.195730,-86.627980,JACKSONIAN DR,,,,0.00,,,BONNACREEK DR,,,,0.00,Y,Four-Way,Y,Intersection,None,,,         ,Craig,Gentry,Clear,Angle,no,no,no,no,no,False
101973158,METROPOLITAN NASHVILLE POLICE DEPT,20180322190,Davidson,Nashville,4/10/2018 4:58:00 PM,2,1,0,36.105950,-86.767530,I 65,,,,0.00,,,,,,,79.50,N,Not at Intersection,Y,Entrance/Exit Ramp Related,None,,,         ,David,Robberson,Clear,Angle,no,no,no,no,no,False
101973174,METROPOLITAN NASHVILLE POLICE DEPT,20180321951,Davidson,Nashville,4/10/2018 3:45:00 PM,5,8,0,36.075140,-86.693210,I 24,,,,0.00,,,,,,,56.55,N,Not at Intersection,N,Non-Junction,None,,,         ,Eric,Keller,Clear,Front to Rear,no,no,no,no,no,False
101973175,METROPOLITAN NASHVILLE POLICE DEPT,20180322125,Davidson,Nashville,4/10/2018 12:00:00 AM,3,0,0,36.169970,-86.804650,17TH AVN,,,,0.00,,,JEFFERSON ST,,,,0.00,Y,T-Intersection,N,Intersection-Related,None,,,         ,Russell,Jones,Clear,Front to Rear,no,no,no,no,no,False
101973177,METROPOLITAN NASHVILLE POLICE DEPT,20180322263,Davidson,Nashville,4/10/2018 3:00:00 PM,2,0,0,36.158050,-86.791360,CHURCH ST,,,,16.00,Feet,West,I40 E EXT RAMP,,,,0.00,N,Not at Intersection, ,Non-Junction,None,,,         ,Darryl,Williams,Clear,Front to Rear,no,no,no,no,no,False
101973191,METROPOLITAN NASHVILLE POLICE DEPT,20180321941,Davidson,Nashville,4/10/2018 2:42:00 PM,4,3,0,36.082270,-86.697580,I 24,,,,0.00,,,,,,,56.00,N,Not at Intersection,N,Non-Junction,None,,,         ,Johnathon,Birdwell,Clear,Angle,no,no,no,no,yes,False
101973192,METROPOLITAN NASHVILLE POLICE DEPT,20180322177,Davidson,Nashville,4/10/2018 4:20:00 PM,2,0,0,36.162900,-86.819990,I 40,,,,0.00,,,,,,,206.30,N,Not at Intersection,N,Entrance/Exit Ramp Related,None,,,         ,Paxton,Montgomery,Clear,"Sideswipe, Same Direction",no,no,no,no,no,False
101973206,METROPOLITAN NASHVILLE POLICE DEPT,20180320511,Davidson,Nashville,4/10/2018 6:06:00 AM,2,0,0,36.241960,-86.757080,DICKERSON PKE,,,,0.00,,,DICKERSON PKE ENT RAMP,,,,0.00,Y,Y-Intersection,N,Entrance/Exit Ramp Related,None,,,         ,Craig,Amabile,Clear,"Sideswipe, Opposite Direction",no,no,no,no,no,False
101973230,METROPOLITAN NASHVILLE POLICE DEPT,20180322389,Davidson,Nashville,4/10/2018 6:36:00 PM,1,1,0,36.157820,-86.616920,BELL RD,,,,2268.00,Feet,East,BELL RD PVTDR,,,,0.00,N,Not at Intersection,N,Non-Junction,None,,,         ,Cheri,Cox,Clear,Not Collision with Motor Vehicle in Transport,yes,no,no,yes,no,False
101973240,METROPOLITAN NASHVILLE POLICE DEPT,20180322704,Davidson,Nashville,4/10/2018 8:30:00 PM,2,1,0,36.047050,-86.662240,I 24,,,,0.00,,,,,,,59.20,N,Not at Intersection,N,Non-Junction,None,,,         ,Eric,Keller,Clear,Front to Rear,no,no,no,no,no,False
101973257,METROPOLITAN NASHVILLE POLICE DEPT,20180321960,Davidson,Nashville,4/10/2018 3:48:00 PM,2,1,0,36.127570,-86.843880,WOODLAWN DR,,,,0.00,Feet,,HARDING PKE,,,,0.00,Y,Four-Way,N,Intersection-Related,None,,,         ,Torian,Cox,Clear,Angle,no,no,no,no,no,False
101973258,METROPOLITAN NASHVILLE POLICE DEPT,20180322655,Davidson,Nashville,4/10/2018 8:18:00 PM,2,0,0,36.046380,-86.661110,I 24,,,,0.00,,,,,,,59.30,N,Not at Intersection,N,Non-Junction,None,,,         ,William,Durham,Clear,Front to Rear,no,no,no,no,no,False
101973259,METROPOLITAN NASHVILLE POLICE DEPT,20180322527,Davidson,Nashville,4/10/2018 7:33:00 PM,2,2,0,36.015140,-86.620270,I24 W EXT RAMP,,,,0.00,Feet,,I 24,,,,0.00,Y,Four-Way,N,Intersection,None,,,         ,Richard,Olive,Clear,Angle,no,no,no,no,no,False
101973296,METROPOLITAN NASHVILLE POLICE DEPT,20180322173,Davidson,Not in City Limit,4/10/2018 12:00:00 AM,2,0,0,36.282090,-86.804410,I 24,,,,0.00,,,,,,,40.15,N,Not at Intersection,N,Non-Junction,None,,,         ,Joel,Callies,Clear,Front to Rear,no,no,no,no,no,False
101973326,METROPOLITAN NASHVILLE POLICE DEPT,20180321870,Davidson,Nashville,4/10/2018 3:31:00 PM,1,1,0,36.122970,-86.665830,AIRPORT SERVICE RD,,,,2380.00,Feet,North,DONELSON PKE,,,,0.00,N,Not at Intersection,N,Non-Junction,None,,,         ,Dontaveous,Eubanks,Clear,Not Collision with Motor Vehicle in Transport,no,no,no,no,no,False
101973327,METROPOLITAN NASHVILLE POLICE DEPT,20180322526,Davidson,Nashville,4/10/2018 6:05:00 PM,2,0,0,36.079140,-86.727680,HARDING PL,,,,436.00,Feet,West,NOLENSVILLE PKE,,,,0.00,N,Not at Intersection, ,"Driveway, Alley Access, etc",None,,,         ,John,Roberson,Clear,Angle,no,no,no,no,no,False
101973343,METROPOLITAN NASHVILLE POLICE DEPT,2018-0322728,Davidson,Not in City Limit,4/10/2018 12:00:00 AM,1,0,0,36.081190,-86.929560,HICKS RD,,,,279.00,Feet,East,POST CREEK RD,,,,0.00,N,Not at Intersection,N,Non-Junction,None,,,         ,Ryan,Allen,Clear,Not Collision with Motor Vehicle in Transport,no,no,no,no,yes,False
101973367,METROPOLITAN NASHVILLE POLICE DEPT,20180322932,Davidson,Nashville,4/10/2018 8:30:00 PM,1,0,0,36.120820,-86.790540,KIRKWOOD AV,,,,0.00,Feet,East,12TH AVS,,,,0.00,N,Not at Intersection,Y,Non-Junction,None,,,         ,Ryan,Cagle,Clear,Not Collision with Motor Vehicle in Transport,no,no,no,no,yes,False
101973381,METROPOLITAN NASHVILLE POLICE DEPT,20180321761,Davidson,Nashville,4/10/2018 2:24:00 PM,2,0,0,36.046530,-86.743820,EDMONDSON PKE,,,,482.00,Feet,North,BRIGHTON VILLAGE DR,,,,0.00,N,Not at Intersection, ,Non-Junction,None,,,         ,John,Roberson,Clear,Front to Rear,no,no,no,no,no,False
101973389,METROPOLITAN NASHVILLE POLICE DEPT,20180322632,Davidson,Nashville,4/10/2018 8:02:00 PM,2,0,0,36.152940,-86.755580,I 40,,,,0.00,,,,,,,211.25,N,Not at Intersection, ,,None,,,         ,Samuel,Sundra,,,no,no,no,no,no,False
101973411,METROPOLITAN NASHVILLE POLICE DEPT,20180322880,Davidson,Nashville,4/10/2018 9:39:00 PM,3,1,0,36.185300,-86.636500,JACKSON DOWNS BLVD,,,,0.00,,,LEBANON PKE,,,,0.00,Y,T-Intersection,Y,Intersection,None,,,         ,Allyson,Reis,Clear,Angle,no,no,no,no,no,False
101973424,METROPOLITAN NASHVILLE POLICE DEPT,20180322805,Davidson,Nashville,4/10/2018 9:12:00 PM,1,1,0,36.134870,-86.788970,W GROVE AV,,,,0.00,,,12TH AVS,,,,0.00,Y,T-Intersection,N,Non-Junction,None,,,         ,Darryl,Williams,Clear,Not Collision with Motor Vehicle in Transport,yes,no,no,no,no,False
101973429,METROPOLITAN NASHVILLE POLICE DEPT,20180323072,Davidson,Nashville,4/10/2018 10:00:00 PM,2,0,0,36.210880,-86.838000,NORTHSIDE STATION PVTDR,,,,276.00,Feet,East,CLARKSVILLE PKE,,,,0.00,N,Not at Intersection,N,Non-Junction,None,,,         ,James,Murphy,Clear,"Sideswipe, Same Direction",no,no,no,yes,yes,False
101973430,METROPOLITAN NASHVILLE POLICE DEPT,20180323033,Davidson,Nashville,4/10/2018 10:55:00 PM,2,1,0,36.150700,-86.770350,I 40,,,,0.00,,,,,,,210.40,N,Not at Intersection,N,Non-Junction,Construction Zone,Work On Shoulder Or Median,Advanced Warning Area,         ,Steven,Wiser,Clear,Front to Rear,no,no,no,no,yes,False
101973442,METROPOLITAN NASHVILLE POLICE DEPT,20180323095,Davidson,Nashville,4/10/2018 11:20:00 PM,2,1,0,36.147920,-86.806470,24TH AVS,,,,0.00,,,WEST END AV,,,,0.00,Y,Four-Way,N,Intersection,None,,,         ,Eugene,Martino,Clear,Front to Rear,no,no,no,no,yes,Campus
101973453,METROPOLITAN NASHVILLE POLICE DEPT,20180323064,Davidson,Nashville,4/10/2018 11:05:00 PM,2,0,0,36.145230,-86.666750,DONELSON PKE,,,,0.00,,,SHACKLETT DR,,,,0.00,Y,OTHER, ,Intersection-Related,None,,,         ,Joseph,Zambardi,Clear,Angle,no,no,no,no,no,False
101973475,METROPOLITAN NASHVILLE POLICE DEPT,20180323548,Davidson,Nashville,4/11/2018 2:02:00 AM,2,0,0,36.152410,-86.857810,I 40,,,,0.00,,,,,,,204.00,N,Not at Intersection,Y,Non-Junction,None,,,         ,Laura,Mullin,Clear,"Sideswipe, Same Direction",no,no,no,no,no,False
101973477,METROPOLITAN NASHVILLE POLICE DEPT,20180323267,Davidson,Not in City Limit,4/11/2018 12:25:00 AM,3,1,0,36.010230,-86.680100,BROKEN BOW DR,,,,245.00,Feet,South,TEE PEE TRC,,,,0.00,N,Not at Intersection,N,Non-Junction,None,,,         ,Michael,Baggech,Clear,Angle,no,no,no,no,no,False
101973488,METROPOLITAN NASHVILLE POLICE DEPT,20180323071,Davidson,Nashville,4/10/2018 10:30:00 PM,2,0,0,36.164310,-86.782520,6TH AVN,,,,135.00,Feet,North,UNION ST,,,,0.00,N,Not at Intersection, ,Non-Junction,None,,,         ,Austin,Childress,Clear,"Sideswipe, Same Direction",no,no,no,no,no,False
101973515,METROPOLITAN NASHVILLE POLICE DEPT,20180323899,Davidson,Nashville,4/11/2018 5:06:00 AM,2,0,0,36.142470,-86.646210,ELM HILL PKE,,,,1137.00,Feet,East,MCCRORY CREEK RD,,,,0.00,N,Not at Intersection, ,Non-Junction,None,,,         ,Bridget,Griepentrog,Clear,Front to Rear,no,no,no,no,no,False
101973543,METROPOLITAN NASHVILLE POLICE DEPT,20180323993,Davidson,Nashville,4/11/2018 5:52:00 AM,2,0,0,36.039940,-86.742460,OLD HICKORY BLVD,,,,303.00,Feet,East,EDMONDSON PKE,,,,0.00,N,Not at Intersection, ,Non-Junction,None,,,         ,Brandon,Rardin,Clear,Front to Rear,no,no,no,no,no,False
101973545,METROPOLITAN NASHVILLE POLICE DEPT,20180321337,Davidson,Not in City Limit,4/10/2018 12:01:00 PM,2,1,0,36.266530,-86.690110,MYATT DR,,,,0.00,,,N DUPONT AV,,,,0.00,Y,Four-Way,N,Intersection,Maintenance Zone,Laneclosure,Transition Area,         ,William,Waters,Clear,Angle,no,no,no,no,no,False
101973563,METROPOLITAN NASHVILLE POLICE DEPT,20180324018,Davidson,Nashville,4/11/2018 6:03:00 AM,2,0,0,36.246680,-86.721170,BERKLEY DR,,,,0.00,,,GALLATIN PKES,,,,0.00,Y,T-Intersection,Y,Intersection,None,,,         ,Chad,Mahoney,Clear,"Sideswipe, Same Direction",no,no,no,no,yes,False
101973582,Nashville Airport Police,2018-01292,Davidson,Nashville,4/9/2018 9:04:00 AM,2,0,0,36.136160,-86.667550,TERMINAL DR,,,,0.00,,,TERMINAL DR,,,,0.00,Y,OTHER, ,Non-Junction,None,,,         ,Lynn,Oliver,Clear,"Sideswipe, Same Direction",no,no,no,no,no,False