master_record_number,agency,agency_tracking_number,county,city,collision_date,vehicles_involved,number_injured,number_dead,latitude,longitude,roadway_name,roadway_suffix,roadway_number,roadway_local_id,distance_from_reference,miles-feet_indicator,direction_from_reference,intersection_road_name,intersection_road_name_suffix,intersection_road_number,intersection_local_id,mile_marker,intersection_indicator,intersect_type,interchange_related_indicator,relation_to_junction,work_zone_type,construction_maintenance_zone,construction_maintenance_zone_location,fatal_case_number,officer_first_name,officer_last_name,weather_condition(s),manner_of_crash,pedestrian,bicycle,scooter,parking,hitrun,mou
101974314,METROPOLITAN NASHVILLE POLICE DEPT,20180326033,Davidson,Nashville,4/11/2018 6:10:00 PM,2,0,0,36.117250,-86.755070,NEWSOME ST,,,,0.00,Feet,,EUGENIA AV,,,,0.00,Y,Four-Way, ,Intersection,None,,,         ,FELIKS,ABRAHAMYAN,Clear,HeadOn,no,no,no,no,no,False
101974316,METROPOLITAN NASHVILLE POLICE DEPT,20180325684,Davidson,Nashville,4/11/2018 4:44:00 PM,3,1,0,36.239540,-86.780610,BRILEY PKWY W EXT RAMP,,,,0.00,Feet,East,BRICK CHURCH PKE,,,,0.00,N,Not at Intersection,Y,Non-Junction,None,,,         ,Jason,Dudley,Cloudy,Front to Rear,no,no,no,no,yes,False
101974320,METROPOLITAN NASHVILLE POLICE DEPT,20180325883,Davidson,Nashville,4/11/2018 5:15:00 PM,2,0,0,36.152790,-86.773370,5TH AVS,,,,0.00,,,ELM ST,,,,0.00,Y,Four-Way,N,Non-Junction,None,,,         ,Seth,Quiles,Clear,"Sideswipe, Same Direction",no,no,no,no,yes,False
101974325,METROPOLITAN NASHVILLE POLICE DEPT,20180325973,Davidson,Nashville,4/11/2018 6:30:00 PM,2,0,0,36.153400,-86.800840,20TH AVN,,,,0.00,,,CHURCH ST,,,,0.00,Y,Four-Way,N,Intersection,None,,,         ,Eric,Burford,Clear,Angle,no,no,no,no,yes,Campus
101974353,METROPOLITAN NASHVILLE POLICE DEPT,20180325698,Davidson,Nashville,4/11/2018 4:22:00 PM,2,0,0,36.134290,-86.774730,WEDGEWOOD AV,,,,0.00,,,I65 N EXT RAMP,,,,0.00,Y,Four-Way, ,Entrance/Exit Ramp Related,None,,,         ,John,Roberson,Clear,"Sideswipe, Same Direction",no,no,no,no,no,False
101974361,METROPOLITAN NASHVILLE POLICE DEPT,20180325924,Davidson,Nashville,4/11/2018 4:50:00 PM,2,1,0,36.105520,-86.868230,LEAKE AV,,,,0.00,,,HARDING PKE,,,,0.00,Y,OTHER,N,Non-Junction,None,,,         ,Torian,Cox,Clear,Front to Rear,no,no,no,no,no,False
101974373,METROPOLITAN NASHVILLE POLICE DEPT,20180326250,Davidson,Nashville,4/11/2018 8:20:00 AM,2,0,0,36.050640,-86.647230,BELL RD,,,,101.00,Feet,West,HICKORY HOLLOW TER,,,,0.00,N,Not at Intersection, ,Non-Junction,None,,,         ,Devonte,Coleman,Clear,Front to Rear,no,no,no,no,no,False
101974395,METROPOLITAN NASHVILLE POLICE DEPT,20180325795,Davidson,Antioch,4/11/2018 5:23:00 PM,3,4,0,36.032660,-86.611920,OLD HICKORY BLVD,,,,0.00,,,PRESERVE BLVD,,,,0.00,Y,T-Intersection,N,Intersection,None,,,         ,Patrick,Martin,Clear,Front to Rear,no,no,no,no,no,False
101974406,METROPOLITAN NASHVILLE POLICE DEPT,20180325936,Davidson,Nashville,4/11/2018 6:10:00 PM,2,0,0,36.090580,-86.626520,BELL RD,,,,88.00,Feet,North,SMITH SPRINGS RD,,,,0.00,N,Not at Intersection,N,Non-Junction,None,,,         ,Cheri,Cox,Clear,"Sideswipe, Same Direction",no,no,no,yes,yes,False
101974407,METROPOLITAN NASHVILLE POLICE DEPT,20180325970,Davidson,Nashville,4/11/2018 6:30:00 PM,2,0,0,36.115870,-86.784450,I 440,,,,0.00,,,,,,,4.30,N,Not at Intersection,N,Non-Junction,None,,,         ,Brandon,Hughes,Clear,Front to Rear,no,no,no,no,yes,False
101974419,METROPOLITAN NASHVILLE POLICE DEPT,20180326069,Davidson,Nashville,4/11/2018 7:11:00 PM,2,1,0,36.203930,-86.738320,LELAND AV,,,,0.00,,,GALLATIN PKE,,,,0.00,Y,T-Intersection,N,Intersection,None,,,         ,James,Smith,Cloudy,Other,no,no,no,no,yes,False
101974420,METROPOLITAN NASHVILLE POLICE DEPT,2018-0325556,Davidson,Nashville,4/11/2018 4:08:00 PM,2,0,0,36.082610,-86.727250,NOLENSVILLE PKE,,,,0.00,,,WELSHWOOD DR,,,,0.00,Y,T-Intersection,N,Intersection-Related,None,,,         ,William,King,Clear,Angle,no,no,no,no,no,False
101974428,METROPOLITAN NASHVILLE POLICE DEPT,20180326136,Davidson,Antioch,4/11/2018 7:35:00 PM,2,2,0,36.016310,-86.620010,OLD HICKORY BLVD,,,,198.00,Feet,South,FIRESTONE PKWY,,,,0.00,N,Not at Intersection,N,Non-Junction,None,,,         ,Patrick,Martin,Clear,Front to Rear,no,no,no,no,no,False
101974440,METROPOLITAN NASHVILLE POLICE DEPT,20180326262,Davidson,Nashville,4/11/2018 12:00:00 AM,2,0,0,36.181400,-86.808190,14TH AVN,,,,478.00,Feet,North,BUCHANAN ST,,,,0.00,N,Not at Intersection, ,Non-Junction,None,,,         ,Melvin,Taylor,Clear,"Sideswipe, Same Direction",no,no,no,no,no,False
101974444,METROPOLITAN NASHVILLE POLICE DEPT,20180325570,Davidson,Nashville,4/11/2018 3:55:00 PM,2,0,0,36.111600,-86.773400,FRANKLIN PKE,,,,9.00,Feet,South,FRANKLIN PKE SB ENT RAMP,,,,0.00,N,Not at Intersection, ,,None,,,         ,Gregory,Scott,,,no,no,no,no,no,False
101974476,METROPOLITAN NASHVILLE POLICE DEPT,20180326329,Davidson,Nashville,4/11/2018 8:44:00 PM,2,1,0,36.154380,-86.761250,I 40,,,,0.00,,,,,,,210.90,N,Not at Intersection,N,Non-Junction,None,,,         ,Brian,Smith,Clear,Angle,no,no,no,no,no,False
101974499,METROPOLITAN NASHVILLE POLICE DEPT,20180326518,Davidson,Nashville,4/11/2018 9:04:00 PM,1,0,0,36.202000,-86.689200,BRILEY PKWYS,,,,605.00,Feet,North,BRILEY PKWYN,,,,0.00,N,Not at Intersection,N,Non-Junction,None,,,         ,Trenton,Searcy,Clear,Not Collision with Motor Vehicle in Transport,no,no,no,no,no,False
101974507,METROPOLITAN NASHVILLE POLICE DEPT,20180326514,Davidson,Nashville,4/11/2018 9:40:00 PM,2,0,0,36.147830,-86.776440,I40 E ENT RAMP,,,,0.00,,,I 40,,,,0.00,Y,OTHER, ,Entrance/Exit Ramp Related,None,,,         ,Douglas,Sykes,Clear,Front to Rear,no,no,no,no,no,False
101974569,METROPOLITAN NASHVILLE POLICE DEPT,20180326208,Davidson,Nashville,4/11/2018 7:10:00 PM,2,0,0,36.155650,-86.789720,BROADWAY,,,,0.00,,,14TH AVS,,,,0.00,Y,Four-Way,N,Intersection,None,,,         ,Eric,Burford,Clear,Angle,no,no,no,no,no,False
101974592,METROPOLITAN NASHVILLE POLICE DEPT,20180326668,Davidson,Nashville,4/11/2018 7:37:00 PM,4,0,0,36.044000,-86.720540,VALLEY BROOK TOWNHOMES PVTDR,,,,627.00,Feet,South,ZERMATT AV,,,,0.00,N,Not at Intersection,N,Non-Junction,None,,,         ,Craig,Oakley,Clear,Angle,no,no,no,yes,yes,False
101974595,METROPOLITAN NASHVILLE POLICE DEPT,20180325677,Davidson,Nashville,4/11/2018 4:45:00 PM,2,0,0,36.173140,-86.648650,LEBANON PKE,,,,314.00,Feet,East,DISSPAYNE DR,,,,0.00,N,Not at Intersection, ,Non-Junction,None,,,         ,Allyson,Reis,Clear,Front to Rear,no,no,no,no,no,False
101974596,METROPOLITAN NASHVILLE POLICE DEPT,20180325766,Davidson,Nashville,4/11/2018 5:15:00 PM,2,1,0,36.225640,-86.597810,ANDREW JACKSON PKWY,,,,0.00,,,SAUNDERSVILLE RD,,,,0.00,Y,Four-Way,N,Non-Junction,None,,,         ,Allyson,Reis,Clear,Front to Rear,no,no,no,no,no,False
101974600,METROPOLITAN NASHVILLE POLICE DEPT,20180326908,Davidson,Nashville,4/12/2018 12:28:00 AM,2,0,0,36.148060,-86.760150,LAFAYETTE ST,,,,91.00,Feet,East,LINCOLN ST,,,,0.00,N,Not at Intersection,N,Non-Junction,None,,,         ,Steven,Rowlett,Clear,Angle,no,no,no,no,no,False
101974627,METROPOLITAN NASHVILLE POLICE DEPT,20180326992,Davidson,Nashville,4/12/2018 1:00:00 AM,1,1,0,36.063470,-86.684250,APACHE TRL,,,,113.00,Feet,South,ARAPAHO BND,,,,0.00,N,Not at Intersection,N,Non-Junction,None,,,         ,David,Smith,Clear,Not Collision with Motor Vehicle in Transport,no,no,no,no,no,False
101974648,METROPOLITAN NASHVILLE POLICE DEPT,20180327484,Davidson,Nashville,4/12/2018 4:23:00 AM,2,2,0,36.134300,-86.776350,I65 S EXT RAMP,,,,0.00,Feet,East,WEDGEWOOD AV,,,,0.00,N,Not at Intersection,Y,Entrance/Exit Ramp Related,None,,,         ,Steven,Wiser,Clear,Angle,no,no,no,no,no,False
101974681,METROPOLITAN NASHVILLE POLICE DEPT,20180327639,Davidson,Not in City Limit,4/12/2018 5:37:00 AM,2,1,0,36.274610,-86.689390,MYATT DR,,,,521.00,Feet,South,MYATT CENTER LN,,,,0.00,N,Not at Intersection,N,Non-Junction,None,,,         ,Michael,Reid,Clear,"Sideswipe, Same Direction",no,no,no,no,no,False
101974691,METROPOLITAN NASHVILLE POLICE DEPT,20180327725,Davidson,Nashville,4/12/2018 6:00:00 AM,2,0,0,36.044760,-86.660470,I24 E ENT RAMP,,,,0.00,,,I 24,,,,0.00,Y,T-Intersection,Y,Intersection,None,,,         ,Kevin,Breeding,Clear,"Sideswipe, Same Direction",no,no,no,no,yes,False
101974715,METROPOLITAN NASHVILLE POLICE DEPT,20180327785,Davidson,Nashville,4/12/2018 6:30:00 AM,2,2,0,36.053640,-86.742890,EDMONDSON PKE,,,,525.00,Feet,North,HUNTINGTON PKWY,,,,0.00,N,Not at Intersection,N,Non-Junction,None,,,         ,Earl,Davis,Clear,Angle,no,no,no,no,no,False
101974725,METROPOLITAN NASHVILLE POLICE DEPT,20180327815,Davidson,Nashville,4/12/2018 6:43:00 AM,2,0,0,36.238150,-86.782600,BRILEY PKWYE,,,,125.00,Feet,East,I24 W EXT RAMP,,,,0.00,N,Not at Intersection, ,Non-Junction,None,,,         ,Spencer,Pittman,Clear,"Sideswipe, Same Direction",no,no,no,no,no,False
101974743,METROPOLITAN NASHVILLE POLICE DEPT,20180327913,Davidson,Nashville,4/12/2018 7:50:00 AM,2,0,0,36.095740,-86.701770,ANTIOCH PKE,,,,1578.00,Feet,East,HARDING INDUSTRIAL DR,,,,0.00,N,Not at Intersection, ,Non-Junction,None,,,         ,Michael,Dudley,Clear,"Sideswipe, Opposite Direction",no,no,no,no,yes,False
101974748,METROPOLITAN NASHVILLE POLICE DEPT,20180327949,Davidson,Nashville,4/12/2018 8:15:00 AM,2,0,0,36.141240,-86.717140,I 40,,,,0.00,,,,,,,213.80,N,Not at Intersection, ,Non-Junction,None,,,         ,Michael,Dance,Clear,Front to Rear,no,no,no,no,no,False
101974755,METROPOLITAN NASHVILLE POLICE DEPT,20180327859,Davidson,Nashville,4/12/2018 6:47:00 AM,2,0,0,36.040880,-86.743690,EDMONDSON PKE,,,,323.00,Feet,North,OLD HICKORY BLVD,,,,0.00,N,Not at Intersection, ,Non-Junction,None,,,         ,Justan,Vance,Clear,Front to Rear,no,no,no,no,no,False
101974772,METROPOLITAN NASHVILLE POLICE DEPT,20180327886,Davidson,Nashville,4/12/2018 7:49:00 AM,3,2,0,36.211060,-86.778530,BRICK CHURCH PKE,,,,378.00,Feet,South,DENNIS DR,,,,0.00,N,Not at Intersection,N,Non-Junction,None,,,         ,Royce,McLester,Clear,Front to Rear,no,no,no,no,no,False
101974776,METROPOLITAN NASHVILLE POLICE DEPT,20180327891,Davidson,Nashville,4/12/2018 7:45:00 AM,2,0,0,36.083510,-86.707910,HARDING PL,,,,327.00,Feet,West,LARGO DR,,,,0.00,N,Not at Intersection,N,Non-Junction,None,,,         ,James,Thomas,Clear,Front to Rear,no,no,no,no,yes,False
101974779,METROPOLITAN NASHVILLE POLICE DEPT,20180327804,Davidson,Nashville,4/12/2018 7:08:00 AM,2,1,0,36.080380,-86.696430,I 24,,,,0.00,,,,,,,56.20,N,Not at Intersection,N,Non-Junction,None,,,         ,Stephen,Soule,Clear,Front to Rear,no,no,no,no,no,False
101974781,METROPOLITAN NASHVILLE POLICE DEPT,20180327977,Davidson,Nashville,4/12/2018 8:25:00 AM,2,3,0,36.184410,-86.773730,HANCOCK ST,,,,0.00,Feet,East,DICKERSON PKE,,,,0.00,N,Not at Intersection,N,Non-Junction,None,,,         ,Erik,Nash,Clear,HeadOn,no,no,no,no,no,False
101974784,METROPOLITAN NASHVILLE POLICE DEPT,20180328003,Davidson,Nashville,4/12/2018 8:33:00 AM,2,0,0,36.122270,-86.909740,I 40,,,,0.00,,,,,,,200.25,N,Not at Intersection,N,Non-Junction,None,,,         ,Curtis,Rich,Clear,Front to Rear,no,no,no,no,no,False
101974796,METROPOLITAN NASHVILLE POLICE DEPT,20180328053,Davidson,Nashville,4/12/2018 8:59:00 AM,2,0,0,36.102350,-86.713280,I 24,,,,0.00,,,,,,,54.40,N,Not at Intersection,N,Non-Junction,None,,,         ,Stephen,Soule,Clear,Front to Rear,no,no,no,no,yes,False
101974803,METROPOLITAN NASHVILLE POLICE DEPT,20180327777,Davidson,Nashville,4/12/2018 6:53:00 AM,2,0,0,36.068240,-86.759270,BARRYWOOD DR,,,,0.00,,,TROUSDALE DR,,,,0.00,Y,Four-Way,Y,Intersection,None,,,         ,Samuel,Miller,Clear,Angle,no,no,no,no,no,False
101974804,METROPOLITAN NASHVILLE POLICE DEPT,20180327881,Davidson,Nashville,4/12/2018 7:06:00 AM,2,0,0,36.042140,-86.782050,I 65,,,,0.00,,,,,,,74.80,N,Not at Intersection, ,Non-Junction,None,,,         ,Samuel,Miller,Clear,Front to Rear,no,no,no,no,no,False
101974806,METROPOLITAN NASHVILLE POLICE DEPT,20180327864,Davidson,Nashville,4/12/2018 7:35:00 AM,2,0,0,36.246760,-86.834650,CLARKSVILLE PKE,,,,0.00,,,DRY FORK RD,,,,0.00,Y,OTHER, ,Intersection-Related,None,,,         ,Jeanine,Sarno,Clear,Front to Rear,no,no,no,no,no,False
101974814,METROPOLITAN NASHVILLE POLICE DEPT,20180328095,Davidson,Nashville,4/12/2018 9:23:00 AM,2,0,0,36.136860,-86.795760,WEDGEWOOD AV,,,,0.00,,,17TH AVS,,,,0.00,Y,Four-Way, ,Intersection,None,,,         ,William,Caillouette,Clear,Front to Rear,no,no,no,no,no,Campus
101974820,METROPOLITAN NASHVILLE POLICE DEPT,20180328096,Davidson,Nashville,4/12/2018 9:16:00 AM,2,0,0,36.027670,-86.712700,NOLENSVILLE PKE,,,,317.00,Feet,North,LORDS CHAPEL DR,,,,0.00,N,Not at Intersection, ,Non-Junction,None,,,         ,Brandon,Evans,Clear,Front to Rear,no,no,no,no,no,False
101974822,METROPOLITAN NASHVILLE POLICE DEPT,20180328042,Davidson,Nashville,4/12/2018 8:55:00 AM,2,0,0,36.132630,-86.726750,I 24,,,,0.00,,,,,,,52.00,N,Not at Intersection, ,Non-Junction,None,,,         ,Michael,Dance,Clear,Angle,no,no,no,no,no,False
101974826,METROPOLITAN NASHVILLE POLICE DEPT,20180328076,Davidson,Nashville,4/12/2018 9:04:00 AM,2,0,0,36.086630,-86.772820,BATTERY LN,,,,253.00,Feet,West,FRANKLIN PKE,,,,0.00,N,Not at Intersection,N,Non-Junction,None,,,         ,John,Chambers,Clear,Front to Rear,no,no,no,no,no,False
101974830,METROPOLITAN NASHVILLE POLICE DEPT,20180327772,Davidson,Not in City Limit,4/12/2018 6:53:00 AM,2,0,0,36.021790,-86.628550,I 24,,,,0.00,,,,,,,61.90,N,Not at Intersection,N,Non-Junction,None,,,         ,Jessie,Meadows,Clear,Front to Rear,no,no,no,no,no,False
101974831,METROPOLITAN NASHVILLE POLICE DEPT,20180327928,Davidson,Nashville,4/12/2018 7:42:00 AM,2,0,0,36.125970,-86.731920,I440 W ENT RAMP,,,,0.00,Feet,East,I 440,,,,0.00,N,Not at Intersection, ,Non-Junction,None,,,         ,Jessie,Meadows,Clear,Front to Rear,no,no,no,no,no,False
101974832,METROPOLITAN NASHVILLE POLICE DEPT,20180328064,Davidson,Nashville,4/12/2018 8:46:00 AM,2,0,0,36.032300,-86.712770,NOLENSVILLE PKE,,,,448.00,Feet,South,CELEBRATION WAY,,,,0.00,N,Not at Intersection,N,Non-Junction,None,,,         ,Jessie,Meadows,Clear,Front to Rear,no,no,no,no,yes,False
101974866,METROPOLITAN NASHVILLE POLICE DEPT,20180328061,Davidson,Nashville,4/12/2018 8:50:00 AM,2,0,0,36.095100,-86.762690,I 65,,,,0.00,,,,,,,78.70,N,Not at Intersection,N,Non-Junction,None,,,         ,Justin,Pinkelton,Clear,Front to Rear,no,no,no,no,no,False
101974899,METROPOLITAN NASHVILLE POLICE DEPT,20180321477,Davidson,Nashville,4/10/2018 1:05:00 PM,2,0,0,36.156870,-86.780840,DEMONBREUN ST,,,,0.00,,,8TH AVS,,,,0.00,Y,Four-Way, ,,None,,,         ,William,Vincion,,,no,no,no,no,no,False
101974900,METROPOLITAN NASHVILLE POLICE DEPT,20180327807,Davidson,Nashville,4/12/2018 7:07:00 AM,2,0,0,36.043350,-86.640950,MT VIEW RD,,,,50.00,Feet,West,BABY RUTH LN,,,,0.00,N,Not at Intersection, ,Non-Junction,None,,,         ,Marc,Haugen,Clear,Front to Rear,no,no,no,no,no,False
101974909,METROPOLITAN NASHVILLE POLICE DEPT,20180328170,Davidson,Nashville,4/12/2018 9:40:00 AM,2,0,0,36.150690,-86.767950,LAFAYETTE ST,,,,0.00,,,2ND AVS,,,,0.00,Y,Four-Way, ,Intersection,None,,,         ,Larry,Benz,Clear,Other,no,no,no,no,no,False
101974912,METROPOLITAN NASHVILLE POLICE DEPT,20180328059,Davidson,Nashville,4/12/2018 8:15:00 AM,2,0,0,36.106210,-86.673060,MURFREESBORO PKE,,,,0.00,,,DONELSON PKE,,,,0.00,Y,Four-Way, ,Intersection-Related,None,,,         ,Scott,Toney,Clear,Front to Rear,no,no,no,no,no,False
101974913,METROPOLITAN NASHVILLE POLICE DEPT,20180328234,Davidson,Nashville,4/12/2018 10:25:00 AM,2,1,0,36.091240,-86.651280,BRITISH WOODS DR,,,,0.00,,,MURFREESBORO PKE,,,,0.00,Y,T-Intersection,N,Intersection-Related,None,,,         ,Scott,Toney,Clear,Front to Rear,no,no,no,no,no,False
101974914,METROPOLITAN NASHVILLE POLICE DEPT,20180328091,Davidson,Nashville,4/12/2018 9:20:00 AM,2,2,0,36.122630,-86.630510,BELL RD,,,,36.00,Feet,South,WOODLAND POINTE DR,,,,0.00,N,Not at Intersection,N,Non-Junction,None,,,         ,Darren,White,Clear,Front to Rear,no,no,no,no,no,False
101974918,METROPOLITAN NASHVILLE POLICE DEPT,20180328332,Davidson,Antioch,4/12/2018 11:15:00 AM,2,0,0,36.015350,-86.620080,I24 W EXT RAMP,,,,0.00,Feet,East,I 24,,,,0.00,N,Not at Intersection, ,Non-Junction,None,,,         ,Jessie,Meadows,Clear,Front to Rear,no,no,no,no,no,False
101974927,METROPOLITAN NASHVILLE POLICE DEPT,20180328212,Davidson,Nashville,4/12/2018 12:00:00 AM,2,0,0,36.256080,-86.703160,MARGARET ST,,,,298.00,Feet,North,NEELYS BEND RD,,,,0.00,N,Not at Intersection,N,Non-Junction,None,,,         ,Matthew,Harris,Unknown,Unknown,no,no,no,no,yes,False
101974934,METROPOLITAN NASHVILLE POLICE DEPT,20180328306,Davidson,Nashville,4/12/2018 10:56:00 AM,2,1,0,36.135230,-86.724350,I24 W EXT RAMP,,,,0.00,,,MURFREESBORO PKE,,,,0.00,Y,Four-Way, ,Intersection-Related,None,,,         ,Tien,Nguyen,Clear,Front to Rear,no,no,no,no,no,False
101974936,METROPOLITAN NASHVILLE POLICE DEPT,20180328145,Davidson,Nashville,4/12/2018 9:54:00 AM,2,1,0,36.224030,-86.694100,BRILEY PKWYN,,,,0.52,Miles,North,MCGAVOCK PKE,,,,0.00,N,Not at Intersection,N,Non-Junction,None,,,         ,Michael,Dance,Clear,Angle,no,no,no,no,no,False
101974942,METROPOLITAN NASHVILLE POLICE DEPT,20180328353,Davidson,Nashville,4/12/2018 11:00:00 AM,2,0,0,36.144580,-86.813140,WEST END AV,,,,0.00,,,29TH AVN,,,,0.00,Y,Four-Way,N,Intersection,None,,,         ,Jon,Mcvey,Clear,"Sideswipe, Same Direction",no,no,no,no,no,Campus
101974943,METROPOLITAN NASHVILLE POLICE DEPT,20180328103,Davidson,Nashville,4/12/2018 9:26:00 AM,1,1,0,36.154680,-86.788460,I 40,,,,0.00,,,,,,,209.25,N,Not at Intersection,N,Non-Junction,None,,,         ,William,Vincion,Clear,Not Collision with Motor Vehicle in Transport,no,no,no,no,no,False
101974946,METROPOLITAN NASHVILLE POLICE DEPT,20180328203,Davidson,Nashville,4/12/2018 10:22:00 AM,2,0,0,36.154790,-86.788520,I40 W EXT RAMP,,,,0.00,Feet,East,I 40,,,,0.00,N,Not at Intersection, ,Non-Junction,None,,,         ,Brenna,Hosey,Clear,Front to Rear,no,no,no,no,no,False
101974953,METROPOLITAN NASHVILLE POLICE DEPT,20180328236,Davidson,Not in City Limit,4/12/2018 10:30:00 AM,2,0,0,36.264100,-86.724180,OLD HICKORY BLVDW,,,,0.00,,,HERITAGE DR,,,,0.00,Y,T-Intersection,N,Intersection,None,,,         ,Joshua,Borum,Clear,Angle,no,no,no,no,yes,False
101974955,GOODLETTSVILLE POLICE DEPT,18-13161,Davidson,Goodlettsville,4/12/2018 9:55:00 AM,4,3,0,36.312176,-86.674318,VIETNAM VETERANS,BLVD,SR386,,100.00,Feet,West,,,,,2.40,N,Not at Intersection,N,Non-Junction,None,,,         ,Jeremy,Baker,Clear,Front to Rear,no,no,no,no,no,False
101974957,METROPOLITAN NASHVILLE POLICE DEPT,20180328376,Davidson,Nashville,4/12/2018 11:44:00 AM,2,0,0,36.130070,-86.900780,CHARLOTTE PKE,,,,0.00,,,CABOT DR,,,,0.00,Y,T-Intersection, ,Intersection,None,,,         ,Curtis,Rich,Clear,Angle,no,no,no,no,no,False
101974959,METROPOLITAN NASHVILLE POLICE DEPT,20180328405,Davidson,Nashville,4/12/2018 11:26:00 AM,2,0,0,36.151280,-86.853220,CHARLOTTE AV,,,,119.00,Feet,East,54TH AVN,,,,0.00,N,Not at Intersection,N,OtherLocation,None,,,         ,Darren,Key,Clear,Angle,no,no,no,no,no,False
101974970,METROPOLITAN NASHVILLE POLICE DEPT,20180328243,Davidson,Nashville,4/12/2018 10:40:00 AM,3,0,0,36.143820,-86.738050,I 40,,,,0.00,,,,,,,212.60,N,Not at Intersection,N,Non-Junction,None,,,         ,Michael,Dance,Clear,Front to Rear,no,no,no,no,yes,False
101974978,METROPOLITAN NASHVILLE POLICE DEPT,20180328362,Davidson,Nashville,4/12/2018 11:24:00 AM,2,1,0,36.151320,-86.853100,CHARLOTTE AV,,,,158.00,Feet,East,54TH AVN,,,,0.00,N,Not at Intersection,N,Non-Junction,None,,,         ,Michael,Pyle,Clear,Angle,no,no,no,no,no,False
101974991,METROPOLITAN NASHVILLE POLICE DEPT,20180327930,Davidson,Nashville,4/12/2018 8:00:00 AM,2,0,0,36.217210,-86.872120,BRILEY PKWYS,,,,715.00,Feet,South,BRILEY PKWYN,,,,0.00,N,Not at Intersection,N,Non-Junction,None,,,         ,Jeremy,Arrington,Clear,Front to Rear,no,no,no,no,no,False
101974993,METROPOLITAN NASHVILLE POLICE DEPT,20180328569,Davidson,Nashville,4/12/2018 12:45:00 PM,2,0,0,36.153580,-86.791420,MCGAVOCK ST,,,,253.00,Feet,East,16TH AVS,,,,0.00,N,Not at Intersection,N,"Driveway, Alley Access, etc",None,,,         ,Jon,Mcvey,Clear,"Sideswipe, Opposite Direction",no,no,no,no,yes,False
101975009,METROPOLITAN NASHVILLE POLICE DEPT,20180328387,Davidson,Nashville,4/12/2018 11:40:00 AM,2,0,0,36.250780,-86.718450,GALLATIN PKES,,,,0.00,,,MOVING CENTER CT,,,,0.00,Y,OTHER,N,OtherLocation,None,,,         ,Eric,Richardson,Clear,Front to Rear,no,no,no,yes,yes,False
101975035,METROPOLITAN NASHVILLE POLICE DEPT,20180328541,Davidson,Nashville,4/12/2018 12:38:00 PM,2,0,0,36.167630,-86.787750,ROSA L PARKS BLVD,,,,0.00,Feet,East,10TH CIRN,,,,0.00,N,Not at Intersection, ,Non-Junction,None,,,         ,Tony,Folad,Clear,"Sideswipe, Same Direction",no,no,no,no,no,False
101975036,METROPOLITAN NASHVILLE POLICE DEPT,20180327774,Davidson,Not in City Limit,4/12/2018 6:54:00 AM,2,0,0,36.264500,-86.730680,OLD HICKORY BLVDW,,,,134.00,Feet,West,N MARTHONA RD,,,,0.00,N,Not at Intersection, ,Non-Junction,None,,,         ,Kevin,Coleman,Clear,Front to Rear,no,no,no,no,no,False
101975046,METROPOLITAN NASHVILLE POLICE DEPT,20180328528,Davidson,Goodlettsville,4/12/2018 12:39:00 PM,2,0,0,36.297810,-86.699720,RIVERGATE PKWY,,,,125.00,Feet,South,GLEAVES ST,,,,0.00,N,Not at Intersection, ,Non-Junction,None,,,         ,Cyretha,Frazier,Clear,Front to Rear,no,no,no,no,no,False
101975047,METROPOLITAN NASHVILLE POLICE DEPT,20180328494,Davidson,Nashville,4/10/2018 12:00:00 AM,1,0,0,36.210290,-86.858490,ENCHANTED CIR,,,,0.00,,,,,,,0.00,,,N,"Driveway, Alley Access, etc",None,,,         ,Jeanine,Sarno,Clear,Not Collision with Motor Vehicle in Transport,no,no,no,no,yes,False
101975049,METROPOLITAN NASHVILLE POLICE DEPT,20180328599,Davidson,Nashville,4/12/2018 12:59:00 PM,3,0,0,36.204720,-86.776680,I 65,,,,0.00,,,,,,,87.20,N,Not at Intersection,N,Non-Junction,None,,,         ,Royce,McLester,Clear,Front to Rear,no,no,no,no,yes,False
101975059,METROPOLITAN NASHVILLE POLICE DEPT,20180328473,Davidson,Nashville,4/12/2018 12:10:00 PM,3,0,0,36.086170,-86.648230,MURFREESBORO PKE,,,,301.00,Feet,South,UNA ANTIOCH PKE,,,,0.00,N,Not at Intersection,N,Non-Junction,None,,,         ,Brian,Ewing,Clear,Angle,no,no,no,no,yes,False
101975060,METROPOLITAN NASHVILLE POLICE DEPT,20180328498,Davidson,Nashville,4/12/2018 9:17:00 AM,2,0,0,36.169360,-86.679890,LEBANON PKE,,,,0.00,,,MCGAVOCK PKE,,,,0.00,Y,Four-Way,N,Intersection,None,,,         ,Larry,Benz,Clear,Other,no,no,no,no,no,False
101975061,METROPOLITAN NASHVILLE POLICE DEPT,20180328623,Davidson,Nashville,4/12/2018 1:10:00 PM,2,0,0,36.163580,-86.779210,CHURCH ST,,,,78.00,Feet,West,4TH AVN,,,,0.00,N,Not at Intersection, ,Non-Junction,None,,,         ,Brenna,Hosey,Clear,"Sideswipe, Same Direction",no,no,no,no,no,False
101975062,METROPOLITAN NASHVILLE POLICE DEPT,20180328391,Davidson,Nashville,4/12/2018 11:46:00 AM,2,1,0,36.134730,-86.779050,8TH AVS,,,,165.00,Feet,North,WEDGEWOOD AV,,,,0.00,N,Not at Intersection,N,Non-Junction,None,,,         ,Jessie,Loy,Clear,Angle,no,no,no,no,no,False