master_record_number,agency,agency_tracking_number,county,city,collision_date,vehicles_involved,number_injured,number_dead,latitude,longitude,roadway_name,roadway_suffix,roadway_number,roadway_local_id,distance_from_reference,miles-feet_indicator,direction_from_reference,intersection_road_name,intersection_road_name_suffix,intersection_road_number,intersection_local_id,mile_marker,intersection_indicator,intersect_type,interchange_related_indicator,relation_to_junction,work_zone_type,construction_maintenance_zone,construction_maintenance_zone_location,fatal_case_number,officer_first_name,officer_last_name,weather_condition(s),manner_of_crash,pedestrian,bicycle,scooter,parking,hitrun,mou
101975882,METROPOLITAN NASHVILLE POLICE DEPT,20180330854,Davidson,Nashville,4/13/2018 3:18:00 AM,2,1,0,36.166350,-86.780690,4TH AVN,,,,0.00,,,CHARLOTTE AV,,,,0.00,Y,Four-Way,N,Intersection,None,,,         ,Daniel,Russett,Clear,Angle,no,no,no,no,no,False
101975923,METROPOLITAN NASHVILLE POLICE DEPT,20180331143,Davidson,Nashville,4/13/2018 3:15:00 AM,2,1,0,36.124040,-86.848970,ROYAL OAKS CONDOS PVTDR,,,,0.00,,,HARDING PKE,,,,0.00,Y,Four-Way,N,Intersection,None,,,         ,Kevin,McGinniss,Clear,Front to Rear,no,no,no,no,yes,False
101975924,METROPOLITAN NASHVILLE POLICE DEPT,20180330682,Davidson,Nashville,4/13/2018 1:40:00 AM,1,0,0,36.147330,-86.666380,DONELSON PKE,,,,507.00,Feet,North,ROYAL PKWY,,,,0.00,N,Not at Intersection,N,Non-Junction,None,,,         ,Joao,Pinho,Clear,Not Collision with Motor Vehicle in Transport,no,no,no,no,no,False
101975926,METROPOLITAN NASHVILLE POLICE DEPT,20180331241,Davidson,Nashville,4/13/2018 6:10:00 AM,2,0,0,36.204870,-86.776660,I 65,,,,0.00,,,,,,,87.20,N,Not at Intersection,N,Non-Junction,None,,,         ,Geoffrey,Daugherty,Clear,Front to Rear,no,no,no,no,no,False
101975986,BRENTWOOD POLICE DEPT,BPD-18-01035,Davidson,Nashville,4/12/2018 4:15:00 PM,2,0,0,36.039370,-86.816450,GRANNY WHITE PIKE,,,,17.00,Feet,South,GRANNY WHITE PKE,,,,0.00,N,Not at Intersection, ,Non-Junction,None,,,         ,William,Frasch,Clear,Angle,no,no,no,no,no,False
101975988,METROPOLITAN NASHVILLE POLICE DEPT,20180331282,Davidson,Nashville,4/13/2018 6:51:00 AM,2,0,0,36.236370,-86.761780,I 65,,,,0.00,,,,,,,89.70,N,Not at Intersection,N,Non-Junction,None,,,         ,Nicholas,Smith,Clear,"Sideswipe, Same Direction",no,no,no,no,yes,False
101975989,METROPOLITAN NASHVILLE POLICE DEPT,20180331354,Davidson,Nashville,4/13/2018 7:22:00 AM,2,1,0,36.091550,-86.878090,HIGHWAY 100,,,,175.00,Feet,South,CHEEK RD,,,,0.00,N,Not at Intersection, ,Non-Junction,None,,,         ,Curtis,Rich,Clear,Front to Rear,no,no,no,no,no,False
101976002,METROPOLITAN NASHVILLE POLICE DEPT,20180331357,Davidson,Nashville,4/13/2018 7:32:00 AM,3,0,0,36.116450,-86.631430,BELL RD,,,,641.00,Feet,South,HERON POINTE DR,,,,0.00,N,Not at Intersection, ,Non-Junction,None,,,         ,Michael,Dance,Clear,Front to Rear,no,no,no,no,no,False
101976011,METROPOLITAN NASHVILLE POLICE DEPT,20180331340,Davidson,Goodlettsville,4/13/2018 7:18:00 AM,2,0,0,36.296910,-86.699160,GALLATIN PKEN,,,,0.00,,,RIVERGATE PKWY,,,,0.00,Y,Four-Way,Y,Intersection,None,,,         ,Spencer,Pittman,Clear,Angle,no,no,no,no,no,False
101976014,METROPOLITAN NASHVILLE POLICE DEPT,20180331285,Davidson,Nashville,4/13/2018 6:53:00 AM,2,0,0,36.153530,-86.722900,LEBANON PKE,,,,401.00,Feet,West,SPENCE LN,,,,0.00,N,Not at Intersection,N,Non-Junction,None,,,         ,James,Curtis,Clear,Angle,no,no,no,no,no,False
101976016,METROPOLITAN NASHVILLE POLICE DEPT,20180331438,Davidson,Nashville,4/13/2018 12:00:00 AM,2,0,0,36.153890,-86.787940,I 40,,,,0.00,,,,,,,209.30,N,Not at Intersection, ,Non-Junction,Construction Zone,,,         ,James,Thornton,Clear,Front to Rear,no,no,no,no,no,False
101976024,METROPOLITAN NASHVILLE POLICE DEPT,20180331417,Davidson,Nashville,4/13/2018 8:00:00 AM,2,0,0,36.160760,-86.793690,CHARLOTTE AV,,,,0.00,,,14TH AVN,,,,0.00,Y,Four-Way, ,,None,,,         ,Brent,Hedgcoth,,,no,no,no,no,no,False
101976025,METROPOLITAN NASHVILLE POLICE DEPT,20180325131,Davidson,Nashville,4/11/2018 1:24:00 PM,2,0,0,36.120400,-86.802970,I 440,,,,0.00,,,,,,,3.00,N,Not at Intersection,N,Non-Junction,None,,,         ,Joseph,Jakes,Clear,Front to Rear,no,no,no,no,no,False
101976032,METROPOLITAN NASHVILLE POLICE DEPT,20180331508,Davidson,Nashville,4/13/2018 7:57:00 AM,2,0,0,36.168160,-86.690160,LEBANON PKE,,,,0.00,,,BRILEY PKWY S EXT RAMP,,,,0.00,Y,T-Intersection,N,Entrance/Exit Ramp Related,None,,,         ,Michael,Dance,Clear,Front to Rear,no,no,no,no,no,False
101976050,METROPOLITAN NASHVILLE POLICE DEPT,20180331379,Davidson,Nashville,4/13/2018 7:38:00 AM,2,2,0,36.044830,-86.662660,BELL RD,,,,334.00,Feet,West,CANE RIDGE RD,,,,0.00,N,Not at Intersection,N,Non-Junction,None,,,         ,Jason,Hees,Clear,Angle,no,no,no,no,no,False
101976058,METROPOLITAN NASHVILLE POLICE DEPT,20180331267,Davidson,Nashville,4/13/2018 6:45:00 AM,2,0,0,36.068370,-86.672300,RICHARDS RD,,,,118.00,Feet,West,RICHARDS CT,,,,0.00,N,Not at Intersection, ,Non-Junction,None,,,         ,Jessie,Meadows,Clear,Angle,no,no,no,no,no,False
101976059,METROPOLITAN NASHVILLE POLICE DEPT,20180331333,Davidson,Nashville,4/13/2018 7:17:00 AM,2,2,0,36.044910,-86.659880,BELL RD,,,,41.00,Feet,West,I24 E ENT RAMP,,,,0.00,N,Not at Intersection,N,Non-Junction,None,,,         ,Jessie,Meadows,Clear,Front to Rear,no,no,no,no,no,False
101976060,METROPOLITAN NASHVILLE POLICE DEPT,20180331362,Davidson,Nashville,4/13/2018 7:33:00 AM,2,0,0,36.089300,-86.702460,I 24,,,,0.00,,,,,,,55.45,N,Not at Intersection,N,Non-Junction,None,,,         ,Jessie,Meadows,Clear,Front to Rear,no,no,no,no,yes,False
101976061,METROPOLITAN NASHVILLE POLICE DEPT,20180331483,Davidson,Nashville,4/13/2018 9:01:00 AM,2,0,0,36.126010,-86.752670,NOLENSVILLE PKE,,,,56.00,Feet,South,ROSEDALE CT,,,,0.00,N,Not at Intersection, ,Non-Junction,None,,,         ,Jessie,Meadows,Clear,Other,no,no,no,no,no,False
101976088,METROPOLITAN NASHVILLE POLICE DEPT,20180331501,Davidson,Nashville,4/13/2018 8:35:00 AM,2,0,0,36.171840,-86.764770,S 5TH ST,,,,0.00,,,WOODLAND ST,,,,0.00,Y,Four-Way, ,Intersection,None,,,         ,Russell,Freeman,Clear,Angle,no,no,no,no,no,False
101976092,METROPOLITAN NASHVILLE POLICE DEPT,20180331429,Davidson,Nashville,4/13/2018 8:10:00 AM,2,0,0,36.160760,-86.793690,CHARLOTTE AV,,,,0.00,,,14TH AVN,,,,0.00,Y,Four-Way, ,Intersection-Related,None,,,         ,Jon,Mcvey,Clear,"Sideswipe, Same Direction",no,no,no,no,no,False
101976093,METROPOLITAN NASHVILLE POLICE DEPT,20180331623,Davidson,Nashville,4/13/2018 9:25:00 AM,2,0,0,36.154030,-86.787570,I40 W EXT RAMP,,,,0.00,,,I 40,,,,0.00,Y,OTHER, ,Intersection-Related,None,,,         ,Jon,Mcvey,Clear,Angle,no,no,no,no,no,False
101976109,METROPOLITAN NASHVILLE POLICE DEPT,20180331497,Davidson,Nashville,4/13/2018 7:28:00 AM,2,0,0,36.183440,-86.744890,EASTLAND AV,,,,0.00,Feet,,N 14TH ST,,,,0.00,Y,Four-Way,N,Intersection,None,,,         ,Joshua,Baker,Clear,HeadOn,no,no,no,no,yes,False
101976135,METROPOLITAN NASHVILLE POLICE DEPT,20180331731,Davidson,Nashville,4/13/2018 10:00:00 AM,2,0,0,36.081260,-86.759010,HARDING PL,,,,201.00,Feet,West,TROUSDALE DR,,,,0.00,N,Not at Intersection, ,,None,,,         ,Justin,Pinkelton,,,no,no,no,no,no,False
101976142,METROPOLITAN NASHVILLE POLICE DEPT,20180331646,Davidson,Not in City Limit,4/13/2018 9:32:00 AM,3,1,0,36.078190,-87.021880,MCCRORY LN,,,,160.00,Feet,West,I40 W ENT RAMP,,,,0.00,N,Not at Intersection, ,Non-Junction,None,,,         ,Curtis,Rich,Clear,Front to Rear,no,no,no,no,no,False
101976148,METROPOLITAN NASHVILLE POLICE DEPT,20180331653,Davidson,Nashville,4/13/2018 9:15:00 AM,2,0,0,36.173590,-86.602150,CENTRAL PKE,,,,0.00,,,OLD HICKORY BLVD,,,,0.00,Y,Four-Way, ,Intersection-Related,None,,,         ,William,Mckay,Clear,Front to Rear,no,no,no,no,no,False
101976167,METROPOLITAN NASHVILLE POLICE DEPT,20180331815,Davidson,Nashville,4/13/2018 10:45:00 AM,2,0,0,36.151320,-86.823690,33RD AVN,,,,137.00,Feet,South,PARK AV,,,,0.00,N,Not at Intersection, ,Non-Junction,None,,,         ,Darren,Key,Clear,Rear to Side,no,no,no,no,no,False
101976169,METROPOLITAN NASHVILLE POLICE DEPT,20180331515,Davidson,Nashville,4/13/2018 8:40:00 AM,2,0,0,36.069550,-86.693520,HAYWOOD LN,,,,114.00,Feet,East,EZELL RD,,,,0.00,N,Not at Intersection, ,Non-Junction,None,,,         ,Troy,Loewen,Clear,Other,no,no,no,no,no,False
101976200,METROPOLITAN NASHVILLE POLICE DEPT,20180331424,Davidson,Nashville,4/13/2018 8:07:00 AM,2,0,0,36.193410,-86.775910,I 65,,,,0.00,,,,,,,86.55,N,Not at Intersection, ,Non-Junction,None,,,         ,Joseph,Progar,Clear,"Sideswipe, Same Direction",no,no,no,no,no,False
101976208,METROPOLITAN NASHVILLE POLICE DEPT,20180331732,Davidson,Nashville,4/13/2018 10:05:00 AM,2,1,0,36.171390,-86.807430,DR D B TODD JR BLVD,,,,0.00,,,HEIMAN ST,,,,0.00,Y,Four-Way,Y,Intersection,None,,,         ,Brent,Hedgcoth,Clear,Angle,no,no,no,no,yes,False
101976246,METROPOLITAN NASHVILLE POLICE DEPT,20180332123,Davidson,Nashville,4/13/2018 12:30:00 PM,2,0,0,36.146690,-86.666480,DONELSON PKE,,,,272.00,Feet,North,ROYAL PKWY,,,,0.00,N,Not at Intersection, ,Non-Junction,None,,,         ,Michael,Dance,Clear,Front to Rear,no,no,no,no,no,False
101976250,METROPOLITAN NASHVILLE POLICE DEPT,20180332166,Davidson,Nashville,4/13/2018 12:53:00 PM,2,0,0,36.140140,-86.879230,RUSSLEO DR,,,,0.00,Feet,,CHARLOTTE PKE,,,,0.00,Y,T-Intersection, ,Intersection,None,,,         ,Curtis,Rich,Clear,Angle,no,no,no,no,no,False
101976251,METROPOLITAN NASHVILLE POLICE DEPT,20180331588,Davidson,Nashville,4/13/2018 9:14:00 AM,2,0,0,36.172190,-86.601830,OLD HICKORY BLVD,,,,171.00,Feet,South,PRINCETON PL,,,,0.00,N,Not at Intersection, ,Non-Junction,None,,,         ,Darren,White,Clear,Angle,no,no,no,yes,no,False
101976263,METROPOLITAN NASHVILLE POLICE DEPT,20180331857,Davidson,Nashville,4/13/2018 10:55:00 AM,2,0,0,36.207530,-86.735640,GALLATIN PKE,,,,172.00,Feet,South,IVERSON AV,,,,0.00,N,Not at Intersection, ,Non-Junction,Work Zone,,,         ,Nicholas,Silinsky,Clear,Front to Rear,no,no,no,no,no,False
101976265,METROPOLITAN NASHVILLE POLICE DEPT,20180332133,Davidson,Nashville,4/13/2018 12:30:00 PM,2,0,0,36.037770,-86.795310,OLD HICKORY BLVD,,,,150.00,Feet,West,BRENTWOOD BLVD,,,,0.00,N,Not at Intersection, ,Non-Junction,None,,,         ,Earl,Davis,Clear,"Sideswipe, Same Direction",no,no,no,no,no,False
101976278,METROPOLITAN NASHVILLE POLICE DEPT,20180331907,Davidson,Nashville,4/13/2018 11:20:00 AM,2,0,0,36.141140,-86.721950,I40 W EXT RAMP,,,,0.00,,,I 40,,,,0.00,Y,T-Intersection, ,Intersection-Related,None,,,         ,James,Curtis,Clear,Angle,no,no,no,no,no,False
101976280,METROPOLITAN NASHVILLE POLICE DEPT,20180332010,Davidson,Nashville,4/13/2018 11:45:00 AM,2,0,0,36.131270,-86.727330,I 24,,,,0.00,,,,,,,51.10,N,Not at Intersection,N,Non-Junction,None,,,         ,James,Thomas,Clear,"Sideswipe, Same Direction",no,no,no,no,yes,False
101976316,METROPOLITAN NASHVILLE POLICE DEPT,20180332191,Davidson,Nashville,4/13/2018 12:37:00 PM,2,0,0,36.174400,-86.774190,OLDHAM ST,,,,0.00,Feet,,N 1ST ST,,,,0.00,Y,OTHER, ,Intersection,None,,,         ,Brenna,Hosey,Clear,Angle,no,no,no,no,no,False
101976323,METROPOLITAN NASHVILLE POLICE DEPT,2018033959,Davidson,Nashville,4/13/2018 11:51:00 AM,2,0,0,36.153840,-86.787910,DEMONBREUN ST,,,,17.00,Feet,South,I40 W EXT RAMP,,,,0.00,N,Not at Intersection, ,Non-Junction,None,,,         ,Tony,Folad,Clear,"Sideswipe, Same Direction",no,no,no,no,no,False
101976347,METROPOLITAN NASHVILLE POLICE DEPT,20180332276,Davidson,Nashville,4/13/2018 1:10:00 PM,2,0,0,36.144950,-86.813440,29TH AVN,,,,162.00,Feet,North,WEST END AV,,,,0.00,N,Not at Intersection, ,Non-Junction,None,,,         ,Justan,Vance,Clear,Angle,no,no,no,no,no,Campus
101976349,METROPOLITAN NASHVILLE POLICE DEPT,20180332011,Davidson,Nashville,4/13/2018 11:00:00 AM,2,0,0,36.152360,-86.837470,CHARLOTTE AV,,,,139.00,Feet,West,42ND AVN,,,,0.00,N,Not at Intersection,N,Non-Junction,None,,,         ,Darren,Key,Clear,"Sideswipe, Opposite Direction",no,no,no,no,yes,False
101976392,METROPOLITAN NASHVILLE POLICE DEPT,20180332032,Davidson,Nashville,4/13/2018 11:20:00 AM,2,0,0,36.040010,-86.743470,OLD HICKORY BLVD,,,,0.00,,,EDMONDSON PKE,,,,0.00,Y,Four-Way,N,Intersection-Related,None,,,         ,Jon,Mcvey,Clear,Angle,no,no,no,no,no,False
101976404,METROPOLITAN NASHVILLE POLICE DEPT,20180332098,Davidson,Nashville,4/13/2018 12:21:00 PM,2,0,0,36.151690,-86.803720,ELLISTON PL,,,,0.00,,,22ND AVN,,,,0.00,Y,T-Intersection,N,Intersection,None,,,         ,James,Hill,Clear,Angle,no,no,no,no,no,Campus
101976405,METROPOLITAN NASHVILLE POLICE DEPT,20180332366,Davidson,Nashville,4/13/2018 1:44:00 PM,2,0,0,36.129230,-86.854140,WHITE BRIDGE PKE,,,,150.00,Feet,East,TARGET PVTDR,,,,0.00,N,Not at Intersection, ,Non-Junction,None,,,         ,Curtis,Rich,Clear,"Sideswipe, Same Direction",no,no,no,no,no,False
101976414,METROPOLITAN NASHVILLE POLICE DEPT,20180331717,Davidson,Nashville,4/13/2018 10:07:00 AM,2,0,0,36.086540,-86.691530,ANTIOCH PKE,,,,379.00,Feet,South,HARDING PL,,,,0.00,N,Not at Intersection,N,Non-Junction,None,,,         ,Jessie,Meadows,Clear,Angle,no,no,no,no,no,False
101976415,METROPOLITAN NASHVILLE POLICE DEPT,20180331897,Davidson,Nashville,4/13/2018 11:09:00 AM,2,0,0,36.086930,-86.693510,HARDING PL,,,,425.00,Feet,West,ANTIOCH PKE,,,,0.00,N,Not at Intersection, ,Non-Junction,None,,,         ,Jessie,Meadows,Clear,Angle,no,no,no,no,no,False
101976416,METROPOLITAN NASHVILLE POLICE DEPT,20180331871,Davidson,Nashville,4/13/2018 10:46:00 AM,2,0,0,36.122530,-86.727640,I 24,,,,0.00,,,,,,,52.75,N,Not at Intersection,N,Non-Junction,None,,,         ,Jessie,Meadows,Clear,"Sideswipe, Same Direction",no,no,no,no,yes,False
101976417,METROPOLITAN NASHVILLE POLICE DEPT,20180332012,Davidson,Nashville,4/13/2018 10:20:00 AM,2,0,0,36.125850,-86.752350,GLENROSE AV,,,,69.00,Feet,East,NOLENSVILLE PKE,,,,0.00,N,Not at Intersection,N,Non-Junction,None,,,         ,Jessie,Meadows,Clear,"Sideswipe, Same Direction",no,no,no,no,yes,False
101976424,METROPOLITAN NASHVILLE POLICE DEPT,20180332036,Davidson,Nashville,4/12/2018 3:30:00 PM,2,0,0,36.199970,-86.716620,STRATFORD AV,,,,133.00,Feet,South,MARSDEN AV,,,,0.00,N,Not at Intersection,N,Non-Junction,None,,,         ,George,Patonis,Clear,Other,no,no,no,yes,yes,False
101976428,METROPOLITAN NASHVILLE POLICE DEPT,20180332292,Davidson,Nashville,4/13/2018 1:11:00 PM,2,0,0,36.171340,-86.807780,HEIMAN ST,,,,100.00,Feet,West,DR D B TODD JR BLVD,,,,0.00,N,Not at Intersection,N,Non-Junction,None,,,         ,Zachary,Goodall,Clear,Angle,no,no,no,no,no,False
101976451,METROPOLITAN NASHVILLE POLICE DEPT,20180332358,Davidson,Nashville,4/13/2018 12:30:00 PM,2,0,0,36.191120,-86.797200,VANTAGE WAY,,,,0.00,,,FRENCH LANDING DR,,,,0.00,Y,Four-Way, ,Non-Junction,None,,,         ,Isaac,Wood,Clear,Angle,no,no,no,no,yes,False
101976485,METROPOLITAN NASHVILLE POLICE DEPT,20180332362,Davidson,Nashville,4/13/2018 1:45:00 PM,2,0,0,36.167120,-86.756630,S 7TH ST,,,,0.00,,,CAYCE PLACE PVTDR,,,,0.00,Y,Four-Way, ,,None,,,         ,Russell,Freeman,,,no,no,no,no,no,False
101976507,METROPOLITAN NASHVILLE POLICE DEPT,20180332418,Davidson,Nashville,4/13/2018 2:27:00 PM,2,1,0,36.155460,-86.789600,14TH AVS,,,,76.00,Feet,South,I40 E ENT RAMP,,,,0.00,N,Not at Intersection,N,Non-Junction,None,,,         ,Jon,Mcvey,Clear,Front to Rear,no,no,no,no,no,False
101976511,METROPOLITAN NASHVILLE POLICE DEPT,20180332469,Davidson,Nashville,4/13/2018 2:54:00 PM,2,0,0,36.211490,-86.778650,BRICK CHURCH PKE,,,,219.00,Feet,South,DENNIS DR,,,,0.00,N,Not at Intersection, ,Non-Junction,None,,,         ,Bryan,Musgrave,Clear,"Sideswipe, Same Direction",no,no,no,no,no,False
101976525,METROPOLITAN NASHVILLE POLICE DEPT,20180331684,Davidson,Nashville,4/13/2018 9:50:00 AM,4,1,0,36.129170,-86.906820,RIVER RD PVTDR,,,,175.00,Feet,South,CHARLOTTE PKE PVTDR,,,,0.00,N,Not at Intersection,N,Non-Junction,None,,,         ,Terrence,Bradley,Clear,Not Collision with Motor Vehicle in Transport,no,no,no,yes,no,False
101976559,METROPOLITAN NASHVILLE POLICE DEPT,20180332350,Davidson,Nashville,4/13/2018 1:45:00 PM,2,1,0,36.211820,-86.838730,CLARKSVILLE PKE,,,,305.00,Feet,North,NORTHSIDE STATION PVTDR,,,,0.00,N,Not at Intersection,N,"Driveway, Alley Access, etc",None,,,         ,Jeremy,Arrington,Clear,Angle,no,no,no,no,no,False
101976641,METROPOLITAN NASHVILLE POLICE DEPT,20180332367,Davidson,Nashville,4/13/2018 2:00:00 PM,3,0,0,36.082190,-86.697530,I 24,,,,0.00,,,,,,,56.00,N,Not at Intersection,N,Non-Junction,None,,,         ,Jessie,Meadows,Clear,"Sideswipe, Same Direction",no,no,no,no,no,False
101976642,METROPOLITAN NASHVILLE POLICE DEPT,20180332629,Davidson,Nashville,4/13/2018 3:11:00 PM,2,0,0,36.088360,-86.791490,BATTERY LN,,,,145.00,Feet,West,LEALAND LN,,,,0.00,N,Not at Intersection,N,Non-Junction,None,,,         ,Douglas,Sykes,Clear,Front to Rear,no,no,no,no,no,False
101976667,METROPOLITAN NASHVILLE POLICE DEPT,20180332551,Davidson,Nashville,4/13/2018 3:20:00 PM,2,0,0,36.134280,-86.779090,WEDGEWOOD AV,,,,0.00,Feet,East,8TH AVS,,,,0.00,N,Not at Intersection, ,,None,,,         ,Gregory,Scott,,,no,no,no,no,no,False
101976668,METROPOLITAN NASHVILLE POLICE DEPT,20180332676,Davidson,Nashville,4/13/2018 3:41:00 PM,2,0,0,36.141120,-86.730780,I 40,,,,0.00,,,,,,,212.90,N,Not at Intersection, ,,None,,,         ,Samuel,Sundra,,,no,no,no,no,no,False
101976695,METROPOLITAN NASHVILLE POLICE DEPT,20180332626,Davidson,Nashville,4/13/2018 3:35:00 PM,2,0,0,36.113180,-86.801570,WOODMONT BLVD,,,,16.00,Feet,East,RICHARDS ST,,,,0.00,N,Not at Intersection, ,Non-Junction,None,,,         ,FELIKS,ABRAHAMYAN,Clear,Front to Rear,no,no,no,no,no,False
101976697,METROPOLITAN NASHVILLE POLICE DEPT,20180332687,Davidson,Nashville,4/13/2018 4:05:00 PM,2,0,0,36.246150,-86.745090,I 65,,,,0.00,,,,,,,90.85,N,Not at Intersection,N,Non-Junction,None,,,         ,Christopher,Littles,Clear,Front to Rear,no,no,no,no,no,False
101976766,METROPOLITAN NASHVILLE POLICE DEPT,20180332873,Davidson,Nashville,4/13/2018 4:52:00 PM,2,0,0,36.169860,-86.766790,I 24,,,,0.00,,,,,,,48.70,N,Not at Intersection,N,Non-Junction,None,,,         ,Barrett,Teague,Clear,Front to Rear,no,no,no,no,no,False
101976770,METROPOLITAN NASHVILLE POLICE DEPT,20180332818,Davidson,Nashville,4/13/2018 4:10:00 PM,2,0,0,36.068220,-86.710890,HAYWOOD LN,,,,66.00,Feet,West,FAULKNER DR,,,,0.00,N,Not at Intersection, ,Non-Junction,None,,,         ,Eric,Keller,Clear,Front to Rear,no,no,no,no,no,False
101976786,METROPOLITAN NASHVILLE POLICE DEPT,20180332685,Davidson,Nashville,4/13/2018 3:57:00 PM,2,0,0,36.166000,-86.765700,I24 E EXT RAMP,,,,0.00,Feet,East,I 24,,,,0.00,N,Not at Intersection, ,Non-Junction,None,,,         ,Kevin,Johnson,Clear,Front to Rear,no,no,no,no,no,False
101976812,METROPOLITAN NASHVILLE POLICE DEPT,20180332694,Davidson,Nashville,4/13/2018 4:06:00 PM,4,2,0,36.063020,-86.771570,I 65,,,,0.00,,,,,,,75.45,N,Not at Intersection,N,Non-Junction,None,,,         ,Jed,Baldoni,Clear,Front to Rear,no,no,no,no,no,False
101976818,METROPOLITAN NASHVILLE POLICE DEPT,20180332871,Davidson,Nashville,4/13/2018 4:47:00 PM,2,0,0,36.143080,-86.705180,I 40,,,,0.00,,,,,,,214.50,N,Not at Intersection, ,,None,,,         ,Brian,Smith,,,no,no,no,no,no,False
101976823,METROPOLITAN NASHVILLE POLICE DEPT,20180332621,Davidson,Nashville,4/13/2018 3:40:00 PM,1,0,0,36.213470,-86.722550,STRATFORD AV,,,,283.00,Feet,West,KENNEDY AV,,,,0.00,N,Not at Intersection,N,Non-Junction,None,,,         ,Tyler,Adcock,Clear,Not Collision with Motor Vehicle in Transport,no,no,no,no,yes,False
101976825,METROPOLITAN NASHVILLE POLICE DEPT,20180332864,Davidson,Goodlettsville,4/13/2018 4:14:00 PM,2,0,0,36.304080,-86.692740,CONFERENCE DR,,,,50.00,Feet,North,THE SHOPPES AT RIVERGATE PVTDR,,,,0.00,N,Not at Intersection, ,Non-Junction,None,,,         ,Christopher,Littles,Clear,Front to Rear,no,no,no,no,no,False
101976833,METROPOLITAN NASHVILLE POLICE DEPT,20180332572,Davidson,Nashville,4/13/2018 3:25:00 PM,2,1,0,36.064790,-86.628480,HAMILTON CHURCH RD,,,,0.00,,,MURFREESBORO PKE,,,,0.00,Y,Four-Way,N,Intersection,None,,,         ,Honorio,Canchola,Clear,Front to Rear,no,no,no,no,no,False
101976834,METROPOLITAN NASHVILLE POLICE DEPT,20180332980,Davidson,Nashville,4/13/2018 5:31:00 PM,2,0,0,36.134280,-86.779090,WEDGEWOOD AV,,,,0.00,,,8TH AVS,,,,0.00,Y,Four-Way,Y,Intersection,None,,,         ,Douglas,Sykes,Clear,"Sideswipe, Same Direction",no,no,no,no,no,False
101976836,METROPOLITAN NASHVILLE POLICE DEPT,20180332645,Davidson,Nashville,4/13/2018 3:50:00 PM,2,0,0,36.164860,-86.767910,KOREAN VETERANS BLVD,,,,0.00,,,S 2ND ST,,,,0.00,Y,Four-Way,N,Intersection,None,,,         ,James,Smith,Clear,"Sideswipe, Same Direction",no,no,no,no,yes,False
101976837,METROPOLITAN NASHVILLE POLICE DEPT,20180332957,Davidson,Nashville,4/13/2018 5:11:00 PM,1,0,0,36.234500,-86.723050,BRILEY PKWYE,,,,376.00,Feet,East,BRILEY PKWY E EXT RAMP,,,,0.00,N,Not at Intersection, ,Non-Junction,None,,,         ,James,Smith,Clear,Not Collision with Motor Vehicle in Transport,no,no,no,no,no,False
101976839,METROPOLITAN NASHVILLE POLICE DEPT,20180332663,Davidson,Nashville,4/13/2018 3:53:00 PM,2,3,0,36.151750,-86.798570,WEST END AV,,,,62.00,Feet,West,LYLE AV,,,,0.00,N,Not at Intersection,N,Non-Junction,None,,,         ,Eric,Burford,Clear,Angle,no,no,no,no,no,False
101976847,METROPOLITAN NASHVILLE POLICE DEPT,20180333034,Davidson,Nashville,4/13/2018 5:44:00 PM,2,0,0,36.089650,-86.806020,HARDING PL,,,,0.00,,,BELMONT PARK TER,,,,0.00,Y,Four-Way,N,Intersection,None,,,         ,FELIKS,ABRAHAMYAN,Clear,HeadOn,no,no,no,no,no,False
101976876,METROPOLITAN NASHVILLE POLICE DEPT,2018-0332971,Davidson,Nashville,4/13/2018 6:18:00 PM,2,0,0,36.121290,-86.750370,NOLENSVILLE PKE,,,,176.00,Feet,South,I440 E ENT RAMP,,,,0.00,N,Not at Intersection, ,"Driveway, Alley Access, etc",None,,,         ,William,King,Clear,Angle,no,no,no,no,no,False
101976877,METROPOLITAN NASHVILLE POLICE DEPT,20180332364,Davidson,Nashville,4/13/2018 1:51:00 PM,2,0,0,36.151200,-86.794410,DIVISION ST,,,,29.00,Feet,West,18TH AVS,,,,0.00,N,Not at Intersection,N,Non-Junction,None,,,         ,Akira,McSwain,Clear,Angle,no,no,no,no,no,False
101976878,METROPOLITAN NASHVILLE POLICE DEPT,20180332780,Davidson,Nashville,4/13/2018 4:38:00 PM,2,2,0,36.137200,-86.796950,WEDGEWOOD AV,,,,0.00,,,18TH AVS,,,,0.00,Y,T-Intersection,N,Non-Junction,None,,,         ,Akira,McSwain,Clear,Angle,no,no,no,no,no,Campus
101976884,METROPOLITAN NASHVILLE POLICE DEPT,20180332859,Davidson,Nashville,4/13/2018 4:58:00 PM,2,1,0,36.097220,-86.657280,MURFREESBORO PKE,,,,460.00,Feet,West,SMITH SPRINGS RD,,,,0.00,N,Not at Intersection, ,Non-Junction,None,,,         ,Patrick,Martin,Clear,"Sideswipe, Same Direction",no,no,no,no,no,False
101976885,METROPOLITAN NASHVILLE POLICE DEPT,20180333127,Davidson,Nashville,4/13/2018 5:35:00 PM,2,0,0,36.154770,-86.763430,LINDSLEY AV,,,,33.00,Feet,West,ANTHES DR,,,,0.00,N,Not at Intersection, ,Non-Junction,None,,,         ,Kevin,Johnson,Clear,Front to Rear,no,no,no,no,no,False