master_record_number,agency,agency_tracking_number,county,city,collision_date,vehicles_involved,number_injured,number_dead,latitude,longitude,roadway_name,roadway_suffix,roadway_number,roadway_local_id,distance_from_reference,miles-feet_indicator,direction_from_reference,intersection_road_name,intersection_road_name_suffix,intersection_road_number,intersection_local_id,mile_marker,intersection_indicator,intersect_type,interchange_related_indicator,relation_to_junction,work_zone_type,construction_maintenance_zone,construction_maintenance_zone_location,fatal_case_number,officer_first_name,officer_last_name,weather_condition(s),manner_of_crash,pedestrian,bicycle,scooter,parking,hitrun,mou
101978301,METROPOLITAN NASHVILLE POLICE DEPT,20180334306,Davidson,Nashville,4/14/2018 12:00:00 AM,2,2,0,36.159690,-86.760480,I 24,,,,0.00,,,,,,,49.50,N,Not at Intersection,N,Non-Junction,None,,,         ,Austin,Childress,Clear,Front to Rear,no,no,no,no,no,False
101978302,METROPOLITAN NASHVILLE POLICE DEPT,20180337016,Davidson,Nashville,4/15/2018 1:40:00 AM,2,1,0,36.135800,-86.725040,I24 W EXT RAMP,,,,0.00,,,SPENCE LN,,,,0.00,Y,Four-Way,N,Intersection,None,,,         ,Ralph,Smith IV,Rain,Front to Rear,no,no,no,no,no,False
101978303,METROPOLITAN NASHVILLE POLICE DEPT,20180336560,Davidson,Nashville,4/15/2018 12:00:00 AM,1,0,0,36.108440,-86.720260,I24 W EXT RAMP,,,,0.00,,,I 24,,,,0.00,Y,OTHER,Y,Entrance/Exit Ramp Related,None,,,         ,Zachary,Lang,Rain,Unknown,no,no,no,no,yes,False
101978337,METROPOLITAN NASHVILLE POLICE DEPT,20180337021,Davidson,Nashville,4/15/2018 2:00:00 AM,2,0,0,36.162380,-86.778080,4TH AVN,,,,0.00,,,COMMERCE ST,,,,0.00,Y,Four-Way, ,Intersection,None,,,         ,Austin,Childress,Rain,Front to Rear,no,no,no,no,no,False
101978341,METROPOLITAN NASHVILLE POLICE DEPT,20180337037,Davidson,Nashville,4/15/2018 4:00:00 AM,2,1,0,36.235020,-86.785210,I 24,,,,0.00,,,,,,,43.75,N,Not at Intersection,N,Non-Junction,None,,,         ,Coleman,McKellar,Rain,Front to Rear,no,no,no,no,no,False
101978342,THP District 3 - Nashville,318022646,Davidson,Nashville,4/14/2018 8:14:00 AM,1,0,0,36.034690,-86.783320,I 65,,,,0.00,,,,,,,74.30,N,Not at Intersection,Y,Entrance/Exit Ramp Related,None,,,         ,Joseph,Whitmarsh,Rain,Not Collision with Motor Vehicle in Transport,no,no,no,no,no,False
101978345,METROPOLITAN NASHVILLE POLICE DEPT,20180336969,Davidson,Nashville,4/15/2018 12:00:00 AM,2,0,0,36.170190,-86.768320,INTERSTATE DR,,,,53.00,Feet,North,I24 E ENT RAMP,,,,0.00,N,Not at Intersection,N,Non-Junction,None,,,         ,Andrew,Delke,Rain,Angle,no,no,no,no,yes,False
101978351,METROPOLITAN NASHVILLE POLICE DEPT,20180337221,Davidson,Not in City Limit,4/15/2018 6:26:00 AM,2,0,0,36.283450,-86.730190,I 65,,,,0.00,,,,,,,93.65,N,Not at Intersection,N,Non-Junction,None,,,         ,Patrick,McGinnis,Rain,Front to Rear,no,no,no,no,yes,False
101978362,METROPOLITAN NASHVILLE POLICE DEPT,20180337223,Davidson,Nashville,4/15/2018 6:25:00 AM,1,1,0,36.046570,-86.660880,I 24,,,,0.00,,,,,,,59.30,N,Not at Intersection, ,Non-Junction,None,,,         ,Jefferson,Hughes,Rain,Not Collision with Motor Vehicle in Transport,no,no,no,no,no,False
101978377,METROPOLITAN NASHVILLE POLICE DEPT,20180337214,Davidson,Nashville,4/15/2018 6:12:00 AM,2,0,0,36.118530,-86.726300,I 24,,,,0.00,,,,,,,53.00,N,Not at Intersection,N,Non-Junction,None,,,         ,Kyle,Burks,Rain,Angle,no,no,no,no,no,False
101978388,METROPOLITAN NASHVILLE POLICE DEPT,20180337243,Davidson,Nashville,4/15/2018 6:56:00 AM,1,2,0,36.162440,-86.793560,I 40,,,,0.00,,,,,,,208.60,N,Not at Intersection,N,Non-Junction,None,,,         ,Patrick,Taylor,Rain,Not Collision with Motor Vehicle in Transport,no,no,no,no,no,False
101978395,METROPOLITAN NASHVILLE POLICE DEPT,2018-0337276,Davidson,Nashville,4/15/2018 7:22:00 AM,1,0,0,36.120690,-86.764890,I 440,,,,0.00,,,,,,,5.50,N,Not at Intersection, ,Non-Junction,None,,,         ,Timothy,Edwards,Rain,Not Collision with Motor Vehicle in Transport,no,no,no,no,no,False
101978401,METROPOLITAN NASHVILLE POLICE DEPT,20180337282,Davidson,Nashville,4/15/2018 12:00:00 AM,1,0,0,36.139840,-86.824120,MURPHY RD,,,,21.00,Feet,East,PARK CIR,,,,0.00,N,Not at Intersection,N,Non-Junction,None,,,         ,Brian,Myatt,Rain,Not Collision with Motor Vehicle in Transport,no,no,no,no,yes,False
101978418,METROPOLITAN NASHVILLE POLICE DEPT,20180336950,Davidson,Nashville,4/15/2018 2:30:00 AM,2,1,0,36.112520,-86.746070,NOLENSVILLE PKE,,,,73.00,Feet,South,MCCLAIN AV,,,,0.00,N,Not at Intersection, ,Non-Junction,None,,,         ,Sharissa,Perez,Rain,Angle,no,no,no,no,yes,False
101978420,METROPOLITAN NASHVILLE POLICE DEPT,2018-0337240,Davidson,Not in City Limit,4/15/2018 6:45:00 AM,1,0,0,36.273310,-86.795810,I 24,,,,0.00,,,,,,,40.85,N,Not at Intersection, ,Non-Junction,None,,,         ,Travis,Baxter,Rain,Not Collision with Motor Vehicle in Transport,no,no,no,no,no,False
101978440,METROPOLITAN NASHVILLE POLICE DEPT,20180337395,Davidson,Nashville,4/15/2018 8:34:00 AM,2,1,0,36.148960,-86.779560,I 40,,,,0.00,,,,,,,209.85,N,Not at Intersection,N,Non-Junction,None,,,         ,Tony,Folad,Cloudy,"Sideswipe, Same Direction",no,no,no,no,no,False
101978442,METROPOLITAN NASHVILLE POLICE DEPT,20180337066,Davidson,Nashville,4/15/2018 4:33:00 AM,2,0,0,36.052400,-86.659320,HICKORY HOLLOW MALL PVTDR PL,,,,647.00,Feet,North,HICKORY HOLLOW PL,,,,0.00,N,Not at Intersection,N,OtherLocation,None,,,         ,Kevin,Breeding,Rain,"Sideswipe, Same Direction",no,no,no,yes,no,False
101978450,GOODLETTSVILLE POLICE DEPT,18-13288,Davidson,Goodlettsville,4/13/2018 12:50:00 PM,2,0,0,36.306840,-86.694360,VIETNAM VETERANS BLVD NB ENT R,,,,0.00,,,CONFERENCE DR,,,,0.00,Y,T-Intersection,Y,Intersection,None,,,         ,John,Spencer,Clear,Front to Rear,no,no,no,no,yes,False
101978455,METROPOLITAN NASHVILLE POLICE DEPT,20180337394,Davidson,Nashville,4/15/2018 8:20:00 AM,2,0,0,36.064770,-86.621800,HAMILTON CHURCH RD,,,,90.00,Feet,East,OWENDALE DR,,,,0.00,N,Not at Intersection, ,Non-Junction,None,,,         ,Ryan,Sherry,Cloudy,Front to Rear,no,no,no,no,no,False
101978468,METROPOLITAN NASHVILLE POLICE DEPT,20180337281,Davidson,Nashville,4/15/2018 7:25:00 AM,1,1,0,36.154510,-86.832110,I 40,,,,0.00,,,,,,,205.40,N,Not at Intersection,N,Non-Junction,None,,,         ,Michael,Pyle,Rain,Not Collision with Motor Vehicle in Transport,no,no,no,no,no,False
101978500,METROPOLITAN NASHVILLE POLICE DEPT,2018-0337489,Davidson,Nashville,4/15/2018 12:00:00 AM,2,0,0,36.253770,-86.775090,WILLOW CREEK CT,,,,287.00,Feet,North,WESTCHESTER DR,,,,0.00,N,Not at Intersection, ,Non-Junction,None,,,         ,Travis,Baxter,Unknown,"Sideswipe, Opposite Direction",no,no,no,no,yes,False
101978501,METROPOLITAN NASHVILLE POLICE DEPT,20180337558,Davidson,Nashville,4/15/2018 10:25:00 AM,2,0,0,36.216560,-86.692340,MCGAVOCK PKE WB ENT RAMP,,,,0.00,,,BRILEY PKWYN,,,,0.00,Y,Four-Way, ,Entrance/Exit Ramp Related,None,,,         ,Tien,Nguyen,Cloudy,Front to Rear,no,no,no,no,no,False
101978507,METROPOLITAN NASHVILLE POLICE DEPT,20180337471,Davidson,Nashville,4/14/2018 10:30:00 PM,2,0,0,36.073290,-86.675160,ARTELIA DR,,,,92.00,Feet,South,HAWAIIAN VIEW,,,,0.00,N,Not at Intersection, ,Non-Junction,None,,,         ,Barry,Demonbreun,Rain,HeadOn,no,no,no,no,yes,False
101978519,THP District 9 - Administrative,318022690,Davidson,Nashville,4/14/2018 3:48:00 PM,2,0,0,36.163990,-86.793620,I40 W ENT RAMP,,,,0.00,Feet,East,I 40,,,,0.00,N,Not at Intersection,N,Non-Junction,None,,,         ,James,Behne,Rain,Angle,no,no,no,no,no,False
101978520,METROPOLITAN NASHVILLE POLICE DEPT,20180337447,Davidson,Antioch,4/15/2018 12:00:00 AM,2,0,0,36.070900,-86.597270,COUNTRY WAY,RD,,,200.00,Feet,North,WELLFLEET,CT,,,0.00,N,Not at Intersection,N,Non-Junction,None,,,         ,Jason,Hees,Rain,"Sideswipe, Same Direction",no,no,no,no,yes,False
101978521,GOODLETTSVILLE POLICE DEPT,18-13261,Davidson,Goodlettsville,4/13/2018 6:50:00 AM,2,0,0,36.319940,-86.702920,I 65,,,,0.00,,,,,,,96.70,N,Not at Intersection,Y,Non-Junction,None,,,         ,John,Spencer,Clear,Not Collision with Motor Vehicle in Transport,no,no,no,no,yes,False
101978526,METROPOLITAN NASHVILLE POLICE DEPT,20180337550,Davidson,Not in City Limit,4/15/2018 10:17:00 AM,1,0,0,36.304970,-86.859700,WHITES CREEK PKE,,,,1909.00,Feet,North,BEAR HOLLOW RD PVTDR,,,,0.00,N,Not at Intersection,N,Non-Junction,None,,,         ,Robert,Schohn,Rain,Not Collision with Motor Vehicle in Transport,no,no,no,no,no,False
101978527,METROPOLITAN NASHVILLE POLICE DEPT,20180337270,Davidson,Nashville,4/15/2018 7:16:00 AM,2,2,0,36.071270,-86.690830,I 24,,,,0.00,,,,,,,56.85,N,Not at Intersection,N,Non-Junction,None,,,         ,Troy,Loewen,Rain,"Sideswipe, Same Direction",no,no,no,no,no,False
101978528,METROPOLITAN NASHVILLE POLICE DEPT,20180337233,Davidson,Nashville,4/15/2018 6:43:00 AM,2,0,0,36.069590,-86.693910,HAYWOOD LN,,,,0.00,,,EZELL RD,,,,0.00,Y,Four-Way, ,Intersection,None,,,         ,Troy,Loewen,Rain,Angle,no,no,no,no,no,False
101978530,METROPOLITAN NASHVILLE POLICE DEPT,20180337613,Davidson,Nashville,4/15/2018 11:01:00 AM,2,0,0,36.135120,-86.811380,FAIRFAX AV,,,,0.00,,,NATCHEZ TRC,,,,0.00,Y,Four-Way,Y,Intersection-Related,None,,,         ,Walter,Cothran,Clear,Angle,no,no,no,no,no,Campus
101978531,METROPOLITAN NASHVILLE POLICE DEPT,2018-0337515,Davidson,Nashville,4/15/2018 9:56:00 AM,2,2,0,36.126700,-86.711090,EAST THOMPSON LN,,,,0.00,,,MURFREESBORO PKE,,,,0.00,Y,Four-Way,N,Intersection,None,,,         ,Stanley,Collins,Rain,Angle,no,no,no,no,no,False
101978536,METROPOLITAN NASHVILLE POLICE DEPT,20180337634,Davidson,Nashville,4/15/2018 11:05:00 AM,2,0,0,36.172160,-86.767140,JAMES ROBERTSON PKWY,,,,0.00,,,JAMES ROBERTSON PKWY ENT RAMP,,,,0.00,Y,OTHER, ,,None,,,         ,Daryl,Howard,,,no,no,no,no,no,False
101978541,METROPOLITAN NASHVILLE POLICE DEPT,20180337603,Davidson,Nashville,4/15/2018 10:50:00 AM,2,0,0,36.172480,-86.595110,CENTRAL PKE,,,,0.00,,,TULIP GROVE RD,,,,0.00,Y,Four-Way, ,Intersection,None,,,         ,Kelsey,Hemminger,Cloudy,Angle,no,no,no,no,no,False
101978546,METROPOLITAN NASHVILLE POLICE DEPT,20180337581,Davidson,Nashville,4/15/2018 10:35:00 AM,1,1,0,36.141840,-86.712660,I 40,,,,0.00,,,,,,,214.05,N,Not at Intersection,N,Non-Junction,None,,,         ,Zachary,Scott,Cloudy,Not Collision with Motor Vehicle in Transport,no,no,no,no,no,False
101978579,METROPOLITAN NASHVILLE POLICE DEPT,20180337703,Davidson,Nashville,4/15/2018 11:50:00 AM,2,0,0,36.167750,-86.820570,JEFFERSON ST,,,,53.00,Feet,East,28TH AVN,,,,0.00,N,Not at Intersection,N,Non-Junction,None,,,         ,Johan,Kinberg,Clear,Front to Rear,no,no,no,no,yes,False
101978581,METROPOLITAN NASHVILLE POLICE DEPT,20180337688,Davidson,Nashville,4/15/2018 12:10:00 PM,2,0,0,36.143430,-86.764420,3RD AVS,,,,800.00,Feet,South,CHESTNUT ST,,,,0.00,N,Not at Intersection, ,,None,,,         ,Charles,Wakefield,,,no,no,no,no,no,False
101978582,METROPOLITAN NASHVILLE POLICE DEPT,20180337709,Davidson,Nashville,4/15/2018 11:30:00 AM,2,0,0,36.036300,-86.786750,FRANKLIN RD,,,,0.00,,,,,,,0.00,,, ,OtherLocation,None,,,         ,Raymond,Flaherty,Cloudy,"Sideswipe, Same Direction",no,no,no,yes,yes,False
101978637,METROPOLITAN NASHVILLE POLICE DEPT,20180337787,Davidson,Nashville,4/15/2018 1:15:00 PM,2,2,0,36.163380,-86.787800,10TH AVN,,,,0.00,,,10TH CIRN,,,,0.00,Y,Four-Way,N,Intersection,None,,,         ,Brenna,Hosey,Cloudy,HeadOn,no,no,no,no,no,False
101978644,METROPOLITAN NASHVILLE POLICE DEPT,20180337758,Davidson,Nashville,4/15/2018 11:45:00 AM,2,0,0,36.039640,-86.672480,HICKORY PARK DR,,,,0.00,Feet,,HICKORY PARK CTW,,,,0.00,Y,T-Intersection,N,Intersection,None,,,         ,James,Jarvis,Cloudy,Angle,no,no,no,no,yes,False
101978647,METROPOLITAN NASHVILLE POLICE DEPT,20180337712,Davidson,Not in City Limit,4/15/2018 12:23:00 PM,3,2,0,36.044420,-86.956450,HIGHWAY 100,,,,68.00,Feet,West,OLD HARDING PKE,,,,0.00,N,Not at Intersection,N,Non-Junction,None,,,         ,Benjamin,Cantrell,Cloudy,HeadOn,no,no,no,no,no,False
101978664,METROPOLITAN NASHVILLE POLICE DEPT,20180337720,Davidson,Nashville,4/15/2018 12:15:00 PM,2,0,0,36.177300,-86.604180,OLD HICKORY BLVD,,,,0.00,,,HERMITAGE WOODS DR,,,,0.00,Y,T-Intersection, ,Intersection-Related,Construction Zone,,,         ,Tien,Nguyen,Cloudy,Angle,no,no,no,no,no,False
101978670,METROPOLITAN NASHVILLE POLICE DEPT,2018-0337794,Davidson,Nashville,4/15/2018 1:16:00 PM,1,0,0,36.124280,-86.758250,ROSEDALE AV,,,,56.00,Feet,East,ROSEHAVEN DR,,,,0.00,N,Not at Intersection,N,Non-Junction,None,,,         ,Timothy,Edwards,Clear,Not Collision with Motor Vehicle in Transport,no,no,no,no,no,False
101978671,METROPOLITAN NASHVILLE POLICE DEPT,20180337839,Davidson,Not in City Limit,4/15/2018 1:47:00 PM,2,0,0,36.324390,-86.864830,I24 W EXT RAMP,,,,0.00,Feet,East,I 24,,,,0.00,N,Not at Intersection, ,Non-Junction,None,,,         ,Zachary,Goodall,Cloudy,Front to Rear,no,no,no,no,no,False
101978690,METROPOLITAN NASHVILLE POLICE DEPT,20180337561,Davidson,Nashville,4/15/2018 10:20:00 AM,4,2,0,36.219970,-86.774300,I 65,,,,0.00,,,,,,,88.30,N,Not at Intersection,N,Non-Junction,None,,,         ,Steven,Spillers,Clear,"Sideswipe, Same Direction",no,no,no,no,no,False
101978694,GOODLETTSVILLE POLICE DEPT,18-12293,Davidson,Goodlettsville,4/5/2018 6:50:00 AM,1,0,0,36.303210,-86.708710,I 65,,,,0.00,,,,,,,95.40,N,Not at Intersection,Y,Non-Junction,None,,,         ,John,Spencer,Clear,Not Collision with Motor Vehicle in Transport,no,no,no,no,no,False
101978695,METROPOLITAN NASHVILLE POLICE DEPT,20180337835,Davidson,Nashville,4/15/2018 12:30:00 PM,2,0,0,36.130690,-86.795570,BELMONT BLVD,,,,90.00,Feet,South,COMPTON AV,,,,0.00,N,Not at Intersection,N,Non-Junction,None,,,         ,John,Chambers,Cloudy,Angle,no,no,no,no,yes,False
101978701,METROPOLITAN NASHVILLE POLICE DEPT,20180337830,Davidson,Nashville,4/15/2018 1:35:00 PM,3,1,0,36.044900,-86.695840,BELL RD,,,,594.00,Feet,West,BENZING RD,,,,0.00,N,Not at Intersection,N,Non-Junction,None,,,         ,Barry,Demonbreun,Cloudy,Front to Rear,no,no,no,no,no,False
101978712,METROPOLITAN NASHVILLE POLICE DEPT,20180337915,Davidson,Nashville,4/15/2018 2:57:00 PM,2,0,0,36.109480,-86.728020,EAST THOMPSON LN,,,,13.00,Feet,North,BRILEY PKWYN,,,,0.00,N,Not at Intersection, ,Non-Junction,None,,,         ,Ciarra,Rench,Clear,Front to Rear,no,no,no,no,no,False
101978713,TENNESSEE STATE UNIVERSITY ,18-TSU-23494,Davidson,Nashville,4/15/2018 1:10:00 PM,2,0,0,36.164250,-86.830300,CLARE AV,,,,0.00,,,ALAMEDA ST,,,,0.00,Y,OTHER, ,Non-Junction,None,,,         ,Harold,Taylor,Cloudy,Angle,no,no,no,yes,no,False
101978720,GOODLETTSVILLE POLICE DEPT,18-12745,Davidson,Goodlettsville,4/9/2018 8:50:00 AM,2,0,0,36.312205,-86.676666,VIETNAM VETERANS BLVD,,,,2000.00,Feet,North,CONFERENCER DR,,,,1.00,N,Not at Intersection,N,Non-Junction,None,,,         ,John,Spencer,Clear,Front to Rear,no,no,no,no,no,False
101978732,METROPOLITAN NASHVILLE POLICE DEPT,20180337964,Davidson,Nashville,4/15/2018 2:00:00 PM,1,0,0,36.231950,-86.701330,MUSIC VALLEY DR,,,,237.00,Feet,West,BRILEY PKWYE,,,,0.00,N,Not at Intersection,N,Non-Junction,None,,,         ,Darci,Stechman,Cloudy,Not Collision with Motor Vehicle in Transport,no,no,no,yes,yes,False
101978741,METROPOLITAN NASHVILLE POLICE DEPT,20180337955,Davidson,Old Hickory,4/14/2018 10:45:00 AM,2,0,0,36.265050,-86.658830,INDUSTRIAL DR,,,,228.00,Feet,West,INDUSTRIAL DR PVTDR,,,,0.00,N,Not at Intersection,N,Non-Junction,None,,,         ,Craig,Gentry,Clear,"Sideswipe, Opposite Direction",no,no,no,yes,yes,False
101978775,METROPOLITAN NASHVILLE POLICE DEPT,20180338109,Davidson,Nashville,4/15/2018 4:26:00 PM,2,1,0,36.233140,-86.758660,DICKERSON PKE,,,,0.00,,,MAPLEWOOD TRC,,,,0.00,Y,Four-Way,N,Intersection,None,,,         ,Christopher,Valdez,Cloudy,Angle,no,no,no,no,no,False
101978777,METROPOLITAN NASHVILLE POLICE DEPT,20180338002,Davidson,Nashville,4/15/2018 3:30:00 PM,1,1,0,36.066800,-86.661620,UNA ANTIOCH PKE,,,,154.00,Feet,South,RICHARDS RD,,,,0.00,N,Not at Intersection,N,Non-Junction,None,,,         ,Madison,Meiss,Clear,Not Collision with Motor Vehicle in Transport,no,no,no,no,no,False
101978802,METROPOLITAN NASHVILLE POLICE DEPT,20180338021,Davidson,Antioch,4/15/2018 3:44:00 PM,1,1,0,36.004260,-86.621910,BURKITT RD,,,,241.00,Feet,South,OLD HICKORY BLVD,,,,0.00,N,Not at Intersection,N,Non-Junction,None,,,         ,Andrew,Brazee,Cloudy,Not Collision with Motor Vehicle in Transport,no,no,no,no,no,False
101978807,METROPOLITAN NASHVILLE POLICE DEPT,20180337951,Davidson,Nashville,4/15/2018 3:12:00 PM,2,1,0,36.046020,-86.657930,COLLINS PARK DR,,,,0.00,,,BELL RD,,,,0.00,Y,Four-Way,N,Intersection,None,,,         ,Marcus,Darden,Clear,Angle,no,no,no,no,no,False
101978816,METROPOLITAN NASHVILLE POLICE DEPT,20180338342,Davidson,Nashville,4/15/2018 5:47:00 PM,2,0,0,36.128750,-86.770040,SYCAMORE RD,,,,137.00,Feet,East,MAGNOLIA RD,,,,0.00,N,Not at Intersection, ,,None,,,         ,Douglas,Sykes,,,no,no,no,no,no,False
101978817,METROPOLITAN NASHVILLE POLICE DEPT,20180338329,Davidson,Nashville,4/15/2018 5:56:00 PM,2,0,0,36.210170,-86.809620,W NOCTURNE DR,,,,410.00,Feet,West,NOCTURNE FOREST DR,,,,0.00,N,Not at Intersection, ,Non-Junction,None,,,         ,Bryan,Musgrave,Rain,Front to Rear,no,no,no,no,no,False
101978837,METROPOLITAN NASHVILLE POLICE DEPT,20180338300,Davidson,Nashville,4/15/2018 5:35:00 PM,2,1,0,36.133120,-86.799990,PORTLAND AV,,,,0.00,,,20TH AVS,,,,0.00,Y,Four-Way,Y,Intersection,None,,,         ,Gary,Peters,Cloudy,Angle,no,no,no,no,no,False
101978839,METROPOLITAN NASHVILLE POLICE DEPT,20180338073,Davidson,Nashville,4/15/2018 3:35:00 PM,2,1,0,36.135810,-86.885150,BROOK HOLLOW RD,,,,0.00,Feet,East,CHARLOTTE PKE,,,,0.00,N,Not at Intersection,N,Non-Junction,None,,,         ,Regina,Lewis,Cloudy,Front to Rear,no,no,no,no,no,False
101978847,METROPOLITAN NASHVILLE POLICE DEPT,20180338424,Davidson,Nashville,4/15/2018 6:12:00 PM,2,0,0,36.084230,-86.705910,LINBAR DR,,,,26.00,Feet,North,HARDING PL,,,,0.00,N,Not at Intersection, ,Non-Junction,None,,,         ,Jarret,Sonnenberg,Cloudy,Front to Rear,no,no,no,no,yes,False
101978876,METROPOLITAN NASHVILLE POLICE DEPT,20180338345,Davidson,Nashville,4/15/2018 6:14:00 AM,1,1,0,36.239950,-86.748000,I65 S EXT RAMP,,,,0.00,Feet,East,BRILEY PKWYE,,,,0.00,N,Not at Intersection,N,Entrance/Exit Ramp Related,None,,,         ,Rodney,Phipps,Rain,Not Collision with Motor Vehicle in Transport,no,no,no,no,no,False
101978885,METROPOLITAN NASHVILLE POLICE DEPT,20180338468,Davidson,Nashville,4/15/2018 7:01:00 PM,2,0,0,36.144860,-86.820100,LONG BLVD,,,,0.00,,,PARTHENON AV,,,,0.00,Y,T-Intersection, ,Non-Junction,None,,,         ,Darryl,Williams,Clear,Angle,no,no,no,no,no,False
101978888,METROPOLITAN NASHVILLE POLICE DEPT,20180338363,Davidson,Nashville,4/15/2018 12:00:00 AM,2,0,0,36.073940,-86.675230,ARTELIA DR,,,,147.00,Feet,North,HAWAIIAN VIEW,,,,0.00,N,Not at Intersection,N,Non-Junction,None,,,         ,Madison,Meiss,Unknown,"Sideswipe, Same Direction",no,no,no,no,yes,False
101978912,METROPOLITAN NASHVILLE POLICE DEPT,20180338582,Davidson,Nashville,4/15/2018 8:12:00 PM,2,0,0,36.150150,-86.857950,CHARLOTTE PKE,,,,0.00,,,WHITE BRIDGE PKE,,,,0.00,Y,Four-Way, ,Intersection-Related,None,,,         ,Kelby,Dumond,Clear,"Sideswipe, Opposite Direction",no,no,no,no,no,False
101978937,GOODLETTSVILLE POLICE DEPT,18-13577,Davidson,Goodlettsville,4/15/2018 8:25:00 PM,2,0,0,36.321120,-86.713230,S MAIN ST,,,,0.00,,,MEMORIAL DR,,,,0.00,Y,Four-Way, ,Intersection,None,,,         ,Zachary,Goodwin,Clear,Front to Rear,no,no,no,no,no,False
101978951,METROPOLITAN NASHVILLE POLICE DEPT,20180338059,Davidson,Not in City Limit,4/15/2018 4:03:00 PM,2,1,0,36.283390,-86.706940,EDGEMEADE BLVD,,,,5.00,Feet,East,OLD DRY CREEK RD,,,,0.00,N,Not at Intersection,N,Non-Junction,None,,,         ,Peter,Vaught,Cloudy,Angle,no,no,no,no,yes,False
101978972,METROPOLITAN NASHVILLE POLICE DEPT,20180338738,Davidson,Nashville,4/15/2018 9:10:00 PM,2,1,0,36.211500,-86.775690,I 65,,,,0.00,,,,,,,87.70,N,Not at Intersection,N,Non-Junction,None,,,         ,Michael,Thompson,Clear,"Sideswipe, Same Direction",no,no,no,no,yes,False
101979006,METROPOLITAN NASHVILLE POLICE DEPT,20180338728,Davidson,Nashville,4/15/2018 9:29:00 PM,2,1,0,36.154440,-86.815950,CHARLOTTE AV,,,,97.00,Feet,West,26TH AVN,,,,0.00,N,Not at Intersection, ,Non-Junction,None,,,         ,Jed,Baldoni,Rain,Front to Rear,no,no,no,no,no,False
101979019,METROPOLITAN NASHVILLE POLICE DEPT,20180338641,Davidson,Nashville,4/15/2018 7:30:00 PM,1,0,0,36.165990,-86.603880,THE COVE APT PVTDR,,,,187.00,Feet,North,ALTA LAKE GRNWY,,,,0.00,N,Not at Intersection,N,Non-Junction,None,,,         ,Abbey,Sawl,Rain,Not Collision with Motor Vehicle in Transport,no,no,no,yes,yes,False
101979034,METROPOLITAN NASHVILLE POLICE DEPT,20180338785,Davidson,Not in City Limit,4/15/2018 10:19:00 PM,2,0,0,36.267430,-86.697820,DUPONT AVENUE APARTMENT PVTDR,,,,43.00,Feet,North,N DUPONT AV,,,,0.00,N,Not at Intersection,N,Non-Junction,None,,,         ,Peter,Vaught,Clear,"Sideswipe, Same Direction",no,no,no,no,no,False
101979038,METROPOLITAN NASHVILLE POLICE DEPT,20180338298,Davidson,Madison,4/15/2018 12:00:00 AM,2,1,0,36.302460,-86.692260,GALLATIN PKEN,,,,195.00,Feet,East,RIVERGATE MALL PVTDR,,,,0.00,N,Not at Intersection,N,"Driveway, Alley Access, etc",None,,,         ,Michael,Quinn,Cloudy,Not Collision with Motor Vehicle in Transport,yes,no,no,no,no,False
101979043,METROPOLITAN NASHVILLE POLICE DEPT,20180338909,Davidson,Nashville,4/15/2018 11:05:00 PM,2,0,0,36.193680,-86.712210,DUGGER DR,,,,424.00,Feet,North,SHERIDAN RD,,,,0.00,N,Not at Intersection,N,Unknown,None,,,         ,Edward,Holden,Clear,HeadOn,no,no,no,no,yes,False
101979045,THP District 3 - Nashville,318022047,Davidson,Nashville,4/11/2018 11:52:00 PM,1,2,0,36.115320,-86.772780,I440 W ENT RAMP,,,,0.00,,,I 65,,,,0.00,Y,OTHER,Y,Entrance/Exit Ramp Related,None,,,         ,Jason,Cannon,Clear,Not Collision with Motor Vehicle in Transport,no,no,no,no,no,False
101979049,METROPOLITAN NASHVILLE POLICE DEPT,20180339024,Davidson,Nashville,4/15/2018 12:00:00 AM,1,0,0,36.205220,-86.794630,YOUNGS LN,,,,698.00,Feet,East,ENLOE ST,,,,0.00,N,Not at Intersection,N,Non-Junction,None,,,         ,Jacob,Dick,Clear,Unknown,no,no,no,no,yes,False
101979053,METROPOLITAN NASHVILLE POLICE DEPT,20180339052,Davidson,Nashville,4/16/2018 12:10:00 AM,1,0,0,36.203140,-86.751080,ELLINGTON PKWY S EXT RAMP,,,,0.00,Feet,East,ELLINGTON PKWY S ENT RAMP,,,,0.00,N,Not at Intersection,Y,Non-Junction,None,,,         ,Lindsey,Anderson,Clear,Not Collision with Motor Vehicle in Transport,no,no,no,no,no,False
101979061,METROPOLITAN NASHVILLE POLICE DEPT,20180339068,Davidson,Nashville,4/16/2018 12:16:00 AM,1,0,0,36.155890,-86.761000,I40 W ENT RAMP,,,,0.00,Feet,East,ANTHES DR,,,,0.00,N,Not at Intersection,N,Non-Junction,None,,,         ,Blake,Lutz,Clear,Not Collision with Motor Vehicle in Transport,no,no,no,no,yes,False
101979116,METROPOLITAN NASHVILLE POLICE DEPT,20180339388,Davidson,Nashville,4/16/2018 3:22:00 AM,1,0,0,36.087910,-86.723020,PARAGON MILLS RD,,,,89.00,Feet,East,VALLEY RIDGE DR,,,,0.00,N,Not at Intersection,N,Non-Junction,None,,,         ,Derrick,Toney,Rain,Not Collision with Motor Vehicle in Transport,no,no,no,no,yes,False