master_record_number,agency,agency_tracking_number,county,city,collision_date,vehicles_involved,number_injured,number_dead,latitude,longitude,roadway_name,roadway_suffix,roadway_number,roadway_local_id,distance_from_reference,miles-feet_indicator,direction_from_reference,intersection_road_name,intersection_road_name_suffix,intersection_road_number,intersection_local_id,mile_marker,intersection_indicator,intersect_type,interchange_related_indicator,relation_to_junction,work_zone_type,construction_maintenance_zone,construction_maintenance_zone_location,fatal_case_number,officer_first_name,officer_last_name,weather_condition(s),manner_of_crash,pedestrian,bicycle,scooter,parking,hitrun,mou
101979952,TENNESSEE STATE UNIVERSITY ,18-TSU-22987,Davidson,Nashville,4/13/2018 12:00:00 AM,2,0,0,36.171270,-86.821460,W HEIMAN ST,,,,568.00,Feet,East,SCHRADER ACRES DR,,,,0.00,N,Not at Intersection,N,Unknown,None,,,         ,Alex,Weatherford,Clear,Angle,no,no,no,no,no,False
101979959,METROPOLITAN NASHVILLE POLICE DEPT,20180341990,Davidson,Not in City Limit,4/16/2018 10:35:00 PM,1,1,0,36.118940,-86.999090,OLD CHARLOTTE PKE,,,,953.00,Feet,East,POND CREEK RD,,,,0.00,N,Not at Intersection,N,Non-Junction,None,,,         ,Joanna,D'Agostino,Clear,Not Collision with Motor Vehicle in Transport,no,no,no,no,no,False
101979962,METROPOLITAN NASHVILLE POLICE DEPT,20180342004,Davidson,Nashville,4/16/2018 8:48:00 PM,2,1,0,36.192110,-86.780450,I65 S ENT RAMP,,,,0.00,,,I 65,,,,0.00,Y,Y-Intersection, ,Entrance/Exit Ramp Related,None,,,         ,Abigail,Malone,Clear,"Sideswipe, Same Direction",no,no,no,no,no,False
101980040,METROPOLITAN NASHVILLE POLICE DEPT,20180342739,Davidson,Nashville,4/17/2018 4:40:00 AM,2,1,0,36.161580,-86.783890,ROSA L PARKS BLVD,,,,0.00,,,CHURCH ST,,,,0.00,Y,Four-Way,N,Intersection,None,,,         ,Damon,Hutcheson,Clear,Angle,no,no,no,no,no,False
101980042,METROPOLITAN NASHVILLE POLICE DEPT,20180342660,Davidson,Nashville,4/17/2018 4:01:00 AM,1,0,0,36.080980,-86.653360,UNA ANTIOCH PKE,,,,169.00,Feet,North,OAK BARREL DR,,,,0.00,N,Not at Intersection, ,Non-Junction,None,,,         ,Kaleb,Stella,Clear,Not Collision with Motor Vehicle in Transport,no,no,no,no,no,False
101980050,METROPOLITAN NASHVILLE POLICE DEPT,20180342866,Davidson,Nashville,4/17/2018 5:53:00 AM,2,0,0,36.124290,-86.696340,BRILEY PKWY,,,,0.00,,,VULTEE BLVD,,,,0.00,Y,Four-Way, ,Intersection,None,,,         ,Ralph,Smith IV,Clear,Angle,no,no,no,no,no,False
101980064,GOODLETTSVILLE POLICE DEPT,18-13717,Davidson,Not in City Limit,4/16/2018 5:49:00 PM,2,1,0,36.312120,-86.676150,HIGHWAY 386,,,,1.08,Miles,East,CONFERENCE DR,,,,0.00,N,Not at Intersection,N,Non-Junction,None,,,         ,George,Forbes,Clear,Front to Rear,no,no,no,no,no,False
101980079,METROPOLITAN NASHVILLE POLICE DEPT,20180342819,Davidson,Nashville,4/17/2018 5:32:00 AM,3,1,0,36.142730,-86.744170,MURFREESBORO PKE,,,,61.00,Feet,East,FESSLERS LN,,,,0.00,N,Not at Intersection,N,Non-Junction,None,,,         ,Tyler,Manivong,Clear,Front to Rear,no,no,no,no,no,False
101980080,METROPOLITAN NASHVILLE POLICE DEPT,20180342938,Davidson,Nashville,4/17/2018 6:55:00 AM,2,0,0,36.153670,-86.845710,I 40,,,,0.00,,,,,,,204.60,N,Not at Intersection, ,Non-Junction,None,,,         ,Curtis,Rich,Clear,Front to Rear,no,no,no,no,no,False
101980091,METROPOLITAN NASHVILLE POLICE DEPT,20180343029,Davidson,Nashville,4/17/2018 7:30:00 AM,1,0,0,36.146190,-86.870620,CHARLOTTE PKE,,,,44.00,Feet,East,WESTBORO DR,,,,0.00,N,Not at Intersection,N,Non-Junction,None,,,         ,Curtis,Rich,Clear,Not Collision with Motor Vehicle in Transport,no,no,no,no,no,False
101980095,GOODLETTSVILLE POLICE DEPT,18-13790,Davidson,Goodlettsville,4/17/2018 7:41:00 AM,2,0,0,36.325210,-86.701640,LONG HOLLOW,PIKE,SR174,,50.00,Feet,East,E. CEDAR,ST,,,0.00,N,Not at Intersection, ,Non-Junction,None,,,         ,Jeremy,Baker,Clear,Front to Rear,no,no,no,no,no,False
101980110,METROPOLITAN NASHVILLE POLICE DEPT,20180342955,Davidson,Nashville,4/17/2018 6:51:00 AM,2,0,0,36.175110,-86.767490,ELLINGTON PKWYS,,,,0.00,,,JAMES ROBERTSON PKWY ENT RAMP,,,,0.00,Y,Y-Intersection, ,Entrance/Exit Ramp Related,Maintenance Zone,,,         ,Doyle,Price,Clear,Front to Rear,no,no,no,no,no,False
101980114,METROPOLITAN NASHVILLE POLICE DEPT,20180343007,Davidson,Nashville,4/17/2018 7:26:00 AM,2,0,0,36.223140,-86.775150,I65 S ENT RAMP,,,,0.00,,,I 65,,,,0.00,Y,OTHER, ,,None,,,         ,James,Wray,,,no,no,no,no,no,False
101980119,THP District 9 - Administrative,318023086,Davidson,Nashville,4/17/2018 6:05:00 AM,2,0,0,36.139620,-86.760860,2ND AVS,,,,43.00,Feet,South,OLD RADNOR CAR LINE,,,,0.00,N,Not at Intersection, ,Non-Junction,None,,,         ,Jeremy,McAnally,Clear,HeadOn,no,no,no,no,yes,False
101980121,METROPOLITAN NASHVILLE POLICE DEPT,20180343071,Davidson,Nashville,4/17/2018 7:43:00 AM,2,0,0,36.108990,-86.721110,I 24,,,,0.00,,,,,,,53.75,N,Not at Intersection, ,Non-Junction,None,,,         ,Stephen,Soule,Clear,Front to Rear,no,no,no,no,no,False
101980125,METROPOLITAN NASHVILLE POLICE DEPT,20180343144,Davidson,Nashville,4/17/2018 8:29:00 AM,2,0,0,36.153670,-86.845580,I 40,,,,0.00,,,,,,,204.60,N,Not at Intersection, ,Non-Junction,None,,,         ,Curtis,Rich,Clear,Angle,no,no,no,no,no,False
101980129,METROPOLITAN NASHVILLE POLICE DEPT,20180343087,Davidson,Nashville,4/17/2018 7:46:00 AM,2,0,0,36.162490,-86.618600,I 40,,,,0.00,,,,,,,219.75,N,Not at Intersection, ,Non-Junction,None,,,         ,Michael,Dance,Clear,Front to Rear,no,no,no,no,no,False
101980149,METROPOLITAN NASHVILLE POLICE DEPT,20180342981,Davidson,Nashville,4/17/2018 7:00:00 AM,2,0,0,36.045240,-86.648300,CROSSINGS BLVD,,,,288.00,Feet,East,CROSSINGS PL,,,,0.00,N,Not at Intersection,N,Non-Junction,None,,,         ,Eric,Wegener,Clear,Front to Rear,no,no,no,no,no,False
101980150,METROPOLITAN NASHVILLE POLICE DEPT,20180342990,Davidson,Nashville,4/17/2018 7:18:00 AM,2,0,0,36.204360,-86.776730,I 65,,,,0.00,,,,,,,87.20,N,Not at Intersection, ,,None,,,         ,James,Wray,,,no,no,no,no,no,False
101980160,METROPOLITAN NASHVILLE POLICE DEPT,20180343245,Davidson,Nashville,4/17/2018 8:00:00 AM,2,0,0,36.153680,-86.845220,I 40,,,,0.00,,,,,,,204.65,N,Not at Intersection, ,Non-Junction,None,,,         ,Curtis,Rich,Clear,Angle,no,no,no,no,yes,False
101980167,METROPOLITAN NASHVILLE POLICE DEPT,20180343028,Davidson,Nashville,4/17/2018 7:36:00 AM,3,0,0,36.154130,-86.788300,I 40,,,,0.00,,,,,,,209.30,N,Not at Intersection,N,Non-Junction,None,,,         ,Jon,Mcvey,Clear,Angle,no,no,no,no,no,False
101980175,METROPOLITAN NASHVILLE POLICE DEPT,20180343131,Davidson,Nashville,4/17/2018 1:00:00 AM,2,0,0,36.160270,-86.818400,BOOKER ST,,,,147.00,Feet,East,28TH AVN,,,,0.00,N,Not at Intersection,N,Non-Junction,None,,,         ,Jared,Lemons,Unknown,Angle,no,no,no,no,yes,False
101980176,METROPOLITAN NASHVILLE POLICE DEPT,20180343165,Davidson,Nashville,4/17/2018 8:06:00 AM,2,1,0,36.151180,-86.691820,ELM HILL PKE,,,,0.00,,,BRILEY PKWY S EXT RAMP,,,,0.00,Y,T-Intersection,N,Intersection,None,,,         ,Michael,Dance,Clear,Angle,no,no,no,no,yes,False
101980182,METROPOLITAN NASHVILLE POLICE DEPT,20180343161,Davidson,Nashville,4/17/2018 8:13:00 AM,2,0,0,36.169890,-86.674620,LEBANON PKE,,,,293.00,Feet,West,SHADY GROVE RD,,,,0.00,N,Not at Intersection, ,Non-Junction,None,,,         ,Michael,Dance,Clear,Front to Rear,no,no,no,no,yes,False
101980192,METROPOLITAN NASHVILLE POLICE DEPT,20180343303,Davidson,Nashville,4/17/2018 9:30:00 AM,2,0,0,36.045600,-86.658470,I24 W EXT RAMP,,,,0.00,,,I 24,,,,0.00,Y,T-Intersection, ,,None,,,         ,Steven,Williams,,,no,no,no,no,no,False
101980201,METROPOLITAN NASHVILLE POLICE DEPT,20180342976,Davidson,Madison,4/17/2018 7:00:00 AM,2,0,0,36.249260,-86.704050,IDLEWILD CT,,,,138.00,Feet,North,IDLEWILD PL,,,,0.00,N,Not at Intersection, ,Non-Junction,None,,,         ,Michelle,Steidl,Clear,HeadOn,no,no,no,no,no,False
101980205,METROPOLITAN NASHVILLE POLICE DEPT,20180343204,Davidson,Nashville,4/17/2018 8:48:00 AM,2,0,0,36.159390,-86.796770,CHARLOTTE AV,,,,56.00,Feet,West,16TH AVN,,,,0.00,N,Not at Intersection, ,Non-Junction,None,,,         ,Patrick,Taylor,Clear,Front to Rear,no,no,no,no,no,False
101980207,METROPOLITAN NASHVILLE POLICE DEPT,20180343188,Davidson,Nashville,4/17/2018 8:25:00 AM,2,0,0,36.045730,-86.708120,OLD HICKORY BLVD,,,,500.00,Feet,West,HICKORY VALLEY CONDOS PVTDR,,,,0.00,N,Not at Intersection, ,Non-Junction,None,,,         ,Eric,Wegener,Clear,"Sideswipe, Same Direction",no,no,no,no,no,False
101980219,METROPOLITAN NASHVILLE POLICE DEPT,20180343023,Davidson,Nashville,4/17/2018 7:25:00 AM,2,1,0,36.132650,-86.727160,I 24,,,,0.00,,,,,,,52.00,N,Not at Intersection,N,Non-Junction,None,,,         ,Todd,Watson,Clear,Front to Rear,no,no,no,no,no,False
101980229,METROPOLITAN NASHVILLE POLICE DEPT,20180343208,Davidson,Nashville,4/17/2018 8:30:00 AM,2,0,0,36.160760,-86.793690,CHARLOTTE AV,,,,0.00,,,14TH AVN,,,,0.00,Y,Four-Way, ,Intersection,None,,,         ,Raymond,Flaherty,Clear,"Sideswipe, Same Direction",no,no,no,no,no,False
101980230,METROPOLITAN NASHVILLE POLICE DEPT,20180343316,Davidson,Nashville,4/17/2018 7:48:00 AM,2,0,0,36.155210,-86.805670,MURPHY AV,,,,0.00,,,,,,,0.00,,,N,"Driveway, Alley Access, etc",None,,,         ,Raymond,Flaherty,Clear,Angle,no,no,no,no,yes,False
101980250,METROPOLITAN NASHVILLE POLICE DEPT,2018-0343159,Davidson,Nashville,4/17/2018 8:30:00 AM,2,0,0,36.188180,-86.797360,DOMINICAN DR,,,,161.00,Feet,West,FRENCH LANDING DR,,,,0.00,N,Not at Intersection, ,Non-Junction,None,,,         ,Wesley,Young,Clear,Angle,no,no,no,no,no,False
101980252,METROPOLITAN NASHVILLE POLICE DEPT,20180342958,Davidson,Nashville,4/17/2018 6:44:00 AM,2,0,0,36.080470,-86.717560,HARDING PL,,,,110.00,Feet,East,JONQUIL DR,,,,0.00,N,Not at Intersection, ,Non-Junction,None,,,         ,Jessie,Meadows,Clear,Front to Rear,no,no,no,no,no,False
101980253,METROPOLITAN NASHVILLE POLICE DEPT,20180342967,Davidson,Nashville,4/17/2018 6:57:00 AM,2,0,0,36.079710,-86.725910,HARDING PL,,,,125.00,Feet,East,NOLENSVILLE PKE,,,,0.00,N,Not at Intersection, ,Non-Junction,None,,,         ,Jessie,Meadows,Clear,Front to Rear,no,no,no,no,no,False
101980254,METROPOLITAN NASHVILLE POLICE DEPT,20180343039,Davidson,Nashville,4/17/2018 7:39:00 AM,2,0,0,36.176570,-86.772580,I 24,,,,0.00,,,,,,,47.95,N,Not at Intersection, ,Non-Junction,None,,,         ,James,Curtis,Clear,"Sideswipe, Same Direction",no,no,no,no,no,False
101980255,METROPOLITAN NASHVILLE POLICE DEPT,20180343371,Davidson,Nashville,4/17/2018 10:09:00 AM,2,0,0,36.150920,-86.768090,2ND AVS,,,,93.00,Feet,North,LAFAYETTE ST,,,,0.00,N,Not at Intersection, ,,None,,,         ,James,Curtis,,,no,no,no,no,no,False
101980256,METROPOLITAN NASHVILLE POLICE DEPT,20180343003,Davidson,Antioch,4/17/2018 7:20:00 AM,2,1,0,36.018600,-86.619440,OLD HICKORY BLVD,,,,126.00,Feet,North,OWEN DR,,,,0.00,N,Not at Intersection,N,Non-Junction,None,,,         ,Jessie,Meadows,Clear,Front to Rear,no,no,no,no,no,False
101980257,METROPOLITAN NASHVILLE POLICE DEPT,20180343088,Davidson,Nashville,4/17/2018 8:00:00 AM,2,0,0,36.087840,-86.701300,I 24,,,,0.00,,,,,,,55.60,N,Not at Intersection,N,Non-Junction,None,,,         ,Jessie,Meadows,Clear,Front to Rear,no,no,no,no,no,False
101980258,METROPOLITAN NASHVILLE POLICE DEPT,20180343158,Davidson,Nashville,4/17/2018 8:25:00 AM,2,0,0,36.034890,-86.643200,I 24,,,,0.00,,,,,,,60.55,N,Not at Intersection, ,Non-Junction,None,,,         ,Jessie,Meadows,Clear,Front to Rear,no,no,no,no,no,False
101980259,METROPOLITAN NASHVILLE POLICE DEPT,20180343207,Davidson,Nashville,4/17/2018 8:39:00 AM,2,0,0,36.034890,-86.643200,I 24,,,,0.00,,,,,,,60.55,N,Not at Intersection, ,Non-Junction,None,,,         ,Jessie,Meadows,Clear,Front to Rear,no,no,no,no,no,False
101980269,METROPOLITAN NASHVILLE POLICE DEPT,20180343318,Davidson,Nashville,4/17/2018 9:10:00 AM,2,0,0,36.088480,-86.762520,I65 N ENT RAMP,,,,0.00,Feet,East,I 65,,,,0.00,N,Not at Intersection,N,Non-Junction,None,,,         ,Jon,Mcvey,Clear,Front to Rear,no,no,no,no,no,False
101980270,METROPOLITAN NASHVILLE POLICE DEPT,20180343680,Davidson,Nashville,4/17/2018 10:39:00 AM,2,0,0,36.130290,-86.899940,CHARLOTTE PKE,,,,0.00,,,I40 W EXT RAMP,,,,0.00,Y,T-Intersection, ,Intersection,None,,,         ,Curtis,Rich,Clear,Front to Rear,no,no,no,no,no,False
101980272,METROPOLITAN NASHVILLE POLICE DEPT,2018-0343359,Davidson,Madison,4/17/2018 9:55:00 AM,2,1,0,36.264080,-86.735910,I65 N EXT RAMP,,,,0.00,,,OLD HICKORY BLVDW,,,,0.00,Y,T-Intersection, ,Intersection-Related,None,,,         ,Travis,Baxter,Clear,Front to Rear,no,no,no,no,no,False
101980283,METROPOLITAN NASHVILLE POLICE DEPT,2018-0343199,Davidson,Nashville,4/17/2018 6:50:00 AM,2,0,0,36.071520,-86.687090,BAKERTOWN RD,,,,199.00,Feet,West,HAYSTACK LN,,,,0.00,N,Not at Intersection,N,Non-Junction,None,,,         ,Amy,Hirschmann,Clear,Front to Rear,no,no,no,yes,yes,False
101980294,METROPOLITAN NASHVILLE POLICE DEPT,20180343290,Davidson,Nashville,4/17/2018 7:50:00 AM,2,0,0,36.223260,-86.782300,BRICK CHURCH PKE,,,,345.00,Feet,South,BRICK CHURCH PARK DR,,,,0.00,N,Not at Intersection, ,Non-Junction,None,,,         ,Jeanine,Sarno,Clear,Front to Rear,no,no,no,no,no,False
101980295,METROPOLITAN NASHVILLE POLICE DEPT,20180343432,Davidson,Nashville,4/17/2018 10:25:00 AM,2,1,0,36.037870,-86.796480,OLD HICKORY BLVD,,,,383.00,Feet,East,CREEKSIDE CRSG,,,,0.00,N,Not at Intersection,N,Non-Junction,None,,,         ,Justin,Pinkelton,Clear,Front to Rear,no,no,no,no,no,False
101980305,METROPOLITAN NASHVILLE POLICE DEPT,20180343546,Davidson,Nashville,4/17/2018 9:10:00 AM,2,0,0,36.065860,-86.768060,HOGAN RD,,,,0.00,,,REGENT DR,,,,0.00,Y,T-Intersection, ,Non-Junction,None,,,         ,Walter,Cothran,Clear,Angle,no,no,no,no,no,False
101980337,METROPOLITAN NASHVILLE POLICE DEPT,20180343561,Davidson,Nashville,4/17/2018 12:00:00 AM,2,0,0,36.166770,-86.760910,SYLVAN ST,,,,229.00,Feet,East,S 5TH ST,,,,0.00,N,Not at Intersection,N,Non-Junction,None,,,         ,Russell,Freeman,Unknown,Unknown,no,no,no,no,yes,False
101980347,METROPOLITAN NASHVILLE POLICE DEPT,20180343565,Davidson,Nashville,4/17/2018 11:40:00 AM,2,1,0,36.116310,-86.697110,MURFREESBORO PKE,,,,83.00,Feet,East,MCGAVOCK PKE,,,,0.00,N,Not at Intersection,N,Non-Junction,None,,,         ,Jessie,Meadows,Clear,Angle,no,no,no,no,no,False
101980360,METROPOLITAN NASHVILLE POLICE DEPT,20180343689,Davidson,Nashville,4/17/2018 12:09:00 PM,2,0,0,36.041140,-86.776210,BRENTWOOD TRC,,,,0.00,,,BRENTWOOD COMMONS WAY,,,,0.00,Y,Four-Way, ,Intersection-Related,None,,,         ,Walter,Cothran,Clear,Front to Rear,no,no,no,no,no,False
101980361,METROPOLITAN NASHVILLE POLICE DEPT,20180343378,Davidson,Nashville,4/17/2018 10:12:00 AM,2,0,0,36.151690,-86.677000,ROYAL PKWY,,,,0.00,,,ELM HILL PKE,,,,0.00,Y,Four-Way, ,,None,,,         ,Bradley,McIntyre,,,no,no,no,no,no,False
101980363,METROPOLITAN NASHVILLE POLICE DEPT,20180343664,Davidson,Nashville,4/17/2018 10:40:00 AM,2,0,0,36.084810,-86.763310,I 65,,,,0.00,,,,,,,78.00,N,Not at Intersection,N,Non-Junction,None,,,         ,Jon,Mcvey,Clear,"Sideswipe, Same Direction",no,no,no,no,yes,False
101980364,METROPOLITAN NASHVILLE POLICE DEPT,20180343431,Davidson,Nashville,4/17/2018 10:28:00 AM,2,0,0,36.150150,-86.793190,ROY ACUFF PL,,,,0.00,,,MUSIC SQW,,,,0.00,Y,Four-Way,N,Intersection,None,,,         ,James,Hill,Clear,Angle,no,no,no,no,no,False
101980376,METROPOLITAN NASHVILLE POLICE DEPT,20180328560,Davidson,Nashville,4/12/2018 12:50:00 PM,2,0,0,36.164100,-86.762990,I 24,,,,0.00,,,,,,,49.15,N,Not at Intersection,N,Non-Junction,None,,,         ,William,Vincion,Clear,Front to Rear,no,no,no,no,no,False
101980417,METROPOLITAN NASHVILLE POLICE DEPT,20180343155,Davidson,Nashville,4/17/2018 8:27:00 AM,1,1,0,36.241430,-86.757220,BRILEY PKWY W ENT RAMP,,,,0.00,,,BRILEY PKWY W ENT RAMP,,,,0.00,Y,OTHER,N,Entrance/Exit Ramp Related,None,,,         ,Cyretha,Frazier,Clear,Not Collision with Motor Vehicle in Transport,no,no,no,no,no,False
101980418,METROPOLITAN NASHVILLE POLICE DEPT,20180343566,Davidson,Madison,4/17/2018 11:29:00 AM,1,0,0,36.260360,-86.757670,DICKERSON PKE,,,,289.00,Feet,South,TUCKAHOE DR,,,,0.00,N,Not at Intersection,N,Non-Junction,None,,,         ,Cyretha,Frazier,Clear,Not Collision with Motor Vehicle in Transport,no,no,no,no,no,False
101980423,METROPOLITAN NASHVILLE POLICE DEPT,20180343782,Davidson,Antioch,4/17/2018 12:58:00 PM,2,0,0,36.264200,-86.659290,INDUSTRIAL DR,,,,396.00,Feet,East,ROBINSON RD EXT RAMP,,,,0.00,N,Not at Intersection, ,Non-Junction,None,,,         ,Michael,Dance,Clear,"Sideswipe, Same Direction",no,no,no,yes,no,False
101980424,METROPOLITAN NASHVILLE POLICE DEPT,20180343795,Davidson,Nashville,4/17/2018 12:59:00 PM,2,0,0,36.155470,-86.790110,BROADWAY,,,,28.00,Feet,East,15TH AVS,,,,0.00,N,Not at Intersection,N,Non-Junction,None,,,         ,Walter,Cothran,Clear,Angle,no,no,no,no,yes,False
101980431,METROPOLITAN NASHVILLE POLICE DEPT,20180343836,Davidson,Nashville,4/17/2018 1:30:00 PM,2,0,0,36.130330,-86.899950,I40 W EXT RAMP,,,,0.00,,,I 40,,,,0.00,Y,T-Intersection, ,Entrance/Exit Ramp Related,None,,,         ,Curtis,Rich,Clear,Front to Rear,no,no,no,no,no,False
101980451,METROPOLITAN NASHVILLE POLICE DEPT,20180343770,Davidson,Nashville,4/17/2018 12:59:00 PM,2,1,0,36.163680,-86.808480,HERMOSA ST,,,,0.00,,,21ST AVN,,,,0.00,Y,Four-Way,N,Intersection,None,,,         ,Patrick,Taylor,Clear,Angle,no,no,no,no,no,False
101980475,METROPOLITAN NASHVILLE POLICE DEPT,20180343554,Davidson,Nashville,4/17/2018 11:20:00 AM,2,1,0,36.154620,-86.822540,I440 W EXT RAMP,,,,0.00,,,I 440,,,,0.00,Y,OTHER,Y,Entrance/Exit Ramp Related,None,,,         ,Raymond,Flaherty,Clear,Angle,no,no,no,no,no,False
101980476,METROPOLITAN NASHVILLE POLICE DEPT,20180343779,Davidson,Nashville,4/17/2018 1:05:00 PM,1,0,0,36.066740,-86.661610,UNA ANTIOCH PKE,,,,179.00,Feet,South,RICHARDS RD,,,,0.00,N,Not at Intersection,N,Non-Junction,None,,,         ,Jessie,Meadows,Clear,Not Collision with Motor Vehicle in Transport,no,no,no,no,no,False
101980477,METROPOLITAN NASHVILLE POLICE DEPT,20180343872,Davidson,Nashville,4/17/2018 1:35:00 PM,1,0,0,36.177180,-86.772950,I 24,,,,0.00,,,,,,,47.90,N,Not at Intersection,N,Non-Junction,Construction Zone,Other,Unknown,         ,Erik,Nash,Clear,Not Collision with Motor Vehicle in Transport,no,no,no,no,no,False
101980486,METROPOLITAN NASHVILLE POLICE DEPT,2018-0342948,Davidson,Nashville,4/17/2018 6:42:00 AM,2,1,0,36.081100,-86.758350,HARDING PL,,,,1.00,Feet,East,TROUSDALE DR,,,,0.00,N,Not at Intersection,N,Non-Junction,None,,,         ,Sean,Williams,Clear,HeadOn,no,no,no,no,no,False
101980502,METROPOLITAN NASHVILLE POLICE DEPT,2018-0343858,Davidson,Nashville,4/17/2018 1:24:00 PM,2,1,0,36.123930,-86.781320,VAULX LN,,,,0.00,,,INVERNESS AV,,,,0.00,Y,Four-Way,Y,Intersection,None,,,         ,Timothy,Edwards,Clear,Angle,no,no,no,no,no,False
101980503,METROPOLITAN NASHVILLE POLICE DEPT,20180343714,Davidson,Nashville,4/17/2018 12:35:00 PM,1,1,0,36.156780,-86.805140,CHARLOTTE AV,,,,152.00,Feet,East,SHORTVIEW AV,,,,0.00,N,Not at Intersection,N,Non-Junction,None,,,         ,Isaac,Wood,Clear,Not Collision with Motor Vehicle in Transport,no,no,no,no,no,False
101980507,METROPOLITAN NASHVILLE POLICE DEPT,20180343918,Davidson,Nashville,4/17/2018 12:00:00 AM,2,0,0,36.067770,-86.627970,FOREST POINTE PL,,,,236.00,Feet,West,KAEDEN POINTE CT,,,,0.00,N,Not at Intersection,N,Non-Junction,None,,,         ,Brandon,Vance,Unknown,Unknown,no,no,no,yes,yes,False
101980510,METROPOLITAN NASHVILLE POLICE DEPT,20180343436,Davidson,Nashville,4/17/2018 10:38:00 AM,2,0,0,36.158100,-86.799870,CHARLOTTE AV,,,,0.00,,,18TH AVN,,,,0.00,Y,Four-Way, ,Intersection-Related,None,,,         ,Jon,Mcvey,Clear,"Sideswipe, Same Direction",no,no,no,no,no,False
101980563,METROPOLITAN NASHVILLE POLICE DEPT,20180344012,Davidson,Nashville,4/17/2018 2:35:00 PM,1,0,0,36.176870,-86.793850,TAYLOR ST,,,,0.00,Feet,East,ROSA L PARKS BLVD,,,,0.00,N,Not at Intersection, ,Non-Junction,None,,,         ,John,Petriello,Clear,Not Collision with Motor Vehicle in Transport,no,no,no,no,no,False
101980564,METROPOLITAN NASHVILLE POLICE DEPT,20180343887,Davidson,Nashville,4/17/2018 1:00:00 PM,2,0,0,36.096280,-86.555080,HOBSON PKE,,,,0.00,,,WALKER RD,,,,0.00,Y,T-Intersection, ,Intersection-Related,None,,,         ,William,Mckay,Clear,Not Collision with Motor Vehicle in Transport,no,no,no,no,no,False
101980574,METROPOLITAN NASHVILLE POLICE DEPT,20180343813,Davidson,Nashville,4/17/2018 1:10:00 PM,2,0,0,36.134960,-86.727090,I 24,,,,0.00,,,,,,,52.15,N,Not at Intersection, ,Non-Junction,None,,,         ,Stephen,Soule,Clear,Front to Rear,no,no,no,no,no,False
101980601,METROPOLITAN NASHVILLE POLICE DEPT,20180344095,Davidson,Nashville,4/17/2018 2:24:00 PM,2,0,0,36.151500,-86.852420,CHARLOTTE AV,,,,99.00,Feet,West,MORROW RD,,,,0.00,N,Not at Intersection,N,Non-Junction,None,,,         ,Ryan,Allen,Clear,"Sideswipe, Same Direction",no,no,no,no,yes,False
101980628,METROPOLITAN NASHVILLE POLICE DEPT,20180344086,Davidson,Nashville,4/17/2018 3:00:00 PM,3,1,0,36.180030,-86.800410,I 65,,,,0.00,,,,,,,85.00,N,Not at Intersection,N,Non-Junction,None,,,         ,Jonathon,Sheppard,Clear,Front to Rear,no,no,no,no,no,False
101980631,METROPOLITAN NASHVILLE POLICE DEPT,20180344047,Davidson,Nashville,4/17/2018 2:33:00 PM,2,0,0,36.041360,-86.609110,HOBSON PKE,,,,930.00,Feet,West,MURFREESBORO PKE,,,,0.00,N,Not at Intersection,N,Non-Junction,None,,,         ,Devonte,Coleman,Clear,Front to Rear,no,no,no,no,no,False
101980633,METROPOLITAN NASHVILLE POLICE DEPT,20180344154,Davidson,Nashville,4/17/2018 3:17:00 PM,2,0,0,36.149690,-86.779180,8TH AVS,,,,0.00,Feet,,DIVISION ST,,,,0.00,Y,T-Intersection,N,Intersection,None,,,         ,Derek,Betty,Clear,Angle,no,no,no,no,no,False
101980647,METROPOLITAN NASHVILLE POLICE DEPT,20180344233,Davidson,Nashville,4/17/2018 3:25:00 PM,2,0,0,36.158410,-86.790610,CHURCH ST,,,,0.00,,,GEORGE L DAVIS BLVD,,,,0.00,Y,Four-Way, ,Non-Junction,None,,,         ,Jim,Crissman,Clear,"Sideswipe, Same Direction",no,no,no,no,no,False
101980662,METROPOLITAN NASHVILLE POLICE DEPT,20180344195,Davidson,Nashville,4/17/2018 3:28:00 PM,2,3,0,36.030470,-86.743980,EDMONDSON PKE,,,,0.00,,,CLOVERLAND DR,,,,0.00,Y,T-Intersection,Y,Intersection,None,,,         ,Randall,Ward,Clear,Angle,no,no,no,no,no,False
101980666,METROPOLITAN NASHVILLE POLICE DEPT,20180344019,Davidson,Nashville,4/17/2018 2:29:00 PM,3,2,0,36.142000,-86.741940,MURFREESBORO PKE,,,,68.00,Feet,West,CLEVELAND AV,,,,0.00,N,Not at Intersection,N,Non-Junction,None,,,         ,Ciarra,Rench,Clear,Front to Rear,no,no,no,no,no,False
101980670,METROPOLITAN NASHVILLE POLICE DEPT,20180344413,Davidson,Nashville,4/17/2018 4:14:00 PM,2,0,0,36.149730,-86.802740,WEST END AV,,,,252.00,Feet,East,LOUISE AV,,,,0.00,N,Not at Intersection, ,,None,,,         ,Ryan,Cagle,,,no,no,no,no,no,Campus
101980671,METROPOLITAN NASHVILLE POLICE DEPT,20180344171,Davidson,Nashville,4/17/2018 3:32:00 PM,3,0,0,36.095370,-86.707660,I 24,,,,0.00,,,,,,,54.95,N,Not at Intersection,N,Non-Junction,None,,,         ,Taylor,Hurley,Clear,Front to Rear,no,no,no,no,yes,False