master_record_number,agency,agency_tracking_number,county,city,collision_date,vehicles_involved,number_injured,number_dead,latitude,longitude,roadway_name,roadway_suffix,roadway_number,roadway_local_id,distance_from_reference,miles-feet_indicator,direction_from_reference,intersection_road_name,intersection_road_name_suffix,intersection_road_number,intersection_local_id,mile_marker,intersection_indicator,intersect_type,interchange_related_indicator,relation_to_junction,work_zone_type,construction_maintenance_zone,construction_maintenance_zone_location,fatal_case_number,officer_first_name,officer_last_name,weather_condition(s),manner_of_crash,pedestrian,bicycle,scooter,parking,hitrun,mou
101982144,METROPOLITAN NASHVILLE POLICE DEPT,20180349174,Davidson,Not in City Limit,4/18/2018 10:54:00 PM,1,1,0,35.990540,-86.670590,BURKITT RD,,,,1331.00,Feet,West,WESTCOTT LN,,,,0.00,N,Not at Intersection,N,Non-Junction,None,,,         ,Robert,Erickson,Rain,Not Collision with Motor Vehicle in Transport,no,no,no,no,no,False
101982158,METROPOLITAN NASHVILLE POLICE DEPT,20180350143,Davidson,Nashville,4/19/2018 4:55:00 AM,3,0,0,36.167210,-86.795740,I 40,,,,0.00,,,,,,,208.25,N,Not at Intersection,N,Non-Junction,None,,,         ,Christopher,Royer,Clear,"Sideswipe, Same Direction",no,no,no,no,no,False
101982172,METROPOLITAN NASHVILLE POLICE DEPT,20180350241,Davidson,Nashville,4/19/2018 5:49:00 AM,2,0,0,36.148500,-86.641160,I 40,,,,0.00,,,,,,,218.20,N,Not at Intersection,N,Non-Junction,None,,,         ,Joseph,Zambardi,Clear,"Sideswipe, Same Direction",no,no,no,no,no,False
101982179,THP District 9 - Administrative,318023300,Davidson,Nashville,4/17/2018 9:30:00 PM,3,2,0,36.150860,-86.770270,I 40,,,,0.00,,,,,,,210.40,N,Not at Intersection,N,Non-Junction,Construction Zone,Laneclosure,Activity Area,         ,Scott,Staggs,Clear,Front to Rear,no,no,no,no,no,False
101982215,METROPOLITAN NASHVILLE POLICE DEPT,20180350371,Davidson,Nashville,4/19/2018 7:18:00 AM,2,0,0,36.159210,-86.623880,I 40,,,,0.00,,,,,,,219.35,N,Not at Intersection, ,Non-Junction,None,,,         ,James,Curtis,Cloudy,Front to Rear,no,no,no,no,no,False
101982217,METROPOLITAN NASHVILLE POLICE DEPT,20180350360,Davidson,Nashville,4/19/2018 7:08:00 AM,2,0,0,36.203140,-86.776840,I 65,,,,0.00,,,,,,,87.10,N,Not at Intersection,N,Non-Junction,None,,,         ,Royce,McLester,Cloudy,Front to Rear,no,no,no,no,yes,False
101982224,METROPOLITAN NASHVILLE POLICE DEPT,20180350305,Davidson,Nashville,4/19/2018 6:45:00 AM,1,1,0,36.131800,-86.899930,I40 W EXT RAMP,,,,0.00,Feet,East,I 40,,,,0.00,N,Not at Intersection,N,Entrance/Exit Ramp Related,None,,,         ,Curtis,Rich,Clear,Not Collision with Motor Vehicle in Transport,no,no,no,no,no,False
101982236,METROPOLITAN NASHVILLE POLICE DEPT,20180350414,Davidson,Nashville,4/19/2018 7:38:00 AM,3,0,0,36.141180,-86.717540,I 40,,,,0.00,,,,,,,213.80,N,Not at Intersection, ,Non-Junction,None,,,         ,Michael,Dance,Clear,Front to Rear,no,no,no,no,no,False
101982240,METROPOLITAN NASHVILLE POLICE DEPT,20180350510,Davidson,Nashville,4/19/2018 8:05:00 AM,2,0,0,36.001950,-86.606450,I 24,,,,0.00,,,,,,,63.65,N,Not at Intersection,N,Non-Junction,None,,,         ,Jason,Hees,Clear,Front to Rear,no,no,no,no,no,False
101982247,METROPOLITAN NASHVILLE POLICE DEPT,20180350436,Davidson,Nashville,4/19/2018 7:44:00 AM,2,1,0,36.131460,-86.713970,MILLWOOD DR,,,,751.00,Feet,North,MURFREESBORO PKE,,,,0.00,N,Not at Intersection,N,OtherLocation,None,,,         ,Tien,Nguyen,Cloudy,"Sideswipe, Opposite Direction",no,no,no,yes,no,False
101982257,GOODLETTSVILLE POLICE DEPT,18-13898,Davidson,Goodlettsville,4/18/2018 6:57:00 AM,2,0,0,36.322380,-86.713320,N MAIN ST,,,,43.00,Feet,North,LONG HOLLOW PKE,,,,0.00,N,Not at Intersection, ,Non-Junction,None,,,         ,Daniel,Knalls,Clear,"Sideswipe, Same Direction",no,no,no,no,no,False
101982272,METROPOLITAN NASHVILLE POLICE DEPT,20180340278,Davidson,Nashville,4/16/2018 10:52:00 AM,1,1,0,36.147300,-86.757920,LAFAYETTE ST,,,,0.00,,,FAIRFIELD AV,,,,0.00,Y,Four-Way,N,Intersection,None,,,         ,William,Vincion,Cloudy,Not Collision with Motor Vehicle in Transport,no,yes,no,no,no,False
101982273,METROPOLITAN NASHVILLE POLICE DEPT,20180350494,Davidson,Nashville,4/19/2018 8:05:00 AM,2,1,0,36.118980,-86.726190,I 24,,,,0.00,,,,,,,53.00,N,Not at Intersection,N,Entrance/Exit Ramp Related,None,,,         ,Stephen,Soule,Cloudy,Front to Rear,no,no,no,no,no,False
101982282,METROPOLITAN NASHVILLE POLICE DEPT,20180350661,Davidson,Nashville,4/19/2018 8:45:00 AM,2,0,0,36.155650,-86.789720,14TH AVS,,,,0.00,,,BROADWAY,,,,0.00,Y,Four-Way, ,Intersection,None,,,         ,David,Lang,Cloudy,Angle,no,no,no,no,no,False
101982287,METROPOLITAN NASHVILLE POLICE DEPT,20180350595,Davidson,Nashville,4/19/2018 8:30:00 AM,2,0,0,36.204090,-86.743130,E TRINITY LN,,,,0.00,,,DOZIER PL,,,,0.00,Y,T-Intersection, ,Intersection,None,,,         ,Russell,Freeman,Cloudy,Angle,no,no,no,no,no,False
101982288,METROPOLITAN NASHVILLE POLICE DEPT,20180350465,Davidson,Nashville,4/19/2018 7:28:00 AM,2,0,0,36.118840,-86.801580,I 440,,,,0.00,,,,,,,3.10,N,Not at Intersection, ,,None,,,         ,William,Monaghan,,,no,no,no,no,no,False
101982295,METROPOLITAN NASHVILLE POLICE DEPT,20180350442,Davidson,Not in City Limit,4/19/2018 7:45:00 AM,2,0,0,36.323470,-86.864710,I 24,,,,0.00,,,,,,,35.15,N,Not at Intersection,N,Non-Junction,None,,,         ,Jeanine,Sarno,Cloudy,Front to Rear,no,no,no,no,yes,False
101982296,METROPOLITAN NASHVILLE POLICE DEPT,20180350671,Davidson,Nashville,4/19/2018 9:07:00 AM,2,0,0,36.210980,-86.765450,DICKERSON PKE,,,,191.00,Feet,South,DONALD ST,,,,0.00,N,Not at Intersection,N,Non-Junction,None,,,         ,Russell,Freeman,Cloudy,Angle,no,no,no,no,no,False
101982298,METROPOLITAN NASHVILLE POLICE DEPT,20180350658,Davidson,Nashville,4/19/2018 8:34:00 AM,2,0,0,36.226890,-86.778480,I65 N ENT RAMP,,,,0.00,Feet,East,I 24,,,,0.00,N,Not at Intersection, ,Non-Junction,None,,,         ,Royce,McLester,Cloudy,"Sideswipe, Same Direction",no,no,no,no,no,False
101982306,METROPOLITAN NASHVILLE POLICE DEPT,20180350334,Davidson,Nashville,4/19/2018 6:00:00 AM,3,0,0,36.086860,-86.697050,HARDING PL,,,,244.00,Feet,East,I24 W ENT RAMP,,,,0.00,N,Not at Intersection, ,,None,,,         ,Gerald,Gomes,,,no,no,no,no,no,False
101982328,METROPOLITAN NASHVILLE POLICE DEPT,20180350776,Davidson,Nashville,4/19/2018 10:00:00 AM,2,0,0,36.030160,-86.638330,I 24,,,,0.00,,,,,,,61.00,N,Not at Intersection,N,Non-Junction,None,,,         ,Nicholas,Carter,Cloudy,"Sideswipe, Same Direction",no,no,no,no,yes,False
101982329,METROPOLITAN NASHVILLE POLICE DEPT,20180350924,Davidson,Nashville,4/19/2018 10:00:00 AM,2,0,0,36.076720,-86.723110,WALLACE RD,,,,0.00,,,,,,,0.00,,, ,,None,,,         ,Jason,Hees,,,no,no,no,yes,no,False
101982373,METROPOLITAN NASHVILLE POLICE DEPT,20180351024,Davidson,Nashville,4/19/2018 10:50:00 AM,2,1,0,36.106150,-86.672950,MURFREESBORO PKE,,,,0.00,,,DONELSON PKE,,,,0.00,Y,Four-Way, ,Non-Junction,None,,,         ,Jason,Hees,Clear,Front to Rear,no,no,no,no,no,False
101982381,METROPOLITAN NASHVILLE POLICE DEPT,20180350989,Davidson,Nashville,4/19/2018 11:10:00 AM,2,1,0,36.133780,-86.722200,MURFREESBORO PKE,,,,137.00,Feet,East,PLUS PARK BLVD,,,,0.00,N,Not at Intersection,N,Non-Junction,None,,,         ,Stephen,Soule,Clear,"Sideswipe, Same Direction",no,no,no,no,no,False
101982383,THP District 9 - Administrative,318023180,Davidson,Nashville,4/17/2018 12:38:00 PM,2,0,0,36.167070,-86.787540,ROSA L PARKS BLVD,,,,122.00,Feet,West,JAMES ROBERTSON PKWY,,,,0.00,N,Not at Intersection, ,"Driveway, Alley Access, etc",None,,,         ,Brian,Carmouche,Clear,Angle,no,no,no,no,no,False
101982393,METROPOLITAN NASHVILLE POLICE DEPT,20180350427,Davidson,Nashville,4/19/2018 6:20:00 AM,2,0,0,36.155650,-86.789720,14TH AVS,,,,0.00,,,BROADWAY,,,,0.00,Y,Four-Way,N,Intersection-Related,None,,,         ,Jon,Mcvey,Cloudy,"Sideswipe, Same Direction",no,no,no,no,yes,False
101982396,METROPOLITAN NASHVILLE POLICE DEPT,20180351022,Davidson,Nashville,4/19/2018 11:10:00 AM,2,0,0,36.155560,-86.801710,PATTERSON ST,,,,180.00,Feet,East,20TH AVN,,,,0.00,N,Not at Intersection,N,Non-Junction,None,,,         ,Jon,Mcvey,Cloudy,Angle,no,no,no,yes,yes,False
101982405,METROPOLITAN NASHVILLE POLICE DEPT,20180351166,Davidson,Nashville,4/19/2018 12:00:00 PM,1,0,0,36.144020,-86.829060,37TH AVN,,,,235.00,Feet,North,PILCHER AV,,,,0.00,N,Not at Intersection, ,Non-Junction,None,,,         ,Curtis,Rich,Clear,Not Collision with Motor Vehicle in Transport,no,no,no,no,no,False
101982406,METROPOLITAN NASHVILLE POLICE DEPT,20180350428,Davidson,Nashville,4/19/2018 7:43:00 AM,2,1,0,36.146090,-86.667700,ROYAL PKWY,,,,0.00,,,CLARIDGE DR,,,,0.00,Y,T-Intersection,N,Intersection,None,,,         ,Ty,Cummings,Clear,Angle,no,no,no,no,no,False
101982407,METROPOLITAN NASHVILLE POLICE DEPT,20180350839,Davidson,Nashville,4/19/2018 10:22:00 AM,2,3,0,36.133560,-86.858110,WHITE BRIDGE PKE,,,,0.00,,,NASHVILLE TECH PVTDR,,,,0.00,Y,T-Intersection,N,Intersection-Related,None,,,         ,Curtis,Rich,Cloudy,Angle,no,no,no,no,no,False
101982408,GOODLETTSVILLE POLICE DEPT,18-14073,Davidson,Goodlettsville,4/19/2018 11:00:00 AM,1,1,0,36.305130,-86.705240,VIETNAM VETERANS BLVDS,,,,0.00,,,VIETNAM VETERANS BLVD SB ENT R,,,,0.00,Y,OTHER,Y,Entrance/Exit Ramp Related,None,,,         ,Brian,Hajdu,Cloudy,Not Collision with Motor Vehicle in Transport,no,no,no,no,no,False
101982440,METROPOLITAN NASHVILLE POLICE DEPT,20180351284,Davidson,Nashville,4/19/2018 1:00:00 PM,2,0,0,36.151030,-86.857810,WHITE BRIDGE PKE,,,,0.00,,,WHITE BRIDGE PL,,,,0.00,Y,OTHER, ,Intersection-Related,None,,,         ,Curtis,Rich,Clear,Angle,no,no,no,no,no,False
101982462,METROPOLITAN NASHVILLE POLICE DEPT,20180351088,Davidson,Nashville,4/19/2018 11:44:00 AM,2,1,0,36.158640,-86.772110,1ST AVS,,,,143.00,Feet,North,KOREAN VETERANS BLVD,,,,0.00,N,Not at Intersection,N,Non-Junction,None,,,         ,Timothy,Skopek,Cloudy,HeadOn,no,no,no,no,no,False
101982494,METROPOLITAN NASHVILLE POLICE DEPT,20180350864,Davidson,Not in City Limit,4/19/2018 10:25:00 AM,2,0,0,36.323460,-86.862670,I 24,,,,0.00,,,,,,,35.25,N,Not at Intersection,Y,Non-Junction,None,,,         ,Jeanine,Sarno,Cloudy,Front to Rear,no,no,no,no,no,False
101982496,METROPOLITAN NASHVILLE POLICE DEPT,20180351094,Davidson,Nashville,4/19/2018 11:39:00 AM,2,0,0,36.158850,-86.805710,21ST AVN,,,,206.00,Feet,West,SPRUCE ST,,,,0.00,N,Not at Intersection,N,Non-Junction,None,,,         ,Zachary,Goodall,Clear,Angle,no,no,no,no,yes,False
101982510,METROPOLITAN NASHVILLE POLICE DEPT,20180351232,Davidson,Nashville,4/19/2018 12:35:00 PM,2,0,0,36.152400,-86.836380,CHARLOTTE AV,,,,199.00,Feet,East,42ND AVN,,,,0.00,N,Not at Intersection, ,Non-Junction,None,,,         ,Michael,Pyle,Clear,Front to Rear,no,no,no,no,no,False
101982539,METROPOLITAN NASHVILLE POLICE DEPT,20180351297,Davidson,Nashville,4/19/2018 12:00:00 AM,2,0,0,36.155090,-86.778790,KOREAN VETERANS BLVD,,,,129.00,Feet,East,8TH AVS,,,,0.00,N,Not at Intersection,N,Unknown,Unknown,Unknown,Unknown,         ,Michael,Evans,Cloudy,Unknown,no,no,no,yes,yes,False
101982545,METROPOLITAN NASHVILLE POLICE DEPT,20180351413,Davidson,Nashville,4/19/2018 1:39:00 PM,2,0,0,36.124190,-86.846900,WOODMONT BLVD,,,,113.00,Feet,North,ROYAL OAKS CONDOS PVTDR,,,,0.00,N,Not at Intersection, ,,None,,,         ,Curtis,Rich,,,no,no,no,no,no,False
101982546,METROPOLITAN NASHVILLE POLICE DEPT,20180351432,Davidson,Madison,4/19/2018 1:14:00 PM,2,0,0,36.256700,-86.714170,GALLATIN PKES,,,,198.00,Feet,North,NEELYS BEND RD,,,,0.00,N,Not at Intersection, ,Non-Junction,None,,,         ,Brian,Otto,Cloudy,Angle,no,no,no,no,no,False
101982551,METROPOLITAN NASHVILLE POLICE DEPT,20180351379,Davidson,Nashville,4/19/2018 1:15:00 PM,2,0,0,36.109450,-86.728050,BRILEY PKWYN,,,,0.00,,,EAST THOMPSON LN,,,,0.00,Y,Four-Way, ,Intersection-Related,None,,,         ,Stephen,Soule,Clear,Front to Rear,no,no,no,no,no,False
101982556,METROPOLITAN NASHVILLE POLICE DEPT,20180351259,Davidson,Nashville,4/19/2018 12:49:00 PM,2,0,0,36.151340,-86.768360,2ND AVS,,,,0.00,,,I40 E ENT RAMP,,,,0.00,Y,Four-Way, ,Entrance/Exit Ramp Related,None,,,         ,Lee,Davis,Clear,Angle,no,no,no,no,no,False
101982562,METROPOLITAN NASHVILLE POLICE DEPT,20180351317,Davidson,Nashville,4/19/2018 8:28:00 AM,1,0,0,36.182360,-86.792190,GARFIELD ST,,,,109.00,Feet,East,5TH AVN,,,,0.00,N,Not at Intersection, ,Non-Junction,None,,,         ,Jared,Lemons,Clear,Not Collision with Motor Vehicle in Transport,no,no,no,no,no,False
101982578,METROPOLITAN NASHVILLE POLICE DEPT,20180351060,Davidson,Nashville,4/19/2018 11:38:00 AM,2,2,0,36.233500,-86.781360,BRICK CHURCH PKE,,,,0.00,,,MOOREWOOD DR,,,,0.00,Y,T-Intersection,N,Intersection-Related,None,,,         ,Cyretha,Frazier,Cloudy,Angle,no,no,no,no,yes,False
101982580,THP District 9 - Administrative,318023419,Davidson,Nashville,4/18/2018 12:53:00 PM,3,2,0,36.194160,-86.796560,FRENCH LANDING DR,,,,0.00,,,,,,,0.00,,,N,"Driveway, Alley Access, etc",None,,,         ,William,Gregory,Clear,Angle,no,no,no,yes,no,False
101982595,METROPOLITAN NASHVILLE POLICE DEPT,20180351329,Davidson,Nashville,4/19/2018 12:35:00 PM,2,1,0,36.167290,-86.815840,I40 E EXT RAMP,,,,0.00,Feet,East,I 40,,,,0.00,N,Not at Intersection,N,Non-Junction,None,,,         ,Jon,Mcvey,Cloudy,Angle,no,no,no,no,no,False
101982598,METROPOLITAN NASHVILLE POLICE DEPT,20180351235,Davidson,Nashville,4/19/2018 12:39:00 PM,4,1,0,36.110680,-86.722480,I 24,,,,0.00,,,,,,,53.60,N,Not at Intersection,N,Non-Junction,None,,,         ,James,Thomas,Clear,Front to Rear,no,no,no,no,no,False
101982610,GOODLETTSVILLE POLICE DEPT,18-14098,Davidson,Goodlettsville,4/19/2018 2:43:00 PM,2,0,0,36.324790,-86.701500,CONFERENCE DR,,,,139.00,Feet,South,LONG HOLLOW PKE,,,,0.00,N,Not at Intersection, ,"Driveway, Alley Access, etc",None,,,         ,Daniel,Knalls,Clear,Angle,no,no,no,no,no,False
101982625,METROPOLITAN NASHVILLE POLICE DEPT,20180335583,Davidson,Nashville,4/14/2018 4:22:00 PM,2,0,0,36.170290,-86.768380,INTERSTATE DR,,,,45.00,Feet,South,WOODLAND ST,,,,0.00,N,Not at Intersection, ,Non-Junction,None,,,         ,Anthony,Cucci,Rain,"Sideswipe, Same Direction",no,no,no,no,no,False
101982626,TENNESSEE STATE UNIVERSITY ,18-TSU-24331,Davidson,Nashville,4/19/2018 1:00:00 PM,2,0,0,36.166870,-86.828500,JOHN A MERRITT BLVD,,,,622.00,Feet,West,33RD AVN,,,,0.00,N,Not at Intersection,N,Non-Junction,None,,,         ,Ashley,Boleyjack,Clear,Rear to Side,no,no,no,yes,yes,False
101982636,METROPOLITAN NASHVILLE POLICE DEPT,20180351552,Davidson,Nashville,4/19/2018 2:50:00 PM,2,0,0,36.229040,-86.759340,DICKERSON PKE,,,,123.00,Feet,South,BROADMOOR DR,,,,0.00,N,Not at Intersection, ,Non-Junction,None,,,         ,Tyler,Adcock,Cloudy,Angle,no,no,no,no,no,False
101982642,METROPOLITAN NASHVILLE POLICE DEPT,20180351522,Davidson,Nashville,4/19/2018 2:40:00 PM,2,0,0,36.130250,-86.713880,MILLWOOD DR,,,,364.00,Feet,North,MURFREESBORO PKE,,,,0.00,N,Not at Intersection,N,Non-Junction,None,,,         ,Brady,Reynolds,Clear,"Sideswipe, Opposite Direction",no,no,no,yes,yes,False
101982656,METROPOLITAN NASHVILLE POLICE DEPT,20180351280,Davidson,Nashville,4/19/2018 12:57:00 PM,2,1,0,36.081100,-86.758360,HARDING PL,,,,0.00,,,TROUSDALE DR,,,,0.00,Y,Four-Way,Y,Intersection-Related,None,,,         ,Samuel,Miller,Clear,Front to Rear,no,no,no,no,no,False
101982657,METROPOLITAN NASHVILLE POLICE DEPT,20180351477,Davidson,Nashville,4/19/2018 2:17:00 PM,2,1,0,36.086870,-86.730230,NOLENSVILLE PKE,,,,0.00,,,ELYSIAN FIELDS RD,,,,0.00,Y,Four-Way,Y,Intersection,None,,,         ,Samuel,Miller,Clear,Angle,no,no,no,no,yes,False
101982675,METROPOLITAN NASHVILLE POLICE DEPT,2018-0351707,Davidson,Nashville,4/19/2018 3:52:00 PM,2,0,0,36.116710,-86.923250,CHARLOTTE PKE,,,,0.00,,,OLD HICKORY BLVD,,,,0.00,Y,Four-Way, ,Intersection,None,,,         ,Ryan,Allen,Clear,Front to Rear,no,no,no,no,no,False
101982686,METROPOLITAN NASHVILLE POLICE DEPT,20180351602,Davidson,Nashville,4/19/2018 2:30:00 PM,2,0,0,36.103350,-86.816090,WARFIELD DR,,,,0.00,Feet,East,HILLSBORO PKE,,,,0.00,N,Not at Intersection, ,,None,,,         ,Derek,Sibley,,,no,no,no,no,no,False
101982691,METROPOLITAN NASHVILLE POLICE DEPT,20180351616,Davidson,Not in City Limit,4/19/2018 3:27:00 PM,2,0,0,36.012360,-86.693350,TARMAC WAY,,,,116.00,Feet,South,SUGARPLUM RD,,,,0.00,N,Not at Intersection, ,Non-Junction,None,,,         ,Andrew,Brazee,Clear,"Sideswipe, Same Direction",no,no,no,no,no,False
101982713,METROPOLITAN NASHVILLE POLICE DEPT,20180351894,Davidson,Nashville,4/19/2018 4:48:00 PM,2,0,0,36.085330,-86.763210,I 65,,,,0.00,,,,,,,78.00,N,Not at Intersection, ,Non-Junction,None,,,         ,Austin,Kendrick,Clear,Front to Rear,no,no,no,no,no,False
101982718,METROPOLITAN NASHVILLE POLICE DEPT,20180351908,Davidson,Not in City Limit,4/19/2018 1:50:00 PM,2,0,0,36.272780,-86.717610,SIXPENCE PL,,,,85.00,Feet,South,TRADITION CT,,,,0.00,N,Not at Intersection, ,Non-Junction,None,,,         ,YUNUS,ADAK,Clear,Rear to Side,no,no,no,no,no,False
101982722,METROPOLITAN NASHVILLE POLICE DEPT,20180351883,Davidson,Not in City Limit,4/19/2018 4:30:00 PM,1,1,0,36.021530,-86.628720,I 24,,,,0.00,,,,,,,61.90,N,Not at Intersection,N,Non-Junction,None,,,         ,Eric,Keller,Clear,Not Collision with Motor Vehicle in Transport,no,no,no,no,no,False
101982728,METROPOLITAN NASHVILLE POLICE DEPT,20180351549,Davidson,Goodlettsville,4/19/2018 3:08:00 PM,2,0,0,36.296910,-86.699160,GALLATIN PKEN,,,,0.00,,,RIVERGATE PKWY,,,,0.00,Y,Four-Way, ,Intersection-Related,None,,,         ,Christopher,Littles,Clear,Front to Rear,no,no,no,no,yes,False
101982729,METROPOLITAN NASHVILLE POLICE DEPT,20180351646,Davidson,Not in City Limit,4/19/2018 3:19:00 PM,1,0,0,36.336720,-86.781980,UNION HILL RD,,,,0.00,,,LUSTER RD,,,,0.00,Y,T-Intersection,N,Intersection,None,,,         ,Christopher,Littles,Cloudy,Not Collision with Motor Vehicle in Transport,no,no,no,no,no,False
101982730,METROPOLITAN NASHVILLE POLICE DEPT,20180351996,Davidson,Not in City Limit,4/19/2018 5:13:00 PM,2,1,0,36.262210,-86.712210,GALLATIN PKES,,,,0.00,,,E OLD HICKORY BLVD,,,,0.00,Y,Four-Way,N,Intersection,None,,,         ,Christopher,Littles,Clear,Angle,no,no,no,no,no,False
101982745,METROPOLITAN NASHVILLE POLICE DEPT,20180351989,Davidson,Nashville,4/19/2018 5:12:00 PM,2,0,0,36.150970,-86.750200,I 40,,,,0.00,,,,,,,211.60,N,Not at Intersection, ,Non-Junction,None,,,         ,Jaby,Djabbarov,Clear,"Sideswipe, Same Direction",no,no,no,no,no,False
101982755,METROPOLITAN NASHVILLE POLICE DEPT,20180352094,Davidson,Nashville,4/19/2018 5:41:00 PM,1,0,0,36.157930,-86.791610,CHURCH ST,,,,0.00,,,14TH AVN,,,,0.00,Y,Four-Way, ,,None,,,         ,Eric,Burford,,,no,no,no,no,no,False
101982767,METROPOLITAN NASHVILLE POLICE DEPT,20180352186,Davidson,Nashville,4/19/2018 5:30:00 PM,2,0,0,36.110940,-86.745220,THOMPSON LN,,,,0.00,,,NOLENSVILLE PKE,,,,0.00,Y,Four-Way, ,Non-Junction,None,,,         ,Eric,Keller,Clear,Angle,no,no,no,no,yes,False
101982768,METROPOLITAN NASHVILLE POLICE DEPT,2018-0352076,Davidson,Nashville,4/19/2018 5:36:00 PM,2,0,0,36.139780,-86.823650,MURPHY RD,,,,0.00,,,I440 E EXT RAMP,,,,0.00,Y,OTHER, ,Entrance/Exit Ramp Related,None,,,         ,Ryan,Allen,Clear,Front to Rear,no,no,no,no,no,False
101982769,METROPOLITAN NASHVILLE POLICE DEPT,20180352069,Davidson,Nashville,4/19/2018 5:27:00 PM,2,0,0,36.150690,-86.767950,LAFAYETTE ST,,,,0.00,,,2ND AVS,,,,0.00,Y,Four-Way, ,,None,,,         ,Brian,Smith,,,no,no,no,no,no,False
101982770,METROPOLITAN NASHVILLE POLICE DEPT,20180352043,Davidson,Nashville,4/19/2018 5:27:00 PM,2,0,0,36.154830,-86.763340,HERMITAGE AV,,,,0.00,,,ANTHES DR,,,,0.00,Y,Four-Way, ,Intersection,None,,,         ,Joseph,Bingham,Clear,Front to Rear,no,no,no,no,no,False
101982772,METROPOLITAN NASHVILLE POLICE DEPT,20180352166,Davidson,Nashville,4/19/2018 6:03:00 PM,2,0,0,36.171020,-86.770250,JAMES ROBERTSON PKWY,,,,107.00,Feet,East,MAIN ST,,,,0.00,N,Not at Intersection, ,Non-Junction,None,,,         ,Anthony,Cucci,Clear,Front to Rear,no,no,no,no,no,False
101982777,METROPOLITAN NASHVILLE POLICE DEPT,20180351736,Davidson,Nashville,4/19/2018 4:07:00 PM,2,0,0,36.168440,-86.687970,BRILEY PKWY N ENT RAMP,,,,0.00,,,LEBANON PKE,,,,0.00,Y,Four-Way, ,Non-Junction,None,,,         ,Samuel,Sundra,Clear,Angle,no,no,no,no,no,False
101982778,METROPOLITAN NASHVILLE POLICE DEPT,20180351834,Davidson,Nashville,4/19/2018 4:32:00 PM,2,1,0,36.141360,-86.716370,I 40,,,,0.00,,,,,,,213.85,N,Not at Intersection,N,Non-Junction,None,,,         ,Samuel,Sundra,Clear,Front to Rear,no,no,no,no,no,False
101982787,BERRY HILL POLICE DEPT,18-1257,Davidson,Berry Hill,4/19/2018 12:00:00 AM,2,0,0,36.120090,-86.775010,FRANKLIN PKE,,,,0.00,,,GALE LN,,,,0.00,Y,T-Intersection, ,,None,,,         ,John,Gleixner,,,no,no,no,no,no,False
101982788,METROPOLITAN NASHVILLE POLICE DEPT,20180352040,Davidson,Nashville,4/19/2018 5:00:00 PM,2,0,0,36.140570,-86.723850,I 40,,,,0.00,,,,,,,213.45,N,Not at Intersection, ,,None,,,         ,Trenton,Searcy,,,no,no,no,no,no,False
101982794,METROPOLITAN NASHVILLE POLICE DEPT,20180352012,Davidson,Nashville,4/19/2018 4:49:00 PM,2,0,0,36.061550,-86.744060,MARCHANT DR,,,,598.00,Feet,West,ELLINGTON AG CENTER PVTDR,,,,0.00,N,Not at Intersection, ,,None,,,         ,Edin,Plancic,,,no,no,no,no,no,False
101982795,METROPOLITAN NASHVILLE POLICE DEPT,20180351923,Davidson,Not in City Limit,4/19/2018 4:55:00 PM,3,0,0,36.311590,-86.882740,RAWLINGS RD,,,,0.00,,,CLARKSVILLE PKE,,,,0.00,Y,Four-Way,N,Intersection,None,,,         ,Andrey,Volfson,Clear,Angle,no,no,no,no,no,False
101982804,METROPOLITAN NASHVILLE POLICE DEPT,20180352244,Davidson,Nashville,4/19/2018 5:21:00 PM,2,1,0,36.169250,-86.757870,S 7TH ST,,,,0.00,,,SHELBY AV,,,,0.00,Y,Four-Way,N,Intersection-Related,None,,,         ,Richard,Conger,Clear,Front to Rear,no,no,no,no,no,False
101982835,METROPOLITAN NASHVILLE POLICE DEPT,20180352211,Davidson,Nashville,4/19/2018 12:00:00 AM,1,0,0,36.161390,-86.596200,LAKE CHATEAU DR,,,,0.00,,,BELL RD,,,,0.00,Y,T-Intersection,N,Intersection,None,,,         ,Craig,Gentry,Clear,Not Collision with Motor Vehicle in Transport,no,no,no,no,no,False
101982837,METROPOLITAN NASHVILLE POLICE DEPT,20180348556,Davidson,Nashville,4/18/2018 5:21:00 PM,2,0,0,36.201080,-86.617720,TYLER DR,,,,0.00,,,,,,,0.00,,Not at Intersection, ,"Driveway, Alley Access, etc",None,,,         ,Brian,Theriac,Clear,Front to Rear,no,no,no,yes,no,False
101982842,METROPOLITAN NASHVILLE POLICE DEPT,20180351961,Davidson,Nashville,4/19/2018 4:41:00 PM,2,0,0,36.052650,-86.673370,TUSCULUM RD,,,,80.00,Feet,West,BLUE HOLE RD,,,,0.00,N,Not at Intersection,N,Non-Junction,None,,,         ,Patrick,Martin,Clear,"Sideswipe, Same Direction",no,no,no,no,no,False
101982843,METROPOLITAN NASHVILLE POLICE DEPT,20180352147,Davidson,Nashville,4/19/2018 5:54:00 PM,2,0,0,36.098980,-86.743330,RAYMOND ST,,,,0.00,,,SAINDON ST,,,,0.00,Y,Four-Way, ,Intersection,None,,,         ,Brandon,Hughes,Clear,Front to Rear,no,no,no,no,no,False
101982876,METROPOLITAN NASHVILLE POLICE DEPT,20180352019,Davidson,Nashville,4/19/2018 5:30:00 PM,3,0,0,36.088780,-86.732290,NOLENSVILLE PKE,,,,605.00,Feet,South,ZOO RD,,,,0.00,N,Not at Intersection,N,Non-Junction,None,,,         ,Aimee,Ortiz,Clear,Front to Rear,no,no,no,no,no,False