master_record_number,agency,agency_tracking_number,county,city,collision_date,vehicles_involved,number_injured,number_dead,latitude,longitude,roadway_name,roadway_suffix,roadway_number,roadway_local_id,distance_from_reference,miles-feet_indicator,direction_from_reference,intersection_road_name,intersection_road_name_suffix,intersection_road_number,intersection_local_id,mile_marker,intersection_indicator,intersect_type,interchange_related_indicator,relation_to_junction,work_zone_type,construction_maintenance_zone,construction_maintenance_zone_location,fatal_case_number,officer_first_name,officer_last_name,weather_condition(s),manner_of_crash,pedestrian,bicycle,scooter,parking,hitrun,mou
101982878,METROPOLITAN NASHVILLE POLICE DEPT,2018-0352469,Davidson,Not in City Limit,4/19/2018 7:37:00 PM,1,0,0,36.034670,-86.977680,HIGHWAY 100,,,,286.00,Feet,West,NATCHEZ TRACE PKWY ENT RAMP,,,,0.00,N,Not at Intersection, ,Non-Junction,None,,,         ,Ryan,Allen,Clear,Not Collision with Motor Vehicle in Transport,no,no,no,no,no,False
101982883,METROPOLITAN NASHVILLE POLICE DEPT,20180351517,Davidson,Nashville,4/19/2018 2:31:00 PM,2,0,0,36.107180,-86.813050,HILLSBORO PKE,,,,254.00,Feet,South,GREEN HILLS VILLAGE DR,,,,0.00,N,Not at Intersection, ,Non-Junction,None,,,         ,Akira,McSwain,Clear,Angle,no,no,no,no,no,False
101982884,METROPOLITAN NASHVILLE POLICE DEPT,20180351791,Davidson,Nashville,4/19/2018 3:50:00 PM,2,0,0,36.134280,-86.779090,WEDGEWOOD AV,,,,0.00,,,8TH AVS,,,,0.00,Y,Four-Way, ,Non-Junction,None,,,         ,Akira,McSwain,Clear,Front to Rear,no,no,no,no,no,False
101982885,METROPOLITAN NASHVILLE POLICE DEPT,20180352078,Davidson,Nashville,4/19/2018 5:14:00 PM,2,0,0,36.085340,-86.761870,SIDCO DR,,,,159.00,Feet,North,ELYSIAN FIELDS RD,,,,0.00,N,Not at Intersection, ,Non-Junction,None,,,         ,Akira,McSwain,Clear,Angle,no,no,no,no,no,False
101982919,VANDERBILT UNIVERSITY POLICE,20180352109,Davidson,Nashville,4/19/2018 12:00:00 AM,2,0,0,36.142340,-86.805840,HIGHLAND AV,,,,0.00,,,,,,,0.00,,, ,Non-Junction,None,,,         ,Christopher,Dion,Clear,Rear to Rear,no,no,no,yes,no,Campus
101982947,METROPOLITAN NASHVILLE POLICE DEPT,20180352108,Davidson,Antioch,4/19/2018 5:41:00 PM,2,0,0,36.015350,-86.620080,I24 W EXT RAMP,,,,0.00,Feet,East,I 24,,,,0.00,N,Not at Intersection,Y,Entrance/Exit Ramp Related,None,,,         ,Andrew,Brazee,Clear,Front to Rear,no,no,no,no,no,False
101982948,METROPOLITAN NASHVILLE POLICE DEPT,20180352260,Davidson,Not in City Limit,4/19/2018 6:38:00 PM,2,0,0,36.023180,-86.686070,BARNES RD,,,,0.00,Feet,West,STANFORD VILLAGE DR,,,,0.00,N,Not at Intersection, ,Non-Junction,None,,,         ,Andrew,Brazee,Clear,Front to Rear,no,no,no,no,no,False
101982951,METROPOLITAN NASHVILLE POLICE DEPT,20180352583,Davidson,Nashville,4/19/2018 8:40:00 PM,2,0,0,36.092900,-86.679540,HARDING PL,,,,204.00,Feet,West,DONELSON PKE,,,,0.00,N,Not at Intersection, ,Non-Junction,None,,,         ,Eric,Keller,Clear,Front to Rear,no,no,no,no,yes,False
101982958,METROPOLITAN NASHVILLE POLICE DEPT,20180352415,Davidson,Nashville,4/19/2018 6:06:00 PM,2,0,0,36.180840,-86.749620,GALLATIN AV,,,,184.00,Feet,South,MANSFIELD ST,,,,0.00,N,Not at Intersection,N,Non-Junction,None,,,         ,Barrett,Teague,Clear,Front to Rear,no,no,no,no,no,False
101983026,METROPOLITAN NASHVILLE POLICE DEPT,20180352604,Davidson,Nashville,4/19/2018 4:00:00 PM,2,0,0,36.210370,-86.833870,HAYNES PARK DR,,,,124.00,Feet,South,WALTERS CT,,,,0.00,N,Not at Intersection,N,Non-Junction,None,,,         ,Jerry,Pirtle,Cloudy,"Sideswipe, Same Direction",no,no,no,yes,yes,False
101983030,METROPOLITAN NASHVILLE POLICE DEPT,20180352780,Davidson,Nashville,4/19/2018 9:06:00 PM,2,1,0,36.210920,-86.733110,GREENFIELD AV,,,,0.00,,,GALLATIN PKE,,,,0.00,Y,T-Intersection,N,Intersection-Related,None,,,         ,Richard,Conger,Clear,Front to Rear,no,no,no,no,yes,False
101983036,METROPOLITAN NASHVILLE POLICE DEPT,20180351790,Davidson,Not in City Limit,4/19/2018 4:14:00 PM,2,2,0,36.261580,-86.677840,SANDHURST DR,,,,8.00,Feet,South,E OLD HICKORY BLVD,,,,0.00,N,Not at Intersection,N,Non-Junction,None,,,         ,Bradley,Fort,Clear,HeadOn,no,no,no,no,no,False
101983069,METROPOLITAN NASHVILLE POLICE DEPT,20180352742,Davidson,Antioch,4/19/2018 9:42:00 PM,2,1,0,36.031690,-86.594230,MURFREESBORO PKE,,,,9.00,Feet,North,PARKS RETREAT DR,,,,0.00,N,Not at Intersection,N,Non-Junction,None,,,         ,Patrick,Martin,Clear,Angle,no,no,no,no,no,False
101983093,METROPOLITAN NASHVILLE POLICE DEPT,2018-0352617,Davidson,Not in City Limit,4/19/2018 9:03:00 PM,1,0,0,36.066890,-86.998340,MCCRORY LN,,,,922.00,Feet,West,AVONDALE PARK BLVD,,,,0.00,N,Not at Intersection,N,Non-Junction,None,,,         ,Ryan,Allen,Clear,Not Collision with Motor Vehicle in Transport,no,no,no,no,no,False
101983105,METROPOLITAN NASHVILLE POLICE DEPT,20180353071,Davidson,Not in City Limit,4/20/2018 12:07:00 AM,2,0,0,36.077610,-87.003290,I 40,,,,0.00,,,,,,,193.50,N,Not at Intersection, ,Non-Junction,None,,,         ,Kevin,McGinniss,Clear,Not Collision with Motor Vehicle in Transport,no,no,no,no,no,False
101983110,METROPOLITAN NASHVILLE POLICE DEPT,20180353053,Davidson,Not in City Limit,4/20/2018 12:00:00 AM,2,0,0,36.077370,-87.009200,I 40,,,,0.00,,,,,,,193.15,N,Not at Intersection,N,Non-Junction,None,,,         ,Jackson,Smythe,Clear,Front to Rear,no,no,no,no,no,False
101983120,METROPOLITAN NASHVILLE POLICE DEPT,20180353121,Davidson,Nashville,4/20/2018 12:00:00 AM,2,0,0,36.134280,-86.779090,WEDGEWOOD AV,,,,0.00,Feet,,8TH AVS,,,,0.00,Y,Four-Way,N,Intersection,None,,,         ,John,Tyree,Clear,HeadOn,no,no,no,no,no,False
101983124,GOODLETTSVILLE POLICE DEPT,18-14155,Davidson,Goodlettsville,4/20/2018 12:08:00 AM,2,0,0,36.323100,-86.707580,SOUTH CARTWRIGHT,ST,,,0.00,,,LONG HOLLOW,PIKE,,SR 174,0.00,Y,Four-Way,N,Intersection,None,,,         ,William,Hunter,Clear,Angle,no,no,no,no,no,False
101983135,METROPOLITAN NASHVILLE POLICE DEPT,20180353330,Davidson,Nashville,4/20/2018 1:55:00 AM,2,0,0,36.084160,-86.705890,LINBAR DR,,,,0.00,,,HARDING PL,,,,0.00,Y,Four-Way,N,Intersection,None,,,         ,William,Williams,Clear,Angle,no,no,no,no,no,False
101983144,METROPOLITAN NASHVILLE POLICE DEPT,20180353506,Davidson,Nashville,4/20/2018 3:10:00 AM,3,0,0,36.182900,-86.833940,HYDES FERRY RD,,,,0.00,,,,,,,0.00,,,N,Non-Junction,None,,,         ,Geoffrey,Daugherty,Clear,Front to Rear,no,no,no,yes,yes,False
101983164,METROPOLITAN NASHVILLE POLICE DEPT,20180353212,Davidson,Nashville,4/20/2018 1:06:00 AM,1,0,0,36.184710,-86.813880,CASS ST,,,,68.00,Feet,East,23RD AVN,,,,0.00,N,Not at Intersection,N,Non-Junction,None,,,         ,Jamel,Griffin,Clear,Not Collision with Motor Vehicle in Transport,no,no,no,no,no,False
101983201,METROPOLITAN NASHVILLE POLICE DEPT,20180353853,Davidson,Nashville,4/20/2018 12:00:00 AM,1,0,0,36.145590,-86.696350,I40 W ENT RAMP,,,,0.00,Feet,East,BRILEY PKWY S EXT RAMP,,,,0.00,N,Not at Intersection,N,Non-Junction,None,,,         ,Emily,Mulready,Clear,Not Collision with Motor Vehicle in Transport,no,no,no,no,yes,False
101983218,METROPOLITAN NASHVILLE POLICE DEPT,20180353821,Davidson,Nashville,4/20/2018 5:42:00 AM,2,0,0,36.061300,-86.605510,HAMILTON CHURCH,RD,,,400.00,Feet,North,MT. VIEW,RD,,,0.00,N,Not at Intersection,N,Non-Junction,None,,,         ,Kevin,Breeding,Clear,"Sideswipe, Opposite Direction",no,no,no,no,no,False
101983231,GOODLETTSVILLE POLICE DEPT,18-13850,Davidson,Goodlettsville,4/17/2018 5:40:00 PM,2,0,0,36.324740,-86.701470,CONFERENCE DR,,,,161.00,Feet,South,LONG HOLLOW PKE,,,,0.00,N,Not at Intersection, ,Non-Junction,None,,,         ,George,Forbes,Clear,Angle,no,no,no,no,no,False
101983235,METROPOLITAN NASHVILLE POLICE DEPT,20180353860,Davidson,Madison,4/20/2018 5:58:00 AM,2,2,0,36.262210,-86.712210,GALLATIN PKES,,,,0.00,,,E OLD HICKORY BLVD,,,,0.00,Y,Four-Way,Y,Intersection,None,,,         ,Reuben,Hewit,Clear,Angle,no,no,no,no,no,False
101983248,METROPOLITAN NASHVILLE POLICE DEPT,20180353965,Davidson,Nashville,4/20/2018 7:00:00 AM,2,0,0,36.147180,-86.822390,I 440,,,,0.00,,,,,,,1.25,N,Not at Intersection, ,Non-Junction,None,,,         ,Curtis,Rich,Clear,Front to Rear,no,no,no,no,no,False
101983250,METROPOLITAN NASHVILLE POLICE DEPT,20180353945,Davidson,Nashville,4/20/2018 6:29:00 AM,2,0,0,36.144030,-86.700060,I 40,,,,0.00,,,,,,,214.70,N,Not at Intersection,N,Non-Junction,None,,,         ,Tien,Nguyen,Clear,"Sideswipe, Same Direction",no,no,no,no,yes,False
101983254,METROPOLITAN NASHVILLE POLICE DEPT,20180353988,Davidson,Nashville,4/20/2018 7:18:00 AM,2,1,0,36.109340,-86.727590,BRILEY PKWYN,,,,140.00,Feet,East,BRILEY PKWYS,,,,0.00,N,Not at Intersection, ,Non-Junction,None,,,         ,Jason,Hees,Clear,Front to Rear,no,no,no,no,yes,False
101983258,METROPOLITAN NASHVILLE POLICE DEPT,20180353994,Davidson,Nashville,4/20/2018 7:21:00 AM,2,0,0,36.169540,-86.671600,LEBANON PKE,,,,0.00,,,BLUEFIELD AV,,,,0.00,Y,T-Intersection, ,Intersection,None,,,         ,Michael,Dance,Clear,Front to Rear,no,no,no,no,no,False
101983262,METROPOLITAN NASHVILLE POLICE DEPT,20180353941,Davidson,Nashville,4/20/2018 6:49:00 AM,2,2,0,36.124310,-86.743670,I 440,,,,0.00,,,,,,,6.65,N,Not at Intersection,N,Non-Junction,None,,,         ,Brian,Etchison,Clear,Front to Rear,no,no,no,no,no,False
101983264,METROPOLITAN NASHVILLE POLICE DEPT,20180353950,Davidson,Nashville,4/20/2018 6:58:00 AM,2,0,0,36.098750,-86.772080,FRANKLIN PKE,,,,0.00,Feet,,NORWOOD DR,,,,0.00,Y,T-Intersection,N,Intersection,None,,,         ,Justin,Pinkelton,Clear,Angle,no,no,no,no,no,False
101983266,METROPOLITAN NASHVILLE POLICE DEPT,20180353925,Davidson,Nashville,4/20/2018 6:32:00 AM,2,1,0,36.229380,-86.759280,BROADMOOR DR,,,,0.00,Feet,,DICKERSON PKE,,,,0.00,Y,Four-Way,N,Intersection,None,,,         ,Amanda,Hane,Clear,HeadOn,no,no,no,no,no,False
101983267,METROPOLITAN NASHVILLE POLICE DEPT,20180353984,Davidson,Nashville,4/20/2018 7:50:00 AM,2,0,0,36.040020,-86.603680,MURFREESBORO PKE,,,,306.00,Feet,North,OLD HICKORY BLVD,,,,0.00,N,Not at Intersection, ,Non-Junction,None,,,         ,Steven,Williams,Clear,Front to Rear,no,no,no,no,no,False
101983289,METROPOLITAN NASHVILLE POLICE DEPT,20180351424,Davidson,Nashville,4/19/2018 2:00:00 PM,2,0,0,36.167250,-86.765350,I 24,,,,0.00,,,,,,,48.90,N,Not at Intersection, ,Non-Junction,None,,,         ,William,Vincion,Clear,Front to Rear,no,no,no,no,no,False
101983296,METROPOLITAN NASHVILLE POLICE DEPT,20180354096,Davidson,Nashville,4/20/2018 8:04:00 AM,2,0,0,36.136330,-86.775840,I 65,,,,0.00,,,,,,,81.55,N,Not at Intersection, ,Non-Junction,None,,,         ,Nathan,Kemp,Clear,Front to Rear,no,no,no,no,no,False
101983306,METROPOLITAN NASHVILLE POLICE DEPT,20180354041,Davidson,Nashville,4/20/2018 7:38:00 AM,2,1,0,36.169090,-86.809600,21ST AVN,,,,0.00,,,JEFFERSON ST,,,,0.00,Y,Four-Way,N,Intersection,None,,,         ,Patrick,Taylor,Clear,Angle,no,no,no,no,no,False
101983311,METROPOLITAN NASHVILLE POLICE DEPT,20180354110,Davidson,Nashville,4/20/2018 7:55:00 AM,2,0,0,36.045670,-86.674070,BELL RD,,,,82.00,Feet,East,BLUE HOLE RD,,,,0.00,N,Not at Intersection, ,Non-Junction,None,,,         ,Jason,Hees,Clear,Front to Rear,no,no,no,no,no,False
101983323,METROPOLITAN NASHVILLE POLICE DEPT,20180354087,Davidson,Nashville,4/20/2018 7:58:00 AM,2,0,0,36.030700,-86.638510,I 24,,,,0.00,,,,,,,61.00,N,Not at Intersection, ,,None,,,         ,Brandon,Vance,,,no,no,no,no,no,False
101983337,METROPOLITAN NASHVILLE POLICE DEPT,20180353964,Davidson,Nashville,4/20/2018 6:55:00 AM,3,1,0,36.108130,-86.720210,I24 W EXT RAMP,,,,0.00,Feet,East,I 24,,,,0.00,N,Not at Intersection,N,Non-Junction,None,,,         ,Barry,Demonbreun,Clear,Front to Rear,no,no,no,no,no,False
101983340,METROPOLITAN NASHVILLE POLICE DEPT,20180354164,Davidson,Nashville,4/20/2018 7:19:00 AM,2,0,0,36.134930,-86.746230,POLK AV,,,,189.00,Feet,East,FESSLERS LN,,,,0.00,N,Not at Intersection,N,Non-Junction,None,,,         ,Brian,Etchison,Clear,Front to Rear,no,no,no,no,no,False
101983341,METROPOLITAN NASHVILLE POLICE DEPT,20180354018,Davidson,Nashville,4/20/2018 7:25:00 AM,2,0,0,36.141850,-86.814940,31ST AVS,,,,259.00,Feet,North,VANDERBILT PL,,,,0.00,N,Not at Intersection,N,Non-Junction,None,,,         ,Jon,Mcvey,Clear,"Sideswipe, Same Direction",no,no,no,no,no,Campus
101983359,METROPOLITAN NASHVILLE POLICE DEPT,20180354038,Davidson,Nashville,4/20/2018 7:30:00 AM,2,0,0,36.056620,-86.649860,RURAL HILL RD,,,,133.00,Feet,West,TOOK DR,,,,0.00,N,Not at Intersection, ,Non-Junction,None,,,         ,Jason,Hees,Clear,Front to Rear,no,no,no,no,no,False
101983365,METROPOLITAN NASHVILLE POLICE DEPT,20180354058,Davidson,Nashville,4/20/2018 7:40:00 AM,2,0,0,36.089300,-86.802230,BATTERY LN,,,,150.00,Feet,East,GRANNY WHITE PKE,,,,0.00,N,Not at Intersection,N,Non-Junction,None,,,         ,Earl,Davis,Clear,Front to Rear,no,no,no,no,no,False
101983369,METROPOLITAN NASHVILLE POLICE DEPT,20180353963,Davidson,Nashville,4/20/2018 6:00:00 AM,2,0,0,36.186110,-86.798370,ROSA L PARKS BLVD,,,,0.00,Feet,West,I65 S EXT RAMP,,,,0.00,N,Not at Intersection, ,Entrance/Exit Ramp Related,None,,,         ,Brian,Mclarty,Clear,Front to Rear,no,no,no,no,no,False
101983373,METROPOLITAN NASHVILLE POLICE DEPT,20180354098,Davidson,Nashville,4/20/2018 8:03:00 AM,2,0,0,36.045430,-86.703610,OLD HICKORY BLVD,,,,0.00,Feet,,EULALA DR,,,,0.00,Y,Four-Way,N,Intersection,None,,,         ,Ryan,Sherry,Clear,Angle,no,no,no,no,no,False
101983375,METROPOLITAN NASHVILLE POLICE DEPT,20180354022,Davidson,Nashville,4/20/2018 7:30:00 AM,2,1,0,36.232720,-86.825290,BRILEY PKWYW,,,,27.00,Feet,North,BRILEY PKWYW,,,,0.00,N,Not at Intersection,N,Non-Junction,None,,,         ,Jeremy,Arrington,Clear,Front to Rear,no,no,no,no,no,False
101983380,METROPOLITAN NASHVILLE POLICE DEPT,20180354235,Davidson,Nashville,4/20/2018 9:00:00 AM,1,0,0,36.125600,-86.905120,I 40,,,,0.00,,,,,,,200.55,N,Not at Intersection,N,Non-Junction,None,,,         ,Curtis,Rich,Clear,Not Collision with Motor Vehicle in Transport,no,no,no,no,no,False
101983392,METROPOLITAN NASHVILLE POLICE DEPT,20180354118,Davidson,Nashville,4/20/2018 8:13:00 AM,2,1,0,36.233210,-86.814740,WHITES CREEK PKE,,,,17.00,Feet,North,BRILEY PKWY E ENT RAMP,,,,0.00,N,Not at Intersection,N,Non-Junction,None,,,         ,Zachary,Goodall,Clear,Other,no,no,no,no,no,False
101983395,METROPOLITAN NASHVILLE POLICE DEPT,20180354061,Davidson,Nashville,4/20/2018 7:38:00 AM,2,1,0,36.141620,-86.669690,I 40,,,,0.00,,,,,,,215.00,N,Not at Intersection,Y,Non-Junction,None,,,         ,Larry,Benz,Clear,Front to Rear,no,no,no,no,no,False
101983413,METROPOLITAN NASHVILLE POLICE DEPT,20180354154,Davidson,Nashville,4/20/2018 8:31:00 AM,2,1,0,36.031940,-86.762530,CLOVERLAND DR,,,,93.00,Feet,East,CLOVERLAND PL,,,,0.00,N,Not at Intersection,N,Non-Junction,None,,,         ,Raymond,Flaherty,Clear,Front to Rear,no,no,no,no,no,False
101983415,METROPOLITAN NASHVILLE POLICE DEPT,20180354202,Davidson,Nashville,4/20/2018 8:45:00 AM,2,0,0,36.158810,-86.798160,17TH AVN,,,,0.00,,,CHARLOTTE AV,,,,0.00,Y,Four-Way,N,Intersection,None,,,         ,David,Lang,Clear,Front to Rear,no,no,no,no,no,False
101983436,METROPOLITAN NASHVILLE POLICE DEPT,20180354115,Davidson,Nashville,4/20/2018 8:12:00 AM,2,2,0,36.145190,-86.711180,MASSMAN DR,,,,132.00,Feet,North,ELM HILL PKE,,,,0.00,N,Not at Intersection,N,"Driveway, Alley Access, etc",None,,,         ,Michael,Dance,Clear,HeadOn,no,no,no,no,no,False
101983444,METROPOLITAN NASHVILLE POLICE DEPT,20180354368,Davidson,Nashville,4/20/2018 12:00:00 AM,1,0,0,36.096610,-86.642420,SMITH SPRINGS RD,,,,420.00,Feet,West,UNA RECREATION RD,,,,0.00,N,Not at Intersection,N,Non-Junction,None,,,         ,Scott,Toney,Unknown,Not Collision with Motor Vehicle in Transport,no,no,no,no,yes,False
101983449,METROPOLITAN NASHVILLE POLICE DEPT,20180353979,Davidson,Nashville,4/20/2018 6:50:00 AM,2,0,0,36.110900,-86.744630,THOMPSON LN,,,,173.00,Feet,East,NOLENSVILLE PKE,,,,0.00,N,Not at Intersection,N,Non-Junction,None,,,         ,James,Thomas,Clear,Front to Rear,no,no,no,no,no,False
101983452,METROPOLITAN NASHVILLE POLICE DEPT,20180354433,Davidson,Not in City Limit,4/20/2018 9:50:00 AM,2,0,0,36.022570,-86.629440,I 24,,,,0.00,,,,,,,61.80,N,Not at Intersection,N,Non-Junction,None,,,         ,Jason,Hees,Clear,Front to Rear,no,no,no,no,no,False
101983461,GOODLETTSVILLE POLICE DEPT,18-14205,Davidson,Goodlettsville,4/20/2018 10:25:00 AM,2,1,0,36.318300,-86.700530,CONFERENCE DR,,,,0.00,Feet,,NORTHCREEK BLVD,,,,0.00,Y,Four-Way,N,Intersection,None,,,         ,George,Forbes,Clear,Angle,no,no,no,no,no,False
101983469,METROPOLITAN NASHVILLE POLICE DEPT,20180354200,Davidson,Nashville,4/20/2018 8:47:00 AM,2,3,0,36.096010,-86.707900,I 24,,,,0.00,,,,,,,54.90,N,Not at Intersection,N,Non-Junction,None,,,         ,Michael,Dudley,Clear,Front to Rear,no,no,no,no,no,False
101983473,METROPOLITAN NASHVILLE POLICE DEPT,20180354261,Davidson,Nashville,4/20/2018 9:00:00 AM,2,0,0,36.069440,-86.689620,I 24,,,,0.00,,,,,,,57.00,N,Not at Intersection, ,Non-Junction,None,,,         ,Steven,Williams,Clear,Angle,no,no,no,no,no,False
101983490,METROPOLITAN NASHVILLE POLICE DEPT,20180354593,Davidson,Nashville,4/20/2018 11:11:00 AM,2,0,0,36.152210,-86.690370,BRILEY PKWY N EXT RAMP,,,,0.00,,,ELM HILL PKE,,,,0.00,Y,T-Intersection, ,Intersection,None,,,         ,Michael,Dance,Clear,Front to Rear,no,no,no,no,no,False
101983498,METROPOLITAN NASHVILLE POLICE DEPT,20180354655,Davidson,Nashville,4/20/2018 11:22:00 AM,2,0,0,36.149670,-86.859930,OCEOLA AV,,,,0.00,,,CHARLOTTE PKE,,,,0.00,Y,T-Intersection, ,Intersection,None,,,         ,Curtis,Rich,Clear,Angle,no,no,no,no,yes,False
101983499,METROPOLITAN NASHVILLE POLICE DEPT,20180354579,Davidson,Nashville,4/20/2018 11:00:00 AM,2,0,0,36.175570,-86.751730,S 10TH ST,,,,0.00,,,RUSSELL ST,,,,0.00,Y,T-Intersection,N,Intersection,None,,,         ,Russell,Freeman,Clear,Angle,no,no,no,no,yes,False
101983501,METROPOLITAN NASHVILLE POLICE DEPT,20180354295,Davidson,Nashville,4/20/2018 9:30:00 AM,2,1,0,36.081660,-86.713650,HARDING PL,,,,0.00,,,WHISPERING OAKS PL,,,,0.00,Y,T-Intersection,N,Intersection,Construction Zone,Work On Shoulder Or Median,Activity Area,         ,Barry,Demonbreun,Clear,Angle,no,no,no,no,no,False
101983508,METROPOLITAN NASHVILLE POLICE DEPT,20180354447,Davidson,Nashville,4/20/2018 9:37:00 AM,2,0,0,36.223900,-86.788890,BRICK CHURCH PARK DR,,,,0.00,,East,POLK FOREST CIR,,,,0.00,N,Not at Intersection, ,Non-Junction,None,,,         ,Jeanine,Sarno,Clear,Front to Rear,no,no,no,no,no,False
101983579,METROPOLITAN NASHVILLE POLICE DEPT,20180354215,Davidson,Nashville,4/20/2018 8:24:00 AM,5,0,0,36.143770,-86.734030,ELM HILL PKE,,,,1058.00,Feet,West,ARLINGTON AV,,,,0.00,N,Not at Intersection, ,Non-Junction,None,,,         ,Tony,Mingsing,Clear,Angle,no,no,no,yes,no,False
101983638,METROPOLITAN NASHVILLE POLICE DEPT,20180354674,Davidson,Nashville,4/20/2018 11:42:00 AM,2,0,0,36.147530,-86.808380,ELLISTON PL,,,,46.00,Feet,North,25TH AVN,,,,0.00,N,Not at Intersection,N,Non-Junction,None,,,         ,David,Lang,Clear,Angle,no,no,no,yes,yes,Campus
101983674,METROPOLITAN NASHVILLE POLICE DEPT,20180354800,Davidson,Nashville,4/20/2018 12:20:00 PM,2,0,0,36.088320,-86.791000,LEALAND LN,,,,0.00,,,BATTERY LN,,,,0.00,Y,T-Intersection, ,Intersection,None,,,         ,Justan,Vance,Clear,Front to Rear,no,no,no,no,no,False
101983682,METROPOLITAN NASHVILLE POLICE DEPT,20180354575,Davidson,Madison,4/20/2018 11:05:00 AM,2,0,0,36.268380,-86.710720,GALLATIN PKEN,,,,44.00,Feet,South,LOVELL ST,,,,0.00,N,Not at Intersection, ,Non-Junction,None,,,         ,Samuel,Kersten,Clear,Front to Rear,no,no,no,no,no,False
101983692,Nashville Airport Police,2018-01436,Davidson,Nashville,4/18/2018 12:00:00 AM,2,0,0,36.132370,-86.668950,TERMINAL DR,,,,1439.00,Feet,South,I40 E EXT RAMP,,,,0.00,N,Not at Intersection, ,Non-Junction,None,,,         ,Nathan,Holt,Clear,Front to Rear,no,no,no,no,no,False
101983695,METROPOLITAN NASHVILLE POLICE DEPT,20180354826,Davidson,Nashville,4/20/2018 12:26:00 PM,2,3,0,36.149370,-86.803470,WEST END AV,,,,0.00,,,LOUISE AV,,,,0.00,Y,T-Intersection,N,Intersection-Related,None,,,         ,Jon,Mcvey,Clear,Angle,no,no,no,no,no,Campus
101983696,METROPOLITAN NASHVILLE POLICE DEPT,20180354876,Davidson,Nashville,4/20/2018 12:48:00 PM,2,0,0,36.080990,-86.726780,NOLENSVILLE PKE,,,,608.00,Feet,South,WELSHWOOD DR,,,,0.00,N,Not at Intersection,N,Non-Junction,None,,,         ,Raymond,Flaherty,Clear,"Sideswipe, Same Direction",no,no,no,no,yes,False
101983725,METROPOLITAN NASHVILLE POLICE DEPT,20180354940,Davidson,Nashville,4/20/2018 10:33:00 AM,2,0,0,36.186120,-86.794280,4TH AVN,,,,121.00,Feet,East,COFFEE ST,,,,0.00,N,Not at Intersection,N,Non-Junction,None,,,         ,Victor,Alexander,Clear,"Sideswipe, Same Direction",no,no,no,no,yes,False
101983727,METROPOLITAN NASHVILLE POLICE DEPT,20180354534,Davidson,Not in City Limit,4/20/2018 10:42:00 AM,2,0,0,36.263180,-86.713090,OLD HICKORY BLVDW,,,,0.00,,,OLD TIME VILLAGE PVTDR,,,,0.00,Y,OTHER,N,Non-Junction,None,,,         ,DuJuan,Kendrick,Clear,"Sideswipe, Same Direction",no,no,no,no,yes,False
101983746,METROPOLITAN NASHVILLE POLICE DEPT,20180354914,Davidson,Nashville,4/20/2018 12:14:00 PM,2,0,0,36.069590,-86.693910,HAYWOOD LN,,,,0.00,,,EZELL RD,,,,0.00,Y,Four-Way, ,Intersection,None,,,         ,Troy,Loewen,Clear,"Sideswipe, Same Direction",no,no,no,no,yes,False
101983758,TENNESSEE STATE UNIVERSITY ,18-TSU-24483,Davidson,Nashville,4/19/2018 12:00:00 AM,2,0,0,36.170320,-86.823000,SCHRADER LN,,,,0.00,,,SCHRADER ACRES DR,,,,0.00,Y,OTHER,N,Non-Junction,None,,,         ,Mark,Ray,Clear,Unknown,no,no,no,yes,yes,False
101983768,METROPOLITAN NASHVILLE POLICE DEPT,20180354769,Davidson,Nashville,4/20/2018 12:00:00 AM,2,1,0,36.134180,-86.826360,WEST END AV,,,,345.00,Feet,West,BOWLING AV,,,,0.00,N,Not at Intersection,N,Non-Junction,None,,,         ,William,Monaghan,Clear,Front to Rear,no,no,no,no,no,False
101983777,METROPOLITAN NASHVILLE POLICE DEPT,20180354820,Davidson,Nashville,4/20/2018 6:51:00 AM,2,0,0,36.147710,-86.758090,FAIRFIELD AV,,,,0.00,,,,,,,0.00,,,N,Non-Junction,None,,,         ,Ty,Cummings,Clear,Rear to Side,no,no,no,yes,yes,False
101983789,METROPOLITAN NASHVILLE POLICE DEPT,20180354995,Davidson,Nashville,4/20/2018 1:38:00 PM,3,1,0,36.044930,-86.664690,BELL RD,,,,936.00,Feet,West,CANE RIDGE RD,,,,0.00,N,Not at Intersection,N,Non-Junction,None,,,         ,Jason,Hees,Clear,Front to Rear,no,no,no,no,no,False
101983808,METROPOLITAN NASHVILLE POLICE DEPT,20180355043,Davidson,Nashville,4/20/2018 1:24:00 PM,2,1,0,36.121680,-86.790320,PARIS AV,,,,0.00,,,12TH AVS,,,,0.00,Y,Four-Way, ,Intersection,None,,,         ,John,Chambers,Clear,Front to Rear,no,no,no,no,no,False
101983821,METROPOLITAN NASHVILLE POLICE DEPT,20180355074,Davidson,Not in City Limit,4/20/2018 2:10:00 PM,1,0,0,36.006570,-86.659220,OLD HICKORY BLVD,,,,393.00,Feet,West,EVERGREEN HILLS BLVD,,,,0.00,N,Not at Intersection, ,,Work Zone,,,         ,Ryan,Sherry,,,no,no,no,no,no,False
101983895,METROPOLITAN NASHVILLE POLICE DEPT,20180354925,Davidson,Madison,4/20/2018 11:45:00 AM,1,0,0,36.267810,-86.701460,N DUPONT AV,,,,0.00,,,,,,,0.00,,,N,Non-Junction,None,,,         ,Samuel,Kersten,Clear,Not Collision with Motor Vehicle in Transport,no,no,no,yes,yes,False
101983897,METROPOLITAN NASHVILLE POLICE DEPT,2018-0355089,Davidson,Nashville,4/20/2018 2:48:00 PM,2,0,0,36.130520,-86.899080,CHARLOTTE PKE,,,,112.00,Feet,East,I40 W ENT RAMP,,,,0.00,N,Not at Intersection, ,Non-Junction,None,,,         ,Ryan,Allen,Clear,Front to Rear,no,no,no,no,no,False