master_record_number,agency,agency_tracking_number,county,city,collision_date,vehicles_involved,number_injured,number_dead,latitude,longitude,roadway_name,roadway_suffix,roadway_number,roadway_local_id,distance_from_reference,miles-feet_indicator,direction_from_reference,intersection_road_name,intersection_road_name_suffix,intersection_road_number,intersection_local_id,mile_marker,intersection_indicator,intersect_type,interchange_related_indicator,relation_to_junction,work_zone_type,construction_maintenance_zone,construction_maintenance_zone_location,fatal_case_number,officer_first_name,officer_last_name,weather_condition(s),manner_of_crash,pedestrian,bicycle,scooter,parking,hitrun,mou
101984687,METROPOLITAN NASHVILLE POLICE DEPT,20180356481,Davidson,Nashville,4/20/2018 10:40:00 PM,2,0,0,36.152380,-86.753820,I 40,,,,0.00,,,,,,,211.35,N,Not at Intersection,N,Non-Junction,Construction Zone,Laneclosure,Before First Warning Area,         ,Tyler,Manivong,Clear,"Sideswipe, Same Direction",no,no,no,no,no,False
101984688,METROPOLITAN NASHVILLE POLICE DEPT,20180356719,Davidson,Nashville,4/20/2018 11:30:00 PM,2,0,0,36.206640,-86.778130,W TRINITY LN,,,,94.00,Feet,East,HAMPTON ST,,,,0.00,N,Not at Intersection,N,Non-Junction,None,,,         ,Armonty,Houston,Clear,Front to Rear,no,no,no,yes,yes,False
101984699,METROPOLITAN NASHVILLE POLICE DEPT,20180356638,Davidson,Nashville,4/20/2018 11:48:00 PM,2,0,0,36.154430,-86.740090,LEBANON PKE,,,,948.00,Feet,East,FESSLERS LN,,,,0.00,N,Not at Intersection, ,Non-Junction,None,,,         ,Tyler,Manivong,Clear,"Sideswipe, Same Direction",no,no,no,no,no,False
101984702,METROPOLITAN NASHVILLE POLICE DEPT,20180356795,Davidson,Nashville,4/21/2018 12:11:00 AM,2,0,0,36.165570,-86.777520,2ND AVN,,,,175.00,Feet,South,UNION ST,,,,0.00,N,Not at Intersection, ,Non-Junction,None,,,         ,Daniel,Caruth,Clear,"Sideswipe, Same Direction",no,no,no,no,no,False
101984705,METROPOLITAN NASHVILLE POLICE DEPT,20180356813,Davidson,Nashville,4/21/2018 1:42:00 AM,3,0,0,36.177310,-86.741880,N 16TH ST,,,,145.00,Feet,North,WOODLAND ST,,,,0.00,N,Not at Intersection,N,Non-Junction,None,,,         ,Shaquille,Graham,Clear,Unknown,no,no,no,no,yes,False
101984722,METROPOLITAN NASHVILLE POLICE DEPT,20180356719,Davidson,Nashville,4/21/2018 1:36:00 AM,2,1,0,36.251950,-86.829910,BUENA VISTA PKE,,,,196.00,Feet,South,WHITES CREEK PKE,,,,0.00,N,Not at Intersection,N,Non-Junction,None,,,         ,Armonty,Houston,Clear,HeadOn,no,no,no,yes,no,False
101984733,METROPOLITAN NASHVILLE POLICE DEPT,20180356922,Davidson,Nashville,4/21/2018 12:00:00 AM,1,0,0,36.141920,-86.885860,ANNEX AV,,,,0.00,,,CABOT DR,,,,0.00,Y,T-Intersection,N,Intersection,None,,,         ,Kevin,McGinniss,Clear,Not Collision with Motor Vehicle in Transport,no,no,no,no,yes,False
101984738,METROPOLITAN NASHVILLE POLICE DEPT,20180356786,Davidson,Nashville,4/21/2018 1:29:00 AM,2,0,0,36.138310,-86.765930,HAMILTON AV,,,,239.00,Feet,East,PILLOW ST,,,,0.00,N,Not at Intersection,N,Non-Junction,None,,,         ,Nakia,Reid,Clear,Front to Rear,no,no,no,no,no,False
101984740,METROPOLITAN NASHVILLE POLICE DEPT,20180356618,Davidson,Nashville,4/21/2018 12:01:00 AM,2,0,0,36.091360,-86.828510,HARDING PL,,,,0.00,Feet,,HILLSBORO PKE,,,,0.00,Y,Four-Way,N,Intersection,None,,,         ,Christopher,Dameron,Clear,Angle,no,no,no,no,no,False
101984741,METROPOLITAN NASHVILLE POLICE DEPT,20180356462,Davidson,Nashville,4/20/2018 10:41:00 PM,3,2,0,36.161290,-86.769300,KOREAN VETERANS BLVD,,,,453.00,Feet,West,EAST BANK GRNWY,,,,0.00,N,Not at Intersection,N,Non-Junction,None,,,         ,Kelcey,Bell,Clear,Front to Rear,no,no,no,no,yes,False
101984757,METROPOLITAN NASHVILLE POLICE DEPT,20180356944,Davidson,Nashville,4/21/2018 3:15:00 AM,2,2,0,36.170830,-86.746800,SHELBY AV,,,,0.00,,,S 14TH ST,,,,0.00,Y,Four-Way,N,Intersection-Related,None,,,         ,Douglas,Smith,Clear,Front to Rear,no,no,no,no,no,False
101984763,METROPOLITAN NASHVILLE POLICE DEPT,20180356541,Davidson,Nashville,4/20/2018 12:00:00 AM,2,2,0,36.122070,-86.807140,I440 E ENT RAMP,,,,0.00,,,I 440,,,,0.00,Y,OTHER,N,Entrance/Exit Ramp Related,None,,,         ,John,Tyree,Clear,Angle,no,no,no,no,no,False
101984778,METROPOLITAN NASHVILLE POLICE DEPT,20180356954,Davidson,Nashville,4/21/2018 3:19:00 AM,1,0,0,36.043930,-86.719580,ZERMATT AV,,,,611.00,Feet,South,VALLEY BROOK TOWNHOMES PVTDR,,,,0.00,N,Not at Intersection,N,Non-Junction,None,,,         ,Nakia,Reid,Clear,Not Collision with Motor Vehicle in Transport,no,no,no,no,no,False
101984787,METROPOLITAN NASHVILLE POLICE DEPT,20180356709,Davidson,Nashville,4/21/2018 12:01:00 AM,2,0,0,36.151400,-86.684140,MCGAVOCK PKE,,,,245.00,Feet,South,OLD ELM HILL PKE,,,,0.00,N,Not at Intersection,N,Non-Junction,None,,,         ,Kyle,Berkheiser,Clear,Angle,no,no,no,yes,yes,False
101984811,METROPOLITAN NASHVILLE POLICE DEPT,2018-0357244,Davidson,Nashville,4/21/2018 5:45:00 AM,2,0,0,36.253940,-86.739080,I 65,,,,0.00,,,,,,,91.50,N,Not at Intersection, ,Non-Junction,None,,,         ,Travis,Baxter,Clear,"Sideswipe, Same Direction",no,no,no,no,yes,False
101984826,METROPOLITAN NASHVILLE POLICE DEPT,20180355051,Davidson,Nashville,4/20/2018 2:16:00 PM,2,0,0,36.104490,-86.720990,GLENCLIFF RD,,,,139.00,Feet,North,TWIN OAKS DR,,,,0.00,N,Not at Intersection,N,"Driveway, Alley Access, etc",None,,,         ,Michael,Dudley,Clear,"Sideswipe, Same Direction",no,no,no,no,no,False
101984836,METROPOLITAN NASHVILLE POLICE DEPT,20180356948,Davidson,Nashville,4/21/2018 12:00:00 AM,1,0,0,36.089700,-86.723990,CATHY JO DR,,,,248.00,Feet,East,VALLEY RIDGE DR,,,,0.00,N,Not at Intersection,N,Non-Junction,None,,,         ,Zachary,Lang,Clear,Not Collision with Motor Vehicle in Transport,no,no,no,no,no,False
101984837,METROPOLITAN NASHVILLE POLICE DEPT,20180357236,Davidson,Nashville,4/21/2018 6:22:00 AM,2,0,0,36.087430,-86.692210,ANTIOCH PKE,,,,0.00,Feet,,HARDING PL,,,,0.00,Y,Four-Way,N,Intersection,None,,,         ,Zachary,Lang,Clear,HeadOn,no,no,no,no,no,False
101984868,METROPOLITAN NASHVILLE POLICE DEPT,20180357329,Davidson,Nashville,4/21/2018 7:50:00 AM,3,0,0,36.160840,-86.769450,KOREAN VETERANS BLVD,,,,597.00,Feet,South,DAVIDSON ST,,,,0.00,N,Not at Intersection,N,Non-Junction,None,,,         ,James,Thornton,Clear,Front to Rear,no,no,no,no,no,False
101984872,METROPOLITAN NASHVILLE POLICE DEPT,20180357319,Davidson,Nashville,4/21/2018 7:40:00 AM,2,0,0,36.170840,-86.601440,I40 W EXT RAMP,,,,0.00,,,I 40,,,,0.00,Y,Four-Way, ,Intersection,None,,,         ,William,Mckay,Clear,Front to Rear,no,no,no,no,no,False
101984879,METROPOLITAN NASHVILLE POLICE DEPT,20180357336,Davidson,Nashville,4/21/2018 7:55:00 AM,2,0,0,36.111530,-86.733210,HARTFORD DR,,,,173.00,Feet,North,DRUID DR,,,,0.00,N,Not at Intersection, ,Non-Junction,None,,,         ,James,Thomas,Clear,Angle,no,no,no,no,no,False
101984883,METROPOLITAN NASHVILLE POLICE DEPT,20180357349,Davidson,Nashville,4/21/2018 8:05:00 AM,2,0,0,36.206620,-86.777900,BRICK CHURCH PKE,,,,0.00,,,W TRINITY LN,,,,0.00,Y,Four-Way, ,Intersection-Related,None,,,         ,William,Coy,Clear,Front to Rear,no,no,no,no,no,False
101984888,METROPOLITAN NASHVILLE POLICE DEPT,20180357344,Davidson,Nashville,4/21/2018 7:40:00 AM,2,0,0,36.196400,-86.776120,I 65,,,,0.00,,,,,,,86.60,N,Not at Intersection, ,,Work Zone,,,         ,Patrick,Taylor,,,no,no,no,no,no,False
101984901,METROPOLITAN NASHVILLE POLICE DEPT,20180357448,Davidson,Nashville,4/21/2018 9:13:00 AM,2,0,0,36.025570,-86.713030,NOLENSVILLE PKE,,,,36.00,Feet,North,LENOX VILLAGE DR,,,,0.00,N,Not at Intersection, ,,None,,,         ,Ryan,Howard,,,no,no,no,no,no,False
101984905,METROPOLITAN NASHVILLE POLICE DEPT,20180357445,Davidson,Nashville,4/21/2018 12:00:00 AM,2,0,0,36.161520,-86.784640,9TH AVN,,,,86.00,Feet,North,CHURCH ST,,,,0.00,N,Not at Intersection,N,Non-Junction,None,,,         ,James,Thornton,Clear,Front to Rear,no,no,no,no,no,False
101984923,METROPOLITAN NASHVILLE POLICE DEPT,20180357495,Davidson,Nashville,4/21/2018 12:00:00 AM,1,0,0,36.235380,-86.773370,VAILVIEW DR,,,,0.00,,,BRICKDALE LN,,,,0.00,Y,T-Intersection, ,Intersection,None,,,         ,Brandon,Tennant,Clear,Not Collision with Motor Vehicle in Transport,no,no,no,no,yes,False
101984933,METROPOLITAN NASHVILLE POLICE DEPT,20180357469,Davidson,Nashville,4/21/2018 9:23:00 AM,2,0,0,36.153630,-86.753610,HERMITAGE AV,,,,0.00,Feet,,DECATUR AV,,,,0.00,Y,T-Intersection, ,Intersection-Related,None,,,         ,Ralph,Harvey,Clear,"Sideswipe, Same Direction",no,no,no,no,no,False
101984942,METROPOLITAN NASHVILLE POLICE DEPT,20180357369,Davidson,Nashville,4/21/2018 8:22:00 AM,2,2,0,36.163870,-86.786620,CHARLOTTE AV,,,,0.00,,,ROSA L PARKS BLVD,,,,0.00,Y,Four-Way,N,Intersection,None,,,         ,Frank,Campbell,Clear,Angle,no,no,no,no,no,False
101984959,METROPOLITAN NASHVILLE POLICE DEPT,20180357528,Davidson,Nashville,4/21/2018 9:30:00 AM,2,0,0,36.146630,-86.742720,I 40,,,,0.00,,,,,,,212.10,N,Not at Intersection, ,Non-Junction,None,,,         ,Gerry,Hutcheson,Clear,Front to Rear,no,no,no,no,no,False
101984973,METROPOLITAN NASHVILLE POLICE DEPT,20180357611,Davidson,Nashville,4/21/2018 10:36:00 AM,2,0,0,36.147350,-86.743820,I 40,,,,0.00,,,,,,,212.00,N,Not at Intersection,N,Non-Junction,None,,,         ,Tien,Nguyen,Clear,Front to Rear,no,no,no,no,no,False
101984990,METROPOLITAN NASHVILLE POLICE DEPT,20180357555,Davidson,Nashville,4/21/2018 10:00:00 AM,2,0,0,36.136780,-86.800850,21ST AVS,,,,0.00,,,BELCOURT AV,,,,0.00,Y,T-Intersection, ,Intersection-Related,None,,,         ,Samuel,Miller,Clear,"Sideswipe, Same Direction",no,no,no,no,no,Campus
101984992,METROPOLITAN NASHVILLE POLICE DEPT,20180357581,Davidson,Nashville,4/21/2018 10:36:00 AM,2,0,0,36.141990,-86.712540,I 40,,,,0.00,,,,,,,214.05,N,Not at Intersection, ,,None,,,         ,Jason,Thomas,,,no,no,no,no,no,False
101984996,METROPOLITAN NASHVILLE POLICE DEPT,20180357561,Davidson,Nashville,4/21/2018 12:00:00 AM,2,1,0,36.155550,-86.786810,12TH AVS,,,,0.00,,,MCGAVOCK ST,,,,0.00,Y,Four-Way,N,Intersection,None,,,         ,James,Thornton,Clear,Angle,no,no,no,no,no,False
101985012,METROPOLITAN NASHVILLE POLICE DEPT,20180357466,Davidson,Nashville,4/21/2018 9:32:00 AM,2,0,0,36.210920,-86.775920,I 65,,,,0.00,,,,,,,87.65,N,Not at Intersection, ,Non-Junction,None,,,         ,Zachary,Goodall,Clear,Angle,no,no,no,no,no,False
101985016,METROPOLITAN NASHVILLE POLICE DEPT,20180357643,Davidson,Nashville,4/21/2018 11:29:00 AM,1,1,0,36.164050,-86.817840,EDEN ST,,,,0.00,Feet,,27TH AVN,,,,0.00,Y,Four-Way,N,Intersection,None,,,         ,Robert,Schohn,Clear,Not Collision with Motor Vehicle in Transport,yes,no,no,no,yes,False
101985080,METROPOLITAN NASHVILLE POLICE DEPT,20180357688,Davidson,Nashville,4/21/2018 11:53:00 AM,2,0,0,36.190690,-86.789740,I 65,,,,0.00,,,,,,,85.75,N,Not at Intersection,N,Non-Junction,Construction Zone,Lane Shift-Crossover,Transition Area,         ,Timothy,Skopek,Cloudy,"Sideswipe, Same Direction",no,no,no,no,yes,False
101985086,METROPOLITAN NASHVILLE POLICE DEPT,20180357769,Davidson,Nashville,4/21/2018 12:44:00 PM,2,0,0,36.146230,-86.813300,28TH AVN,,,,0.00,,,POSTON AV,,,,0.00,Y,Four-Way, ,Intersection-Related,None,,,         ,Dakota,Vermillion,Clear,"Sideswipe, Same Direction",no,no,no,no,no,Campus
101985102,METROPOLITAN NASHVILLE POLICE DEPT,20180357697,Davidson,Nashville,4/21/2018 11:50:00 AM,2,1,0,36.062280,-86.637990,BELL RD,,,,416.00,Feet,West,BELL CREST DR,,,,0.00,N,Not at Intersection, ,Non-Junction,None,,,         ,James,Jarvis,Clear,Angle,no,no,no,no,no,False
101985117,METROPOLITAN NASHVILLE POLICE DEPT,20180357707,Davidson,Nashville,4/21/2018 11:44:00 AM,2,0,0,36.210690,-86.775950,I 65,,,,0.00,,,,,,,87.65,N,Not at Intersection, ,Non-Junction,None,,,         ,Zachary,Goodall,Clear,Angle,no,no,no,no,no,False
101985118,METROPOLITAN NASHVILLE POLICE DEPT,20180357742,Davidson,Nashville,4/21/2018 12:26:00 PM,2,1,0,36.045270,-86.701260,BELL RD,,,,124.00,Feet,East,OLD HICKORY BLVD,,,,0.00,N,Not at Intersection,N,Non-Junction,None,,,         ,Ryan,Howard,Clear,Front to Rear,no,no,no,no,no,False
101985142,METROPOLITAN NASHVILLE POLICE DEPT,20180357663,Davidson,Nashville,4/21/2018 11:40:00 AM,2,0,0,36.207050,-86.839940,CLARKSVILLE PKE,,,,131.00,Feet,South,W HAMILTON AV,,,,0.00,N,Not at Intersection, ,Non-Junction,None,,,         ,Jeremy,Arrington,Clear,Front to Rear,no,no,no,no,no,False
101985158,METROPOLITAN NASHVILLE POLICE DEPT,20180357605,Davidson,Nashville,4/21/2018 10:50:00 AM,2,0,0,36.079490,-86.644600,EDGE O LAKE DR,,,,0.00,,,MURFREESBORO PKE,,,,0.00,Y,Four-Way,N,Intersection,None,,,         ,Roderic,Williams,Clear,Angle,no,no,no,no,no,False
101985160,METROPOLITAN NASHVILLE POLICE DEPT,2018-0357792,Davidson,Nashville,4/21/2018 1:00:00 PM,1,1,0,36.255520,-86.713080,ARGLE AV,,,,202.00,Feet,South,NEELYS BEND RD,,,,0.00,N,Not at Intersection,N,Non-Junction,None,,,         ,Travis,Baxter,,Not Collision with Motor Vehicle in Transport,no,no,no,yes,no,False
101985180,METROPOLITAN NASHVILLE POLICE DEPT,20180357703,Davidson,Nashville,4/21/2018 12:08:00 PM,2,0,0,36.241360,-86.723350,GALLATIN PKES,,,,841.00,Feet,North,GALLATIN PKE,,,,0.00,N,Not at Intersection,N,Non-Junction,None,,,         ,DuJuan,Kendrick,Clear,"Sideswipe, Same Direction",no,no,no,no,yes,False
101985186,METROPOLITAN NASHVILLE POLICE DEPT,20180357636,Davidson,Nashville,4/21/2018 11:09:00 AM,4,0,0,36.143580,-86.701990,I 40,,,,0.00,,,,,,,214.60,N,Not at Intersection,N,Non-Junction,None,,,         ,Terry,Denton,Clear,Front to Rear,no,no,no,no,no,False
101985188,METROPOLITAN NASHVILLE POLICE DEPT,20180357681,Davidson,Nashville,4/21/2018 11:58:00 AM,2,0,0,36.200160,-86.776660,I 65,,,,0.00,,,,,,,86.90,N,Not at Intersection,N,Non-Junction,None,,,         ,Patrick,Taylor,Clear,Front to Rear,no,no,no,no,yes,False
101985189,METROPOLITAN NASHVILLE POLICE DEPT,20180357753,Davidson,Nashville,4/21/2018 12:38:00 PM,1,1,0,36.167540,-86.820680,28TH AVN,,,,94.00,Feet,South,JEFFERSON ST,,,,0.00,N,Not at Intersection,N,Non-Junction,None,,,         ,Patrick,Taylor,Clear,Not Collision with Motor Vehicle in Transport,yes,no,no,no,no,False
101985190,METROPOLITAN NASHVILLE POLICE DEPT,20180357832,Davidson,Nashville,4/21/2018 1:40:00 PM,3,0,0,36.141300,-86.715880,I 40,,,,0.00,,,,,,,213.90,N,Not at Intersection,N,Non-Junction,None,,,         ,Tien,Nguyen,Clear,Front to Rear,no,no,no,no,no,False
101985192,METROPOLITAN NASHVILLE POLICE DEPT,20180357684,Davidson,Nashville,4/21/2018 11:35:00 AM,2,0,0,36.047840,-86.612050,MURFREESBORO PKE,,,,0.00,,,MOUNTAIN SPRINGS RD,,,,0.00,Y,OTHER, ,Non-Junction,None,,,         ,James,Thomas,Clear,Front to Rear,no,no,no,no,no,False
101985193,METROPOLITAN NASHVILLE POLICE DEPT,20180357838,Davidson,Nashville,4/21/2018 1:48:00 PM,2,1,0,36.104140,-86.766840,I65 S EXT RAMP,,,,0.00,Feet,East,I 65,,,,0.00,N,Not at Intersection,N,Entrance/Exit Ramp Related,None,,,         ,Nathan,Kemp,Clear,"Sideswipe, Same Direction",no,no,no,no,no,False
101985194,METROPOLITAN NASHVILLE POLICE DEPT,20180357801,Davidson,Not in City Limit,4/21/2018 12:31:00 PM,2,0,0,36.260370,-86.712860,GALLATIN PKES,,,,0.00,,,HICKORY ST,,,,0.00,Y,T-Intersection, ,Non-Junction,None,,,         ,Cyretha,Frazier,Cloudy,Angle,no,no,no,no,no,False
101985196,METROPOLITAN NASHVILLE POLICE DEPT,20180357818,Davidson,Nashville,4/21/2018 1:18:00 PM,2,0,0,36.255810,-86.709600,WALNUT ST,,,,0.00,,,NEELYS BEND RD,,,,0.00,Y,OTHER,N,Non-Junction,None,,,         ,Eric,Richardson,Clear,Front to Rear,no,no,no,no,no,False
101985198,METROPOLITAN NASHVILLE POLICE DEPT,20180357835,Davidson,Nashville,4/21/2018 1:45:00 PM,2,1,0,36.111060,-86.747360,LOUISE DR,,,,0.00,,,THOMPSON LN,,,,0.00,Y,T-Intersection,Y,Intersection,None,,,         ,Dakota,Vermillion,Clear,Angle,no,no,no,no,no,False
101985207,METROPOLITAN NASHVILLE POLICE DEPT,20180357730,Davidson,Nashville,4/21/2018 12:27:00 PM,2,0,0,36.171150,-86.773340,N 1ST ST,,,,350.00,Feet,North,MAIN ST,,,,0.00,N,Not at Intersection, ,Non-Junction,None,,,         ,Frank,Campbell,Clear,Other,no,no,no,no,no,False
101985209,METROPOLITAN NASHVILLE POLICE DEPT,2018-0357821,Davidson,Nashville,4/21/2018 1:26:00 PM,2,0,0,36.124120,-86.790410,SWEETBRIAR AV,,,,200.00,Feet,West,12TH AVS,,,,0.00,N,Not at Intersection, ,Non-Junction,None,,,         ,Timothy,Edwards,Clear,"Sideswipe, Same Direction",no,no,no,no,no,False
101985211,METROPOLITAN NASHVILLE POLICE DEPT,20180357846,Davidson,Nashville,4/21/2018 1:35:00 PM,2,0,0,36.158890,-86.782110,8TH AVS,,,,0.00,,,BROADWAY,,,,0.00,Y,Four-Way, ,,None,,,         ,Shedie,Herbert III,,,no,no,no,no,no,False
101985218,METROPOLITAN NASHVILLE POLICE DEPT,2018-0357833,Davidson,Not in City Limit,4/21/2018 1:30:00 PM,2,0,0,36.265540,-86.740020,OLD HICKORY BLVDW,,,,48.00,Feet,West,I65 S EXT RAMP,,,,0.00,N,Not at Intersection, ,Non-Junction,None,,,         ,Arthur,Hipp,Clear,Front to Rear,no,no,no,no,no,False
101985243,METROPOLITAN NASHVILLE POLICE DEPT,20180357754,Davidson,Nashville,4/21/2018 12:20:00 PM,1,0,0,36.064720,-86.750270,HOGAN RD,,,,261.00,Feet,West,MARCHANT DR,,,,0.00,N,Not at Intersection,N,Non-Junction,None,,,         ,Raymond,Flaherty,Clear,Not Collision with Motor Vehicle in Transport,no,no,no,no,yes,False
101985245,METROPOLITAN NASHVILLE POLICE DEPT,20180357820,Davidson,Nashville,4/21/2018 1:25:00 PM,2,1,0,36.151920,-86.849800,CHARLOTTE AV,,,,27.00,Feet,East,52ND AVN,,,,0.00,N,Not at Intersection, ,Non-Junction,None,,,         ,Brian,Myatt,Clear,Front to Rear,no,no,no,no,no,False
101985276,METROPOLITAN NASHVILLE POLICE DEPT,20180357782,Davidson,Nashville,4/21/2018 12:20:00 PM,2,0,0,36.140620,-86.725040,I 40,,,,0.00,,,,,,,213.40,N,Not at Intersection, ,Non-Junction,None,,,         ,Gerry,Hutcheson,Clear,Front to Rear,no,no,no,no,no,False
101985292,METROPOLITAN NASHVILLE POLICE DEPT,20180357858,Davidson,Nashville,4/21/2018 2:18:00 PM,3,2,0,36.140570,-86.723790,I 40,,,,0.00,,,,,,,213.50,N,Not at Intersection,N,Non-Junction,None,,,         ,Jason,Thomas,Cloudy,Front to Rear,no,no,no,no,no,False
101985308,METROPOLITAN NASHVILLE POLICE DEPT,20180357904,Davidson,Nashville,4/21/2018 12:40:00 PM,2,0,0,36.080700,-86.726680,NOLENSVILLE PKE,,,,411.00,Feet,North,HARDING PL,,,,0.00,N,Not at Intersection,N,Non-Junction,None,,,         ,Conor,Cronin,Clear,Angle,no,no,no,no,no,False
101985322,METROPOLITAN NASHVILLE POLICE DEPT,20180358007,Davidson,Nashville,4/21/2018 3:49:00 PM,2,0,0,36.128060,-86.753770,NOLENSVILLE PKE,,,,68.00,Feet,South,NAPOLEON AV,,,,0.00,N,Not at Intersection, ,Non-Junction,None,,,         ,Douglas,Sykes,Clear,Front to Rear,no,no,no,no,no,False
101985350,METROPOLITAN NASHVILLE POLICE DEPT,20180358240,Davidson,Nashville,4/21/2018 3:00:00 PM,2,0,0,36.153290,-86.857570,BRILEY PKWY,,,,105.00,Feet,North,I40 W EXT RAMP,,,,0.00,N,Not at Intersection, ,Non-Junction,None,,,         ,Broderick,Jones,Clear,"Sideswipe, Same Direction",no,no,no,no,no,False
101985366,METROPOLITAN NASHVILLE POLICE DEPT,20180358057,Davidson,Nashville,4/21/2018 4:24:00 PM,2,0,0,36.159730,-86.792340,I 40,,,,0.00,,,,,,,208.80,N,Not at Intersection,N,Non-Junction,None,,,         ,Thomas,Miller,Clear,Front to Rear,no,no,no,no,no,False
101985385,METROPOLITAN NASHVILLE POLICE DEPT,20180357886,Davidson,Nashville,4/21/2018 2:45:00 PM,2,1,0,36.128600,-86.851500,SAINT MARYS CAMPUS PVTDR,,,,71.00,Feet,East,POST PL,,,,0.00,N,Not at Intersection,N,Non-Junction,None,,,         ,Robert,Crow,Clear,Not Collision with Motor Vehicle in Transport,yes,no,no,yes,no,False
101985388,BRENTWOOD POLICE DEPT,BPD-18-01142,Davidson,Nashville,4/21/2018 4:40:00 PM,2,0,0,36.037970,-86.797770,OLD HICKORY BLVD,,,,0.00,,,CREEKSIDE CRSG,,,,0.00,Y,Four-Way, ,Non-Junction,None,,,         ,Jeffrey,Dooley,Clear,Front to Rear,no,no,no,no,no,False
101985389,METROPOLITAN NASHVILLE POLICE DEPT,20180357939,Davidson,Goodlettsville,4/21/2018 3:05:00 PM,2,0,0,36.301250,-86.695160,RIVERGATE MALL PVTDR,,,,199.00,Feet,North,SHEPHERD HILLS DR,,,,0.00,N,Not at Intersection, ,Non-Junction,None,,,         ,Peter,Vaught,Clear,"Sideswipe, Same Direction",no,no,no,no,no,False
101985390,METROPOLITAN NASHVILLE POLICE DEPT,20180358062,Davidson,Nashville,4/21/2018 12:00:00 AM,2,0,0,36.111060,-86.747360,LOUISE DR,,,,0.00,Feet,East,THOMPSON LN,,,,0.00,N,Not at Intersection,N,Non-Junction,None,,,         ,Akira,McSwain,Clear,Front to Rear,no,no,no,no,no,False
101985405,METROPOLITAN NASHVILLE POLICE DEPT,20180357923,Davidson,Nashville,4/21/2018 3:02:00 PM,2,1,0,36.151370,-86.799330,20TH AVS,,,,0.00,,,20TH AVN,,,,0.00,Y,Four-Way,Y,Intersection,None,,,         ,Gary,Peters,Clear,Angle,no,no,no,no,no,Campus
101985406,METROPOLITAN NASHVILLE POLICE DEPT,20180358063,Davidson,Not in City Limit,4/21/2018 4:28:00 PM,1,0,0,36.364260,-86.785490,GREER RD,,,,1104.00,Feet,East,GREER RD PVTDR,,,,0.00,N,Not at Intersection, ,Non-Junction,None,,,         ,Peter,Vaught,Clear,Not Collision with Motor Vehicle in Transport,no,no,no,no,no,False
101985424,METROPOLITAN NASHVILLE POLICE DEPT,20180358034,Davidson,Nashville,4/21/2018 4:01:00 PM,2,0,0,36.193110,-86.744160,GALLATIN AV,,,,159.00,Feet,North,DOUGLAS AV,,,,0.00,N,Not at Intersection, ,Non-Junction,None,,,         ,Tyler,Adcock,Clear,"Sideswipe, Same Direction",no,no,no,no,no,False
101985453,METROPOLITAN NASHVILLE POLICE DEPT,20180358199,Davidson,Nashville,4/21/2018 5:49:00 PM,2,3,0,36.141720,-86.778670,CHESTNUT ST,,,,0.00,,,8TH AVS,,,,0.00,Y,Four-Way,Y,Intersection,None,,,         ,Brandon,Hughes,Clear,Angle,no,no,no,no,no,False
101985454,METROPOLITAN NASHVILLE POLICE DEPT,20180358391,Davidson,Nashville,4/21/2018 7:20:00 PM,1,0,0,36.182550,-86.773810,DICKERSON PKE,,,,229.00,Feet,South,GRACE ST,,,,0.00,N,Not at Intersection, ,OtherLocation,None,,,         ,Cody,Jaworski,Clear,Not Collision with Motor Vehicle in Transport,no,no,no,no,yes,False
101985456,METROPOLITAN NASHVILLE POLICE DEPT,20180358265,Davidson,Nashville,4/21/2018 4:20:00 PM,2,0,0,36.158540,-86.771360,KOREAN VETERANS BLVD,,,,150.00,Feet,East,1ST AVS,,,,0.00,N,Not at Intersection, ,Non-Junction,None,,,         ,Joshua,Reece,Clear,Front to Rear,no,no,no,no,no,False
101985499,METROPOLITAN NASHVILLE POLICE DEPT,20180358445,Davidson,Nashville,4/21/2018 6:55:00 PM,2,1,0,36.137570,-86.800760,WEDGEWOOD AV,,,,0.00,,,21ST AVS,,,,0.00,Y,Four-Way,N,Non-Junction,None,,,         ,Ryan,Cagle,Clear,Front to Rear,no,no,no,no,yes,Campus
101985538,METROPOLITAN NASHVILLE POLICE DEPT,20180358386,Davidson,Goodlettsville,4/21/2018 6:49:00 PM,2,0,0,36.303290,-86.692270,CONFERENCE DR,,,,235.00,Feet,North,RIVERGATE MARKETPLACE PVTDR,,,,0.00,N,Not at Intersection, ,Non-Junction,None,,,         ,Michael,Thompson,Clear,Front to Rear,no,no,no,no,no,False
101985549,METROPOLITAN NASHVILLE POLICE DEPT,20180357896,Davidson,Nashville,4/21/2018 2:46:00 PM,2,0,0,36.050310,-86.651150,MT VIEW RD,,,,0.00,,,,,,,0.00,,,N,Non-Junction,None,,,         ,Andrew,Brazee,Clear,Angle,no,no,no,yes,yes,False
101985550,METROPOLITAN NASHVILLE POLICE DEPT,20180358462,Davidson,Nashville,4/21/2018 7:50:00 PM,2,0,0,36.247600,-86.784100,I 24,,,,0.00,,,,,,,42.85,N,Not at Intersection,N,Non-Junction,None,,,         ,Thomas,Miller,Clear,Front to Rear,no,no,no,no,no,False