master_record_number,agency,agency_tracking_number,county,city,collision_date,vehicles_involved,number_injured,number_dead,latitude,longitude,roadway_name,roadway_suffix,roadway_number,roadway_local_id,distance_from_reference,miles-feet_indicator,direction_from_reference,intersection_road_name,intersection_road_name_suffix,intersection_road_number,intersection_local_id,mile_marker,intersection_indicator,intersect_type,interchange_related_indicator,relation_to_junction,work_zone_type,construction_maintenance_zone,construction_maintenance_zone_location,fatal_case_number,officer_first_name,officer_last_name,weather_condition(s),manner_of_crash,pedestrian,bicycle,scooter,parking,hitrun,mou
101988018,METROPOLITAN NASHVILLE POLICE DEPT,20180365677,Davidson,Nashville,4/24/2018 1:59:00 PM,2,0,0,36.146000,-86.810370,WEST END AV,,,,0.00,Feet,East,CENTENNIAL PARK PVTDR,,,,0.00,N,Not at Intersection, ,Non-Junction,None,,,         ,Dakota,Vermillion,Rain,Angle,no,no,no,no,no,Campus
101988063,METROPOLITAN NASHVILLE POLICE DEPT,20180365725,Davidson,Nashville,4/24/2018 2:25:00 PM,2,0,0,36.045320,-86.648060,CROSSINGS BLVD,,,,235.00,Feet,West,MT VIEW RD,,,,0.00,N,Not at Intersection, ,Non-Junction,None,,,         ,Jessie,Meadows,Rain,Front to Rear,no,no,no,no,no,False
101988070,METROPOLITAN NASHVILLE POLICE DEPT,20180365673,Davidson,Not in City Limit,4/24/2018 2:15:00 PM,2,0,0,36.074670,-86.978550,I 40,,,,0.00,,,,,,,194.95,N,Not at Intersection,N,Non-Junction,Construction Zone,Intermittent Moving Work,Unknown,         ,Benjamin,Cantrell,Cloudy,Front to Rear,no,no,no,no,no,False
101988081,METROPOLITAN NASHVILLE POLICE DEPT,20180365740,Davidson,Nashville,4/24/2018 2:31:00 PM,1,1,0,36.157490,-86.801910,CHARLOTTE AV,,,,146.00,Feet,West,19TH AVN,,,,0.00,N,Not at Intersection,N,"Driveway, Alley Access, etc",None,,,         ,Brian,Mclarty,Rain,Not Collision with Motor Vehicle in Transport,no,no,no,yes,no,False
101988082,METROPOLITAN NASHVILLE POLICE DEPT,20180365720,Davidson,Nashville,4/24/2018 2:02:00 PM,2,1,0,36.169550,-86.604170,I40 E EXT RAMP,,,,156.00,Feet,East,I 40,,,,0.00,N,Not at Intersection,N,Entrance/Exit Ramp Related,None,,,         ,Thomas,Odom,Rain,"Sideswipe, Same Direction",no,no,no,no,no,False
101988086,METROPOLITAN NASHVILLE POLICE DEPT,20180364766,Davidson,Nashville,4/24/2018 8:22:00 AM,4,1,0,36.133550,-86.805650,24TH AVS,,,,50.00,Feet,North,BARTON AV,,,,0.00,N,Not at Intersection,N,Non-Junction,None,,,         ,James,Hill,Cloudy,Not Collision with Motor Vehicle in Transport,no,no,no,no,no,False
101988094,METROPOLITAN NASHVILLE POLICE DEPT,20180365591,Davidson,Nashville,4/24/2018 1:15:00 PM,2,0,0,36.105700,-86.763840,POWELL AV,,,,185.00,Feet,North,ARMORY OAKS DR,,,,0.00,N,Not at Intersection, ,Non-Junction,None,,,         ,Jon,Mcvey,Cloudy,Front to Rear,no,no,no,no,no,False
101988095,METROPOLITAN NASHVILLE POLICE DEPT,20180365741,Davidson,Nashville,4/24/2018 2:15:00 PM,2,0,0,36.120700,-86.807970,LOMBARDY AV,,,,0.00,,,HILLSBORO PKE,,,,0.00,Y,Four-Way, ,Intersection-Related,None,,,         ,Jon,Mcvey,Rain,Front to Rear,no,no,no,no,no,False
101988098,METROPOLITAN NASHVILLE POLICE DEPT,2018-0365778,Davidson,Nashville,4/24/2018 2:24:00 PM,2,0,0,36.138900,-86.880340,HILLWOOD BLVD,,,,90.00,Feet,East,CHARLOTTE PKE,,,,0.00,N,Not at Intersection, ,"Driveway, Alley Access, etc",None,,,         ,Ryan,Allen,Rain,"Sideswipe, Same Direction",no,no,no,no,no,False
101988137,METROPOLITAN NASHVILLE POLICE DEPT,20180365850,Davidson,Nashville,4/24/2018 3:21:00 PM,2,0,0,36.088320,-86.791000,LEALAND LN,,,,0.00,,,BATTERY LN,,,,0.00,Y,Four-Way,N,Intersection,None,,,         ,Ryan,Storm,Rain,Angle,no,no,no,no,no,False
101988154,METROPOLITAN NASHVILLE POLICE DEPT,20180365909,Davidson,Nashville,4/24/2018 3:55:00 PM,2,0,0,36.181150,-86.774510,I 24,,,,0.00,,,,,,,47.60,N,Not at Intersection, ,,None,,,         ,Ethan,Usherwood,,,no,no,no,no,no,False
101988155,METROPOLITAN NASHVILLE POLICE DEPT,20180365811,Davidson,Nashville,4/24/2018 2:03:00 PM,2,0,0,36.151800,-86.771250,4TH AVS,,,,0.00,,,LAFAYETTE ST,,,,0.00,Y,Four-Way, ,Intersection,None,,,         ,Joseph,Bingham,Rain,"Sideswipe, Same Direction",no,no,no,no,no,False
101988164,METROPOLITAN NASHVILLE POLICE DEPT,20180365942,Davidson,Nashville,4/24/2018 2:50:00 PM,1,0,0,36.110070,-86.735920,THOMPSON LN,,,,0.00,Feet,East,DOBBS AV,,,,0.00,N,Not at Intersection, ,Non-Junction,Construction Zone,,,         ,Devonte,Coleman,Rain,Not Collision with Motor Vehicle in Transport,no,no,no,no,no,False
101988165,METROPOLITAN NASHVILLE POLICE DEPT,20180365891,Davidson,Nashville,4/24/2018 2:57:00 PM,2,0,0,36.087200,-86.647900,NASHBORO BLVD,,,,250.00,Feet,East,MURFREESBORO PKE,,,,0.00,N,Not at Intersection,N,Non-Junction,None,,,         ,Eric,Keller,Clear,Angle,no,no,no,no,yes,False
101988167,METROPOLITAN NASHVILLE POLICE DEPT,2018-0365924,Davidson,Nashville,4/24/2018 3:50:00 PM,2,1,0,36.088710,-86.892030,HARDING PKE,,,,327.00,Feet,South,BROOKMONT TER,,,,0.00,N,Not at Intersection, ,Non-Junction,None,,,         ,Ryan,Allen,Rain,Front to Rear,no,no,no,no,no,False
101988171,METROPOLITAN NASHVILLE POLICE DEPT,20180365967,Davidson,Nashville,4/24/2018 3:50:00 PM,2,2,0,36.135980,-86.790730,14TH AVS,,,,0.00,Feet,,WEDGEWOOD AV,,,,0.00,Y,Four-Way,N,Intersection-Related,None,,,         ,Ryan,Cagle,Rain,Angle,no,no,no,no,no,False
101988172,METROPOLITAN NASHVILLE POLICE DEPT,20180365827,Davidson,Nashville,4/24/2018 3:10:00 PM,4,1,0,36.187950,-86.607770,OLD LEBANON DIRT RD,,,,0.00,,,ANDREW JACKSON PKWY,,,,0.00,Y,Four-Way,Y,Intersection,None,,,         ,Craig,Gentry,Rain,Front to Rear,no,no,no,no,no,False
101988177,METROPOLITAN NASHVILLE POLICE DEPT,20180365951,Davidson,Nashville,4/24/2018 1:27:00 PM,2,0,0,36.157930,-86.788360,12TH AVN,,,,0.00,,,GRUNDY ST,,,,0.00,Y,Four-Way, ,Intersection-Related,None,,,         ,Jim,Crissman,Cloudy,"Sideswipe, Opposite Direction",no,no,no,no,no,False
101988183,METROPOLITAN NASHVILLE POLICE DEPT,20180366081,Davidson,Nashville,4/24/2018 4:51:00 PM,2,1,0,36.142260,-86.765090,HOUSTON ST,,,,63.00,Feet,West,4TH AVS,,,,0.00,N,Not at Intersection,N,Non-Junction,None,,,         ,Ryan,Storm,Clear,Front to Rear,no,no,no,no,no,False
101988199,METROPOLITAN NASHVILLE POLICE DEPT,20180366048,Davidson,Nashville,4/24/2018 4:30:00 PM,2,0,0,36.141140,-86.823370,I440 E EXT RAMP,,,,0.00,,,I 440,,,,0.00,Y,OTHER, ,Non-Junction,None,,,         ,Robert,Crow,Clear,Front to Rear,no,no,no,no,no,False
101988207,METROPOLITAN NASHVILLE POLICE DEPT,20180366118,Davidson,Nashville,4/24/2018 4:58:00 PM,2,0,0,36.133400,-86.811570,NATCHEZ TRC,,,,181.00,Feet,South,BARTON AV,,,,0.00,N,Not at Intersection, ,Non-Junction,None,,,         ,Ryan,Cagle,Clear,Front to Rear,no,no,no,no,no,False
101988210,METROPOLITAN NASHVILLE POLICE DEPT,20180366121,Davidson,Nashville,4/24/2018 5:06:00 PM,2,2,0,36.228720,-86.759390,DICKERSON PKE,,,,240.00,Feet,South,BROADMOOR DR,,,,0.00,N,Not at Intersection,N,Non-Junction,None,,,         ,Christopher,Valdez,Cloudy,Angle,no,no,no,no,no,False
101988213,METROPOLITAN NASHVILLE POLICE DEPT,20180365992,Davidson,Nashville,4/24/2018 4:19:00 PM,2,0,0,36.243440,-86.756680,DICKERSON PKE,,,,200.00,Feet,South,SKYLINE MEMORIAL CT,,,,0.00,N,Not at Intersection, ,Non-Junction,None,,,         ,Christopher,Littles,Cloudy,Front to Rear,no,no,no,no,no,False
101988214,METROPOLITAN NASHVILLE POLICE DEPT,20180366104,Davidson,Nashville,4/24/2018 4:45:00 PM,2,0,0,36.151960,-86.752710,I 40,,,,0.00,,,,,,,211.40,N,Not at Intersection,N,Non-Junction,None,,,         ,William,Waters,Cloudy,"Sideswipe, Same Direction",no,no,no,no,yes,False
101988217,VANDERBILT UNIVERSITY POLICE,20180366126,Davidson,Nashville,4/24/2018 12:00:00 AM,2,0,0,36.108510,-86.763460,POWELL AVE,,,,0.00,,,,,,,0.00,,, ,,None,,,         ,Cheryl,Bradley,,,no,no,no,yes,no,OHO
101988228,METROPOLITAN NASHVILLE POLICE DEPT,20180365935,Davidson,Nashville,4/24/2018 3:55:00 PM,3,2,0,36.213100,-86.775490,I 65,,,,0.00,,,,,,,87.80,N,Not at Intersection,N,Non-Junction,None,,,         ,Gordon,Stovall,Cloudy,Front to Rear,no,no,no,no,yes,False
101988229,METROPOLITAN NASHVILLE POLICE DEPT,20180365892,Davidson,Nashville,4/24/2018 3:40:00 PM,2,0,0,36.142380,-86.815340,31ST AVS,,,,90.00,Feet,South,31ST AVN,,,,0.00,N,Not at Intersection, ,Non-Junction,None,,,         ,Darryl,Williams,Cloudy,Angle,no,no,no,no,no,Campus
101988232,METROPOLITAN NASHVILLE POLICE DEPT,20180366157,Davidson,Nashville,4/24/2018 5:10:00 PM,2,0,0,36.131480,-86.781600,ELLIOTT AV,,,,0.00,Feet,East,SOUTH DOUGLAS AV,,,,0.00,N,Not at Intersection,N,Non-Junction,None,,,         ,Gregory,Scott,Clear,Angle,no,no,no,no,no,False
101988233,METROPOLITAN NASHVILLE POLICE DEPT,20180366105,Davidson,Nashville,4/24/2018 4:35:00 PM,2,0,0,36.126880,-86.753140,VIVELLE AV,,,,0.00,,,NOLENSVILLE PKE,,,,0.00,Y,T-Intersection,N,Intersection,None,,,         ,Eric,Keller,Clear,Angle,no,no,no,no,no,False
101988241,METROPOLITAN NASHVILLE POLICE DEPT,20180366000,Davidson,Nashville,4/24/2018 3:51:00 PM,2,0,0,36.054980,-86.641810,ZELIDA AV,,,,101.00,Feet,West,HICKORY CLUB DR,,,,0.00,N,Not at Intersection, ,Non-Junction,None,,,         ,Taylor,Hurley,Cloudy,Front to Rear,no,no,no,no,yes,False
101988248,Nashville Airport Police,2018-01519,Davidson,Nashville,4/24/2018 2:53:00 PM,2,0,0,36.137020,-86.666130,I40 W ENT RAMP,,,,280.00,Feet,West,TERMINAL DR,,,,0.00,N,Not at Intersection, ,Non-Junction,None,,,         ,Christopher,Lueders,Cloudy,Other,no,no,no,yes,no,False
101988266,METROPOLITAN NASHVILLE POLICE DEPT,20180366096,Davidson,Nashville,4/24/2018 4:35:00 PM,3,0,0,36.109490,-86.835690,ABBOTT MARTIN RD,,,,200.00,Feet,East,CHELMSFORD PL,,,,0.00,N,Not at Intersection, ,Non-Junction,None,,,         ,Jonathan,Nicholson,Cloudy,Front to Rear,no,no,no,no,no,False
101988268,METROPOLITAN NASHVILLE POLICE DEPT,20180365994,Davidson,Nashville,4/24/2018 3:44:00 PM,2,0,0,36.069970,-86.685630,HAYWOOD LN,,,,0.00,,,BAKERTOWN RD,,,,0.00,Y,Four-Way, ,Intersection-Related,None,,,         ,Marcus,Darden,Clear,Front to Rear,no,no,no,no,no,False
101988272,METROPOLITAN NASHVILLE POLICE DEPT,20180366265,Davidson,Nashville,4/24/2018 5:54:00 PM,2,0,0,36.153500,-86.622450,BELL RD,,,,0.00,,,BELL RD PVTDR,,,,0.00,Y,T-Intersection,N,Intersection-Related,None,,,         ,Kimberly,Annson,Cloudy,"Sideswipe, Opposite Direction",no,no,no,no,yes,False
101988275,METROPOLITAN NASHVILLE POLICE DEPT,20180366011,Davidson,Nashville,4/23/2018 10:30:00 PM,2,0,0,36.183260,-86.806850,CEPHAS ST,,,,253.00,Feet,South,CLAY ST,,,,0.00,N,Not at Intersection,N,Non-Junction,None,,,         ,Paxton,Montgomery,Clear,"Sideswipe, Same Direction",no,no,no,no,yes,False
101988276,METROPOLITAN NASHVILLE POLICE DEPT,2018-0366127,Davidson,Nashville,4/24/2018 4:54:00 PM,2,2,0,36.075090,-86.919050,HIGHWAY 70S,,,,0.00,,,BELLE FOREST SHOPPING CENTER P,,,,0.00,Y,OTHER,N,"Driveway, Alley Access, etc",None,,,         ,Ryan,Allen,Cloudy,Angle,no,no,no,no,no,False
101988286,VANDERBILT UNIVERSITY POLICE,20180365926,Davidson,Nashville,4/24/2018 3:25:00 PM,2,0,0,36.142090,-86.773760,CHESTNUT ST,,,,628.00,Feet,East,FORT NEGLEY BLVD,,,,0.00,N,Not at Intersection, ,Non-Junction,None,,,         ,Casey,Clark,Cloudy,Angle,no,no,no,yes,no,False
101988295,BERRY HILL POLICE DEPT,18-1311,Davidson,Nashville,4/24/2018 5:00:00 PM,2,0,0,36.110230,-86.770890,I 65,,,,0.00,,,,,,,79.75,N,Not at Intersection,N,Non-Junction,None,,,         ,William,Taylor,Cloudy,Front to Rear,no,no,no,no,no,False
101988301,METROPOLITAN NASHVILLE POLICE DEPT,20180366139,Davidson,Not in City Limit,4/24/2018 4:58:00 PM,1,0,0,36.135320,-86.571050,STEWARTS FERRY PKE,,,,0.00,Feet,East,ALVIN SPERRY RD,,,,0.00,N,Not at Intersection,N,Non-Junction,None,,,         ,Keiara,Ward,Clear,Not Collision with Motor Vehicle in Transport,no,no,no,no,no,False
101988306,BERRY HILL POLICE DEPT,18-1313,Davidson,Nashville,4/24/2018 4:45:00 PM,2,0,0,36.101380,-86.764660,I 65,,,,0.00,,,,,,,79.15,N,Not at Intersection, ,Non-Junction,None,,,         ,John,Gleixner,Cloudy,Angle,no,no,no,no,no,False
101988321,METROPOLITAN NASHVILLE POLICE DEPT,20180365801,Davidson,Nashville,4/24/2018 12:00:00 AM,2,0,0,36.108980,-86.769590,I 65,,,,0.00,,,,,,,79.65,N,Not at Intersection,N,Non-Junction,None,,,         ,Akira,McSwain,Rain,Front to Rear,no,no,no,no,no,False
101988322,METROPOLITAN NASHVILLE POLICE DEPT,20180366082,Davidson,Nashville,4/24/2018 4:21:00 PM,2,0,0,36.119540,-86.766760,I 440,,,,0.00,,,,,,,5.35,N,Not at Intersection, ,,None,,,         ,Akira,McSwain,,,no,no,no,no,no,False
101988323,METROPOLITAN NASHVILLE POLICE DEPT,20180366197,Davidson,Nashville,4/24/2018 2:55:00 PM,2,1,0,36.025470,-86.713050,NOLENSVILLE PKE,,,,0.00,Feet,,LENOX VILLAGE DR,,,,0.00,Y,T-Intersection,N,Intersection,None,,,         ,Akira,McSwain,Rain,Angle,no,no,no,no,no,False
101988344,METROPOLITAN NASHVILLE POLICE DEPT,20180366425,Davidson,Nashville,4/24/2018 7:11:00 PM,2,0,0,36.110940,-86.745220,THOMPSON LN,,,,0.00,,,NOLENSVILLE PKE,,,,0.00,Y,Four-Way, ,Intersection,None,,,         ,William,King,Clear,Front to Rear,no,no,no,no,no,False
101988379,METROPOLITAN NASHVILLE POLICE DEPT,20180366330,Davidson,Nashville,4/24/2018 12:00:00 AM,2,0,0,36.189690,-86.627190,LEBANON PKE,,,,823.00,Feet,East,HICKORY HILL LN,,,,0.00,N,Not at Intersection, ,Non-Junction,None,,,         ,Deandera,Payne,Clear,Angle,no,no,no,no,no,False
101988415,BERRY HILL POLICE DEPT,18-1314,Davidson,Berry Hill,4/24/2018 12:00:00 AM,2,0,0,36.120010,-86.766190,I 440,,,,0.00,,,,,,,5.40,N,Not at Intersection, ,Non-Junction,None,,,         ,John,Gleixner,Cloudy,"Sideswipe, Same Direction",no,no,no,no,yes,False
101988428,METROPOLITAN NASHVILLE POLICE DEPT,20180366854,Davidson,Nashville,4/24/2018 8:55:00 PM,1,0,0,36.187330,-86.772210,CLEVELAND ST,,,,40.00,Feet,West,JOSEPH AV,,,,0.00,N,Not at Intersection,N,Non-Junction,None,,,         ,Ethan,Usherwood,Clear,Not Collision with Motor Vehicle in Transport,no,no,no,no,yes,False
101988445,METROPOLITAN NASHVILLE POLICE DEPT,20180365845,Davidson,Nashville,4/24/2018 3:00:00 PM,2,0,0,36.116220,-86.725380,I 24,,,,0.00,,,,,,,53.20,N,Not at Intersection,N,Non-Junction,None,,,         ,John,Roberson,Cloudy,"Sideswipe, Same Direction",no,no,no,no,yes,False
101988446,METROPOLITAN NASHVILLE POLICE DEPT,20180366088,Davidson,Nashville,4/24/2018 3:35:00 PM,2,0,0,36.123700,-86.747590,I 440,,,,0.00,,,,,,,6.50,N,Not at Intersection, ,Entrance/Exit Ramp Related,None,,,         ,John,Roberson,Cloudy,"Sideswipe, Same Direction",no,no,no,no,no,False
101988448,METROPOLITAN NASHVILLE POLICE DEPT,2018-0366441,Davidson,Nashville,4/24/2018 7:19:00 PM,1,1,0,36.124990,-86.813570,I 440,,,,0.00,,,,,,,2.40,N,Not at Intersection,N,Non-Junction,None,,,         ,Ryan,Allen,Clear,Not Collision with Motor Vehicle in Transport,no,no,no,no,no,False
101988460,METROPOLITAN NASHVILLE POLICE DEPT,20180366551,Davidson,Nashville,4/24/2018 7:47:00 PM,2,0,0,36.090330,-86.626500,SMITH SPRINGS RD,,,,0.00,,,BELL RD,,,,0.00,Y,Four-Way,N,Intersection,None,,,         ,Kimberly,Annson,Cloudy,"Sideswipe, Opposite Direction",no,no,no,no,yes,False
101988462,METROPOLITAN NASHVILLE POLICE DEPT,20180366889,Davidson,Nashville,4/24/2018 10:03:00 PM,2,0,0,36.211600,-86.732600,GALLATIN PKE,,,,0.00,,,HART LN,,,,0.00,Y,T-Intersection,N,Intersection,None,,,         ,Christopher,Valdez,Cloudy,Angle,no,no,no,no,no,False
101988477,METROPOLITAN NASHVILLE POLICE DEPT,20180366479,Davidson,Nashville,4/24/2018 7:18:00 PM,2,0,0,36.144400,-86.698700,I40 W ENT RAMP,,,,0.00,Feet,East,I 40,,,,0.00,N,Not at Intersection, ,Non-Junction,None,,,         ,Dontaveous,Eubanks,Clear,Front to Rear,no,no,no,no,no,False
101988527,METROPOLITAN NASHVILLE POLICE DEPT,20180366412,Davidson,Not in City Limit,4/24/2018 7:00:00 PM,1,0,0,36.326890,-86.869120,WHITES CREEK PKE PVTDR,,,,41.00,Feet,East,WHITES CREEK PKE,,,,0.00,N,Not at Intersection,N,Non-Junction,None,,,         ,Jerry,Pirtle,Cloudy,Not Collision with Motor Vehicle in Transport,no,no,no,no,no,False
101988533,METROPOLITAN NASHVILLE POLICE DEPT,20180367139,Davidson,Nashville,4/24/2018 11:24:00 PM,2,0,0,36.144630,-86.666720,DONELSON PKE,,,,221.00,Feet,South,SHACKLETT DR,,,,0.00,N,Not at Intersection, ,Non-Junction,None,,,         ,Jacob,West,Clear,"Sideswipe, Same Direction",no,no,no,no,no,False
101988539,METROPOLITAN NASHVILLE POLICE DEPT,20180367170,Davidson,Nashville,4/25/2018 12:00:00 AM,2,0,0,36.033870,-86.681110,OAK CHASE DR,,,,0.00,Feet,,SONOMA TRC,,,,0.00,Y,T-Intersection, ,Non-Junction,None,,,         ,Michael,Baggech,Cloudy,"Sideswipe, Same Direction",no,no,no,no,yes,False
101988555,METROPOLITAN NASHVILLE POLICE DEPT,20180367168,Davidson,Nashville,4/25/2018 12:04:00 AM,1,0,0,36.130800,-86.885470,W HILLWOOD DR,,,,180.00,Feet,East,NEWBERRY RD,,,,0.00,N,Not at Intersection,N,Non-Junction,None,,,         ,Kenneth,Bray,Clear,Not Collision with Motor Vehicle in Transport,no,no,no,no,yes,False
101988560,METROPOLITAN NASHVILLE POLICE DEPT,20180366906,Davidson,Nashville,4/24/2018 10:13:00 PM,2,2,0,36.221800,-86.693560,BRILEY PKWYN,,,,368.00,Feet,South,BRILEY PKWYS,,,,0.00,N,Not at Intersection,N,Non-Junction,None,,,         ,Curtis,Fisher,Clear,Angle,no,no,no,no,no,False
101988573,METROPOLITAN NASHVILLE POLICE DEPT,20180367060,Davidson,Not in City Limit,4/24/2018 11:20:00 PM,1,0,0,36.277630,-86.799160,I24 W ENT RAMP,,,,0.00,Feet,East,I 24,,,,0.00,N,Not at Intersection,N,Entrance/Exit Ramp Related,None,,,         ,David,Williford,Clear,Not Collision with Motor Vehicle in Transport,no,no,no,no,no,False
101988576,METROPOLITAN NASHVILLE POLICE DEPT,20180367527,Davidson,Nashville,4/25/2018 2:57:00 AM,1,0,0,36.071580,-86.598380,QUAISE MOORW,,,,0.00,,,DOVE CREEK RD,,,,0.00,Y,OTHER,N,Non-Junction,None,,,         ,Brett,Johns,Clear,Unknown,no,no,no,no,yes,False
101988582,METROPOLITAN NASHVILLE POLICE DEPT,20180367536,Davidson,Not in City Limit,4/25/2018 3:02:00 AM,1,0,0,36.205020,-86.944230,ASHLAND CITY HWY,,,,879.00,Feet,East,PECAN VALLEY RD,,,,0.00,N,Not at Intersection, ,Non-Junction,None,,,         ,James,Murphy,Clear,Not Collision with Motor Vehicle in Transport,no,no,no,no,no,False
101988656,METROPOLITAN NASHVILLE POLICE DEPT,20180367994,Davidson,Not in City Limit,4/22/2018 1:33:00 PM,2,0,0,36.077930,-86.950360,HIGHWAY 70S,,,,0.00,,,BELLEVUE CTR PVTDR,,,,0.00,,, ,Non-Junction,None,,,         ,Curtis,Rich,Rain,Rear to Side,no,no,no,yes,yes,False
101988671,METROPOLITAN NASHVILLE POLICE DEPT,20180365744,Davidson,Nashville,4/24/2018 2:10:00 PM,2,0,0,36.089540,-86.683810,CORRECTIONS CENTER PVTDR,,,,581.00,Feet,South,EZELL PARK PVTDR,,,,0.00,N,Not at Intersection,N,Non-Junction,None,,,         ,Gerald,Gomes,Unknown,Front to Rear,no,no,no,yes,yes,False
101988681,METROPOLITAN NASHVILLE POLICE DEPT,20180368064,Davidson,Old Hickory,4/25/2018 7:21:00 AM,2,0,0,36.259000,-86.658370,ROBINSON RD,,,,599.00,Feet,West,MARTINGALE DR,,,,0.00,N,Not at Intersection, ,Non-Junction,None,,,         ,Michael,Dance,Clear,Front to Rear,no,no,no,no,no,False
101988692,METROPOLITAN NASHVILLE POLICE DEPT,20180368169,Davidson,Nashville,4/25/2018 8:00:00 AM,2,1,0,36.154750,-86.831210,I 40,,,,0.00,,,,,,,205.45,N,Not at Intersection, ,Non-Junction,None,,,         ,Curtis,Rich,Cloudy,Front to Rear,no,no,no,no,no,False
101988698,METROPOLITAN NASHVILLE POLICE DEPT,20180368116,Davidson,Nashville,4/25/2018 7:47:00 AM,2,1,0,36.099540,-86.764210,I 65,,,,0.00,,,,,,,79.00,N,Not at Intersection,N,Non-Junction,None,,,         ,Jon,Mcvey,Cloudy,Angle,no,no,no,no,no,False
101988706,METROPOLITAN NASHVILLE POLICE DEPT,20180368126,Davidson,Nashville,4/25/2018 7:45:00 AM,2,0,0,36.149620,-86.798020,BROADWAY,,,,0.00,,,20TH AVS,,,,0.00,Y,T-Intersection,N,Intersection,None,,,         ,David,Lang,Clear,Angle,no,no,no,no,no,Campus
101988713,METROPOLITAN NASHVILLE POLICE DEPT,20180368260,Davidson,Nashville,4/25/2018 8:34:00 AM,2,0,0,36.141590,-86.714980,I 40,,,,0.00,,,,,,,213.90,N,Not at Intersection, ,,None,,,         ,Michael,Dance,,,no,no,no,no,no,False
101988716,METROPOLITAN NASHVILLE POLICE DEPT,20180368213,Davidson,Nashville,4/25/2018 8:15:00 AM,3,1,0,36.121660,-86.756380,I 440,,,,0.00,,,,,,,6.00,N,Not at Intersection,N,Non-Junction,None,,,         ,Justin,Pinkelton,Clear,Front to Rear,no,no,no,no,no,False
101988717,METROPOLITAN NASHVILLE POLICE DEPT,20180368111,Davidson,Nashville,4/25/2018 7:40:00 AM,2,1,0,36.154630,-86.831630,I 40,,,,0.00,,,,,,,205.40,N,Not at Intersection, ,Non-Junction,None,,,         ,Michael,Pyle,Clear,Front to Rear,no,no,no,no,no,False
101988725,METROPOLITAN NASHVILLE POLICE DEPT,20180368165,Davidson,Nashville,4/25/2018 8:05:00 AM,2,0,0,36.139390,-86.819490,MURPHY RD,,,,130.00,Feet,East,PARK DR,,,,0.00,N,Not at Intersection,N,Non-Junction,None,,,         ,James,Hill,Clear,Angle,no,no,no,no,no,False
101988746,METROPOLITAN NASHVILLE POLICE DEPT,20180368035,Davidson,Nashville,4/25/2018 7:12:00 AM,2,3,0,36.071000,-86.635220,MURFREESBORO PKE,,,,425.00,Feet,South,BELL RD,,,,0.00,N,Not at Intersection,N,Non-Junction,None,,,         ,Jessie,Meadows,Clear,Angle,no,no,no,no,no,False
101988751,METROPOLITAN NASHVILLE POLICE DEPT,20180368362,Davidson,Nashville,4/25/2018 9:15:00 AM,2,0,0,36.113560,-86.806160,WOODMONT BLVD,,,,0.00,,,HOPKINS ST,,,,0.00,Y,Four-Way, ,Intersection-Related,None,,,         ,Jon,Mcvey,Cloudy,Angle,no,no,no,no,no,False
101988753,METROPOLITAN NASHVILLE POLICE DEPT,20180368151,Davidson,Antioch,4/25/2018 7:59:00 AM,2,0,0,36.018440,-86.624810,I 24,,,,0.00,,,,,,,62.20,N,Not at Intersection,N,Non-Junction,None,,,         ,Brandon,Vance,Clear,"Sideswipe, Same Direction",no,no,no,no,no,False
101988761,METROPOLITAN NASHVILLE POLICE DEPT,20180368360,Davidson,Nashville,4/25/2018 9:17:00 AM,2,1,0,36.208710,-86.734700,GALLATIN PKE,,,,73.00,Feet,South,KIRKLAND AV,,,,0.00,N,Not at Intersection,N,Non-Junction,None,,,         ,Nicholas,Smith,Cloudy,Front to Rear,no,no,no,no,no,False
101988774,METROPOLITAN NASHVILLE POLICE DEPT,20180368299,Davidson,Nashville,4/25/2018 8:39:00 AM,2,0,0,36.114620,-86.737070,WHITSETT RD,,,,588.00,Feet,West,HARTFORD DR,,,,0.00,N,Not at Intersection,N,Non-Junction,None,,,         ,Charles,Wakefield,Clear,Unknown,no,no,no,yes,yes,False
101988787,METROPOLITAN NASHVILLE POLICE DEPT,20180368395,Davidson,Not in City Limit,4/25/2018 9:35:00 AM,2,2,0,36.263810,-86.687120,STATE RT 45,,,,0.00,,,ARCHWOOD DR,,,,0.00,Y,T-Intersection,N,Intersection,None,,,         ,Michelle,Steidl,Cloudy,Angle,no,no,no,no,no,False
101988791,METROPOLITAN NASHVILLE POLICE DEPT,20180368229,Davidson,Not in City Limit,4/25/2018 8:26:00 AM,2,0,0,36.321210,-86.867520,WHITES CREEK PKE,,,,58.00,Feet,North,EATONS CREEK RD,,,,0.00,N,Not at Intersection, ,,None,,,         ,Victor,Alexander,,,no,no,no,no,no,False
101988793,METROPOLITAN NASHVILLE POLICE DEPT,20180368505,Davidson,Nashville,4/25/2018 9:29:00 AM,1,0,0,36.110040,-86.777270,WOODMONT BLVD,,,,154.00,Feet,East,CRESTRIDGE DR,,,,0.00,N,Not at Intersection,N,Non-Junction,None,,,         ,Jon,Mcvey,Cloudy,Not Collision with Motor Vehicle in Transport,no,no,no,no,yes,False
101988794,METROPOLITAN NASHVILLE POLICE DEPT,20180368529,Davidson,Nashville,4/25/2018 10:30:00 AM,2,0,0,36.200930,-86.618040,LEBANON PKE,,,,1120.00,Feet,North,OLD HICKORY BLVD,,,,0.00,N,Not at Intersection, ,Non-Junction,None,,,         ,Michael,Dance,Cloudy,Front to Rear,no,no,no,no,no,False