master_record_number,agency,agency_tracking_number,county,city,collision_date,vehicles_involved,number_injured,number_dead,latitude,longitude,roadway_name,roadway_suffix,roadway_number,roadway_local_id,distance_from_reference,miles-feet_indicator,direction_from_reference,intersection_road_name,intersection_road_name_suffix,intersection_road_number,intersection_local_id,mile_marker,intersection_indicator,intersect_type,interchange_related_indicator,relation_to_junction,work_zone_type,construction_maintenance_zone,construction_maintenance_zone_location,fatal_case_number,officer_first_name,officer_last_name,weather_condition(s),manner_of_crash,pedestrian,bicycle,scooter,parking,hitrun,mou
101990326,METROPOLITAN NASHVILLE POLICE DEPT,20180373249,Davidson,Nashville,4/26/2018 5:55:00 PM,2,0,0,36.125060,-86.733800,I 440,,,,0.00,,,,,,,7.20,N,Not at Intersection, ,Non-Junction,None,,,         ,Eric,Keller,Clear,"Sideswipe, Same Direction",no,no,no,no,no,False
101990331,METROPOLITAN NASHVILLE POLICE DEPT,20180373075,Davidson,Nashville,4/26/2018 5:10:00 PM,2,0,0,36.172630,-86.765220,S 5TH ST,,,,86.00,Feet,South,MAIN ST,,,,0.00,N,Not at Intersection, ,,None,,,         ,Barrett,Teague,,,no,no,no,no,no,False
101990332,METROPOLITAN NASHVILLE POLICE DEPT,20180373021,Davidson,Nashville,4/26/2018 5:07:00 PM,2,1,0,36.109450,-86.728050,EAST THOMPSON LN,,,,0.00,,,THOMPSON LN,,,,0.00,Y,Four-Way,N,Intersection-Related,None,,,         ,Patrick,Martin,Clear,Front to Rear,no,no,no,no,no,False
101990334,METROPOLITAN NASHVILLE POLICE DEPT,20180373110,Davidson,Nashville,4/26/2018 5:34:00 PM,2,0,0,36.166930,-86.777160,1ST AVN,,,,0.00,,,UNION ST,,,,0.00,Y,T-Intersection, ,Intersection,None,,,         ,Jim,Crissman,Cloudy,Front to Rear,no,no,no,no,no,False
101990336,METROPOLITAN NASHVILLE POLICE DEPT,20180373121,Davidson,Nashville,4/26/2018 5:30:00 PM,2,0,0,36.157110,-86.774670,4TH AVS,,,,0.00,Feet,,KOREAN VETERANS BLVD,,,,0.00,Y,Four-Way, ,Intersection,None,,,         ,Joseph,Bingham,Clear,"Sideswipe, Same Direction",no,no,no,no,no,False
101990338,METROPOLITAN NASHVILLE POLICE DEPT,20180373286,Davidson,Nashville,4/26/2018 6:25:00 PM,2,0,0,36.237510,-86.780950,BRILEY PKWY E EXT RAMP,,,,0.00,,,BRICK CHURCH PKE,,,,0.00,Y,T-Intersection, ,Entrance/Exit Ramp Related,None,,,         ,Christopher,Littles,Cloudy,Angle,no,no,no,no,yes,False
101990347,METROPOLITAN NASHVILLE POLICE DEPT,20180373267,Davidson,Nashville,4/26/2018 5:13:00 PM,2,0,0,36.039830,-86.768400,CLOVERLAND DR,,,,160.00,Feet,South,OLD HICKORY BLVD,,,,0.00,N,Not at Intersection,N,Non-Junction,None,,,         ,Nicholas,Carroll,Rain,Angle,no,no,no,no,no,False
101990349,METROPOLITAN NASHVILLE POLICE DEPT,20180373004,Davidson,Nashville,4/26/2018 4:47:00 PM,2,0,0,36.124350,-86.742600,I 440,,,,0.00,,,,,,,6.70,N,Not at Intersection,N,Non-Junction,None,,,         ,Patrick,Martin,Clear,Front to Rear,no,no,no,no,no,False
101990351,METROPOLITAN NASHVILLE POLICE DEPT,20180373208,Davidson,Nashville,4/26/2018 12:00:00 AM,2,0,0,36.090690,-86.626010,BELL RD,,,,193.00,Feet,East,SMITH SPRINGS RD,,,,0.00,N,Not at Intersection,N,"Driveway, Alley Access, etc",None,,,         ,Kimberly,Annson,Cloudy,"Sideswipe, Opposite Direction",no,no,no,no,yes,False
101990353,VANDERBILT UNIVERSITY POLICE,2018-0372717,Davidson,Nashville,4/26/2018 2:40:00 PM,1,0,0,36.146070,-86.799550,SCARRITT PL,,,,0.00,,,21ST AVS,,,,0.00,Y,Four-Way, ,Intersection,None,,,         ,Christopher,Dion,Rain,Not Collision with Motor Vehicle in Transport,no,no,no,no,no,Campus
101990367,METROPOLITAN NASHVILLE POLICE DEPT,20180373202,Davidson,Nashville,4/26/2018 6:15:00 PM,2,0,0,36.177150,-86.745770,WOODLAND ST,,,,0.00,,,N 14TH ST,,,,0.00,Y,Four-Way, ,Intersection-Related,None,,,         ,Hunter,Fikes,Clear,Angle,no,no,no,no,no,False
101990373,METROPOLITAN NASHVILLE POLICE DEPT,20180372632,Davidson,Nashville,4/26/2018 2:36:00 PM,2,0,0,36.080410,-86.721880,HARDING PL,,,,421.00,Feet,East,HARDING MALL DR,,,,0.00,N,Not at Intersection,N,"Driveway, Alley Access, etc",None,,,         ,John,Roberson,Cloudy,Angle,no,no,no,no,no,False
101990386,METROPOLITAN NASHVILLE POLICE DEPT,20180373460,Davidson,Nashville,4/26/2018 7:48:00 PM,2,0,0,36.166560,-86.763480,S 4TH ST,,,,150.00,Feet,South,SHELBY AV,,,,0.00,N,Not at Intersection, ,Non-Junction,None,,,         ,Edward,Conrads,Cloudy,"Sideswipe, Same Direction",no,no,no,no,yes,False
101990387,METROPOLITAN NASHVILLE POLICE DEPT,20180373276,Davidson,Nashville,4/26/2018 12:00:00 AM,2,0,0,36.093880,-86.624860,HARBOR LIGHTS DR,,,,0.00,,,BELL RD,,,,0.00,Y,T-Intersection,N,Intersection-Related,None,,,         ,Kimberly,Annson,Cloudy,"Sideswipe, Opposite Direction",no,no,no,no,yes,False
101990388,BERRY HILL POLICE DEPT,18-1332,Davidson,Berry Hill,4/26/2018 12:00:00 AM,2,0,0,36.126250,-86.770540,CRAIGHEAD ST,,,,0.00,,,OCEANSIDE DR,,,,0.00,Y,T-Intersection,Y,Intersection,None,,,         ,John,Gleixner,Cloudy,Angle,no,no,no,no,no,False
101990389,BERRY HILL POLICE DEPT,18-1333,Davidson,Berry Hill,4/26/2018 12:00:00 AM,2,0,0,36.111930,-86.762920,THOMPSON LN,,,,0.00,,,E IRIS DR,,,,0.00,Y,T-Intersection, ,Intersection,None,,,         ,John,Gleixner,Rain,Angle,no,no,no,no,yes,False
101990390,BERRY HILL POLICE DEPT,18-1336,Davidson,Nashville,4/26/2018 12:00:00 AM,2,0,0,36.134450,-86.775620,I 65,,,,0.00,,,,,,,81.40,N,Not at Intersection, ,Non-Junction,None,,,         ,John,Gleixner,Cloudy,Front to Rear,no,no,no,no,yes,False
101990391,METROPOLITAN NASHVILLE POLICE DEPT,20180373282,Davidson,Nashville,4/26/2018 6:20:00 PM,2,0,0,36.127120,-86.772700,I 65,,,,0.00,,,,,,,80.85,N,Not at Intersection,N,Non-Junction,None,,,         ,Eric,Burford,Clear,Front to Rear,no,no,no,no,yes,False
101990425,VANDERBILT UNIVERSITY POLICE,2018-0373194,Davidson,Nashville,4/26/2018 3:55:00 PM,2,0,0,36.143850,-86.805760,25TH AVS,,,,0.00,,,,,,,0.00,,,N,Non-Junction,None,,,         ,Robert,Skucy,Cloudy,Front to Rear,no,no,no,yes,no,Campus
101990428,METROPOLITAN NASHVILLE POLICE DEPT,20180372967,Davidson,Nashville,4/26/2018 2:33:00 PM,3,0,0,36.033520,-86.712980,BARNES RD,,,,0.00,,,NOLENSVILLE PKE,,,,0.00,Y,Four-Way, ,Intersection,None,,,         ,Brandon,Hughes,Rain,Front to Rear,no,no,no,no,no,False
101990431,METROPOLITAN NASHVILLE POLICE DEPT,20180373215,Davidson,Nashville,4/26/2018 5:43:00 PM,2,0,0,36.124570,-86.737920,I 440,,,,0.00,,,,,,,7.00,N,Not at Intersection, ,Non-Junction,None,,,         ,Patrick,Martin,Clear,Front to Rear,no,no,no,no,no,False
101990437,METROPOLITAN NASHVILLE POLICE DEPT,20180372916,Davidson,Nashville,4/26/2018 4:45:00 PM,2,1,0,36.111430,-86.771280,I 65,,,,0.00,,,,,,,79.85,N,Not at Intersection,N,Non-Junction,None,,,         ,Akira,McSwain,Rain,Front to Rear,no,no,no,no,no,False
101990438,METROPOLITAN NASHVILLE POLICE DEPT,20180373127,Davidson,Nashville,4/26/2018 4:38:00 PM,2,1,0,36.045310,-86.713850,OLD HICKORY BLVD,,,,175.00,Feet,West,NOLENSVILLE PKE,,,,0.00,N,Not at Intersection,N,Non-Junction,None,,,         ,Akira,McSwain,Clear,Angle,no,no,no,no,no,False
101990462,METROPOLITAN NASHVILLE POLICE DEPT,20180373493,Davidson,Nashville,4/26/2018 8:08:00 PM,2,0,0,36.170400,-86.768450,INTERSTATE DR,,,,0.00,,,WOODLAND ST,,,,0.00,Y,Four-Way,N,Intersection,None,,,         ,Jim,Crissman,Cloudy,Front to Rear,no,no,no,no,yes,False
101990463,METROPOLITAN NASHVILLE POLICE DEPT,20180373273,Davidson,Nashville,4/26/2018 6:10:00 PM,2,0,0,36.078450,-86.767380,LAMBERT DR,,,,918.00,Feet,East,BRINDLEY DR,,,,0.00,N,Not at Intersection,N,Non-Junction,None,,,         ,Brandon,Hughes,Rain,Angle,no,no,no,no,no,False
101990469,METROPOLITAN NASHVILLE POLICE DEPT,20180373536,Davidson,Nashville,4/26/2018 8:27:00 PM,1,1,0,36.149450,-86.764290,LAFAYETTE ST,,,,367.00,Feet,East,1ST AVS,,,,0.00,N,Not at Intersection,N,Non-Junction,None,,,         ,Jarret,Sonnenberg,Clear,Not Collision with Motor Vehicle in Transport,yes,no,no,no,no,False
101990470,METROPOLITAN NASHVILLE POLICE DEPT,20180373599,Davidson,Nashville,4/26/2018 8:45:00 PM,2,0,0,36.166400,-86.769510,S 2ND ST,,,,571.00,Feet,North,VICTORY AV,,,,0.00,N,Not at Intersection, ,Non-Junction,None,,,         ,Phillip,Box,Clear,Angle,no,no,no,yes,yes,False
101990476,METROPOLITAN NASHVILLE POLICE DEPT,20180373562,Davidson,Nashville,4/26/2018 6:30:00 PM,2,0,0,36.159970,-86.795400,CHARLOTTE AV,,,,0.00,,,15TH AVN,,,,0.00,Y,Four-Way,N,Non-Junction,None,,,         ,Gregory,Scott,Clear,Front to Rear,no,no,no,no,yes,False
101990480,METROPOLITAN NASHVILLE POLICE DEPT,20180373629,Davidson,Nashville,4/26/2018 8:00:00 PM,2,0,0,36.044950,-86.659750,I24 E ENT RAMP,,,,0.00,Feet,,I 24,,,,0.00,Y,OTHER, ,Intersection,None,,,         ,Tyler,Maupin,Cloudy,Angle,no,no,no,no,no,False
101990507,METROPOLITAN NASHVILLE POLICE DEPT,20180373547,Davidson,Not in City Limit,4/26/2018 6:00:00 PM,1,0,0,36.285080,-86.858230,OLD HICKORY BLVD,,,,0.68,Miles,North,BURGESS RD,,,,0.00,N,Not at Intersection,N,Non-Junction,None,,,         ,Jerry,Pirtle,Rain,Not Collision with Motor Vehicle in Transport,no,no,no,no,no,False
101990512,METROPOLITAN NASHVILLE POLICE DEPT,20180373591,Davidson,Nashville,4/26/2018 8:45:00 PM,3,1,0,36.168490,-86.687360,LEBANON PKE,,,,178.00,Feet,East,BRILEY PKWY N ENT RAMP,,,,0.00,N,Not at Intersection,N,Non-Junction,None,,,         ,Jessica,Johann,Cloudy,Front to Rear,no,no,no,no,no,False
101990516,METROPOLITAN NASHVILLE POLICE DEPT,20180373305,Davidson,Nashville,4/26/2018 12:00:00 AM,1,4,0,36.172560,-86.799690,I 40,,,,0.00,,,,,,,207.80,N,Not at Intersection,N,Non-Junction,None,,,         ,Christopher,Dickerson,Clear,Not Collision with Motor Vehicle in Transport,no,no,no,no,no,False
101990517,METROPOLITAN NASHVILLE POLICE DEPT,20180373023,Davidson,Nashville,4/26/2018 5:00:00 PM,2,1,0,36.193640,-86.743880,STRAIGHTWAY AV,,,,0.00,,,GALLATIN AV,,,,0.00,Y,Four-Way, ,Non-Junction,None,,,         ,Hunter,Fikes,Clear,Angle,no,no,no,no,no,False
101990518,METROPOLITAN NASHVILLE POLICE DEPT,20180373663,Davidson,Nashville,4/26/2018 9:22:00 PM,2,0,0,36.135540,-86.797170,18TH AVS,,,,0.00,,,MAGNOLIA BLVD,,,,0.00,Y,OTHER, ,Intersection-Related,None,,,         ,Ryan,Cagle,Clear,Angle,no,no,no,no,no,False
101990519,METROPOLITAN NASHVILLE POLICE DEPT,20180373477,Davidson,Nashville,4/26/2018 8:04:00 PM,2,1,0,36.069370,-86.633410,MURFREESBORO PKE,,,,956.00,Feet,North,FOREST VIEW DR,,,,0.00,N,Not at Intersection, ,Non-Junction,None,,,         ,Patrick,Martin,Clear,Angle,no,no,no,no,no,False
101990535,METROPOLITAN NASHVILLE POLICE DEPT,20180373700,Davidson,Nashville,4/26/2018 9:40:00 PM,2,0,0,36.144930,-86.766660,4TH AVS,,,,0.00,,,CHESTNUT ST,,,,0.00,Y,Four-Way, ,Intersection,None,,,         ,Eric,Burford,Clear,"Sideswipe, Same Direction",no,no,no,no,no,False
101990545,METROPOLITAN NASHVILLE POLICE DEPT,20180373707,Davidson,Nashville,4/26/2018 9:40:00 PM,2,1,0,36.115640,-86.775870,I 440,,,,0.00,,,,,,,4.75,N,Not at Intersection,N,Non-Junction,None,,,         ,Akira,McSwain,Clear,Front to Rear,no,no,no,no,no,False
101990546,METROPOLITAN NASHVILLE POLICE DEPT,20180373733,Davidson,Antioch,4/26/2018 7:03:00 PM,2,0,0,36.015840,-86.705260,SUGAR VALLEY DR,,,,205.00,Feet,North,NOLENSVILLE PKE,,,,0.00,N,Not at Intersection, ,,None,,,         ,Patrick,Martin,,,no,no,no,yes,no,False
101990603,METROPOLITAN NASHVILLE POLICE DEPT,20180373841,Davidson,Nashville,4/26/2018 8:45:00 PM,3,0,0,36.181960,-86.799500,I65 N EXT RAMP,,,,0.00,Feet,East,I 65,,,,0.00,N,Not at Intersection, ,,None,,,         ,Nicholas,MacDougall,,,no,no,no,no,no,False
101990606,METROPOLITAN NASHVILLE POLICE DEPT,20180373865,Davidson,Nashville,4/26/2018 8:40:00 PM,2,0,0,36.170050,-86.807220,I 40,,,,0.00,,,,,,,207.25,N,Not at Intersection, ,Non-Junction,None,,,         ,Geoffrey,Daugherty,Cloudy,"Sideswipe, Same Direction",no,no,no,no,no,False
101990609,METROPOLITAN NASHVILLE POLICE DEPT,20180373838,Davidson,Nashville,4/26/2018 10:50:00 PM,1,1,0,36.106130,-86.718740,I 24,,,,0.00,,,,,,,54.00,N,Not at Intersection,N,Non-Junction,None,,,         ,Zachary,Lang,Rain,Not Collision with Motor Vehicle in Transport,no,no,no,no,no,False
101990615,METROPOLITAN NASHVILLE POLICE DEPT,20180374041,Davidson,Nashville,4/26/2018 10:45:00 PM,2,0,0,36.157250,-86.760430,I40 W ENT RAMP,,,,0.00,,,I 24,,,,0.00,Y,Y-Intersection,Y,Entrance/Exit Ramp Related,None,,,         ,Daniel,Russett,Clear,"Sideswipe, Same Direction",no,no,no,no,yes,False
101990618,METROPOLITAN NASHVILLE POLICE DEPT,20180373994,Davidson,Not in City Limit,4/26/2018 10:00:00 PM,2,0,0,36.024180,-86.631260,I 24,,,,0.00,,,,,,,61.70,N,Not at Intersection, ,Non-Junction,None,,,         ,Sandra,Fly,Cloudy,"Sideswipe, Same Direction",no,no,no,no,no,False
101990621,METROPOLITAN NASHVILLE POLICE DEPT,20180373662,Davidson,Nashville,4/26/2018 7:27:00 PM,2,0,0,36.046020,-86.657930,COLLINS PARK DR,,,,0.00,,,BELL RD,,,,0.00,Y,OTHER,N,Intersection-Related,None,,,         ,Zachary,Ronan,Clear,Front to Rear,no,no,no,no,no,False
101990622,METROPOLITAN NASHVILLE POLICE DEPT,20180374029,Davidson,Nashville,4/27/2018 12:14:00 AM,1,1,0,36.173190,-86.800790,I40 E ENT RAMP,,,,0.00,Feet,East,I 40,,,,0.00,N,Not at Intersection,Y,Entrance/Exit Ramp Related,None,,,         ,Joshua,Asbell,Cloudy,Not Collision with Motor Vehicle in Transport,no,no,no,no,no,False
101990629,BERRY HILL POLICE DEPT,18-1339,Davidson,Berry Hill,4/27/2018 12:05:00 AM,2,0,0,36.120930,-86.775300,FRANKLIN PKE,,,,164.00,Feet,South,KIRKWOOD AV,,,,0.00,N,Not at Intersection, ,Non-Junction,None,,,         ,Anthony,Russo,Clear,Front to Rear,no,no,no,yes,yes,False
101990633,METROPOLITAN NASHVILLE POLICE DEPT,20180374175,Davidson,Nashville,4/27/2018 1:00:00 AM,2,0,0,36.160660,-86.778020,BROADWAY,,,,141.00,Feet,East,5TH AVS,,,,0.00,N,Not at Intersection, ,Non-Junction,None,,,         ,Billy,Price,Clear,"Sideswipe, Same Direction",no,no,no,no,no,False
101990637,METROPOLITAN NASHVILLE POLICE DEPT,20180374081,Davidson,Nashville,4/26/2018 11:00:00 PM,1,1,0,36.108600,-86.617250,BELL RD,,,,0.00,,,,,,,0.00,,,N,OtherLocation,None,,,         ,Bridget,Griepentrog,Clear,Not Collision with Motor Vehicle in Transport,no,no,no,yes,no,False
101990648,METROPOLITAN NASHVILLE POLICE DEPT,20180374133,Davidson,Nashville,4/27/2018 12:52:00 AM,2,1,0,36.151010,-86.796490,19TH AVS,,,,0.00,,,BROADWAY,,,,0.00,Y,Four-Way,N,Intersection,None,,,         ,Alyson,Cook,Clear,Angle,no,no,no,no,no,False
101990675,METROPOLITAN NASHVILLE POLICE DEPT,20180374490,Davidson,Nashville,4/27/2018 4:15:00 AM,2,0,0,36.250500,-86.744800,OLD DUE WEST AV,,,,548.00,Feet,West,CHANNING DR,,,,0.00,N,Not at Intersection,N,Non-Junction,None,,,         ,Thomas,Burns,Cloudy,"Sideswipe, Same Direction",no,no,no,yes,no,False
101990688,METROPOLITAN NASHVILLE POLICE DEPT,20180373896,Davidson,Nashville,4/26/2018 11:19:00 PM,2,1,0,36.045740,-86.674350,BELL RD,,,,0.00,,,BLUE HOLE RD,,,,0.00,Y,Four-Way,N,Intersection,None,,,         ,David,Moser,Clear,Front to Rear,no,no,no,no,yes,False
101990696,BELLE MEADE POLICE DEPT,18-0111,Davidson,Belle Meade,4/24/2018 7:30:00 AM,2,0,0,36.088840,-86.861580,CHICKERING RD,,,,0.00,,,BELLE MEADE BLVD,,,,0.00,Y,T-Intersection, ,Intersection,None,,,         ,Keith,Samol,Cloudy,Front to Rear,no,no,no,no,no,False
101990701,METROPOLITAN NASHVILLE POLICE DEPT,20180374451,Davidson,Nashville,4/27/2018 3:00:00 AM,1,0,0,36.055550,-86.723350,BREWER DR,,,,89.00,Feet,West,MCMURRAY DR,,,,0.00,N,Not at Intersection,N,Non-Junction,None,,,         ,Nakia,Reid,Clear,Not Collision with Motor Vehicle in Transport,no,no,no,no,yes,False
101990708,METROPOLITAN NASHVILLE POLICE DEPT,20180374655,Davidson,Nashville,4/27/2018 12:00:00 AM,2,2,0,36.059070,-86.716220,TUSCULUM RD,,,,0.00,,,NOLENSVILLE PKE,,,,0.00,Y,Four-Way,Y,Intersection,None,,,         ,Courtney,Hester,Clear,Angle,no,no,no,no,no,False
101990740,METROPOLITAN NASHVILLE POLICE DEPT,2018-0374713,Davidson,Nashville,4/27/2018 5:30:00 AM,2,0,0,36.051510,-86.714360,NOLENSVILLE PKE,,,,0.00,,,OCALA DR,,,,0.00,Y,T-Intersection,N,Intersection-Related,None,,,         ,Thomas,Miller,Clear,Angle,no,no,no,no,yes,False
101990741,METROPOLITAN NASHVILLE POLICE DEPT,20180374361,Davidson,Antioch,4/27/2018 2:28:00 AM,1,1,0,36.070430,-86.598950,FORRESTAL WAY,,,,0.00,,,SEASONS DR,,,,0.00,Y,T-Intersection,N,Intersection-Related,None,,,         ,David,Moser,Clear,Not Collision with Motor Vehicle in Transport,no,no,no,no,yes,False
101990762,METROPOLITAN NASHVILLE POLICE DEPT,20180374796,Davidson,Nashville,4/27/2018 6:27:00 AM,1,1,0,36.146580,-86.673360,RACHEL DR,,,,384.00,Feet,West,ROYAL PKWY,,,,0.00,N,Not at Intersection,N,Non-Junction,None,,,         ,Michael,Dance,Clear,Not Collision with Motor Vehicle in Transport,yes,no,no,yes,no,False
101990764,METROPOLITAN NASHVILLE POLICE DEPT,20180374867,Davidson,Nashville,4/27/2018 7:11:00 AM,2,0,0,36.096600,-86.877100,HARDING PKE,,,,162.00,Feet,West,HARDING ROAD CT,,,,0.00,N,Not at Intersection, ,Non-Junction,None,,,         ,Curtis,Rich,Clear,Front to Rear,no,no,no,no,no,False
101990780,METROPOLITAN NASHVILLE POLICE DEPT,20180374905,Davidson,Nashville,4/27/2018 7:26:00 AM,2,0,0,36.151220,-86.691850,BRILEY PKWY S EXT RAMP,,,,0.00,,,ELM HILL PKE,,,,0.00,Y,T-Intersection, ,Intersection,None,,,         ,Michael,Dance,Clear,Front to Rear,no,no,no,no,no,False
101990782,METROPOLITAN NASHVILLE POLICE DEPT,20180374888,Davidson,Not in City Limit,4/27/2018 7:00:00 AM,2,0,0,36.019220,-86.625680,I 24,,,,0.00,,,,,,,62.15,N,Not at Intersection, ,Non-Junction,None,,,         ,Thomas,White,Clear,"Sideswipe, Same Direction",no,no,no,no,no,False
101990792,METROPOLITAN NASHVILLE POLICE DEPT,20180374860,Davidson,Nashville,4/27/2018 7:08:00 AM,2,0,0,36.110110,-86.780970,WOODMONT BLVD,,,,0.00,,,WILBUR PL,,,,0.00,Y,T-Intersection,N,Intersection,None,,,         ,Nathan,Kemp,Clear,Angle,no,no,no,no,no,False
101990793,METROPOLITAN NASHVILLE POLICE DEPT,20180374931,Davidson,Nashville,4/27/2018 7:38:00 AM,2,0,0,36.169740,-86.587120,I 40,,,,0.00,,,,,,,221.60,N,Not at Intersection,N,Non-Junction,None,,,         ,Darren,White,Clear,Front to Rear,no,no,no,no,no,False
101990823,METROPOLITAN NASHVILLE POLICE DEPT,20180375003,Davidson,Nashville,4/27/2018 8:13:00 AM,3,0,0,36.054800,-86.672500,BLUE HOLE RD,,,,59.00,Feet,South,BLUE HOLE RD PVTDR,,,,0.00,N,Not at Intersection, ,Non-Junction,None,,,         ,Jason,Hees,Clear,Front to Rear,no,no,no,no,yes,False
101990828,THP District 3 - Nashville,318025230,Davidson,Nashville,4/26/2018 8:36:00 AM,3,0,0,36.122500,-86.909510,I 40,,,,0.00,,,,,,,200.30,N,Not at Intersection,N,Non-Junction,None,,,         ,Andrew,Perez,Rain,Front to Rear,no,no,no,no,no,False
101990849,THP District 3 - Nashville,318024495,Davidson,Nashville,4/22/2018 3:25:00 PM,2,0,0,36.033390,-86.783480,I 65,,,,0.00,,,,,,,74.20,N,Not at Intersection,N,Non-Junction,None,,,         ,Louis,Walker,Rain,Front to Rear,no,no,no,no,no,False
101990871,METROPOLITAN NASHVILLE POLICE DEPT,20180374957,Davidson,Nashville,4/27/2018 8:02:00 AM,2,0,0,36.062660,-86.630800,HAMILTON CHURCH RD,,,,0.00,,,HAMILTON CROSSINGS,,,,0.00,Y,T-Intersection,N,Non-Junction,None,,,         ,Steven,Williams,Clear,Front to Rear,no,no,no,no,no,False
101990878,METROPOLITAN NASHVILLE POLICE DEPT,20180374962,Davidson,Nashville,4/27/2018 7:53:00 AM,2,0,0,36.190000,-86.769050,EVANSTON AV,,,,0.00,,,STOCKELL ST,,,,0.00,Y,OTHER, ,Intersection,None,,,         ,Nathan,Mayo,Clear,Angle,no,no,no,no,no,False
101990879,METROPOLITAN NASHVILLE POLICE DEPT,20180374958,Davidson,Nashville,4/27/2018 7:53:00 AM,2,0,0,36.213300,-86.764620,DICKERSON PKE,,,,103.00,Feet,South,DELLWAY VILLA RD,,,,0.00,N,Not at Intersection,N,Non-Junction,None,,,         ,Joseph,Progar,Clear,Front to Rear,no,no,no,no,no,False
101990880,METROPOLITAN NASHVILLE POLICE DEPT,20180375148,Davidson,Nashville,4/27/2018 9:09:00 AM,2,1,0,36.146600,-86.742670,I 40,,,,0.00,,,,,,,212.10,N,Not at Intersection,N,Non-Junction,None,,,         ,Michael,Dance,Clear,Front to Rear,no,no,no,no,no,False
101990896,METROPOLITAN NASHVILLE POLICE DEPT,20180374949,Davidson,Nashville,4/27/2018 7:40:00 AM,2,0,0,36.082360,-86.702130,LINBAR DR,,,,0.00,,,LARGO DR,,,,0.00,Y,Y-Intersection, ,Intersection,None,,,         ,Troy,Loewen,Clear,Angle,no,no,no,no,no,False
101990904,METROPOLITAN NASHVILLE POLICE DEPT,20180375242,Davidson,Nashville,4/27/2018 9:30:00 AM,2,0,0,36.153960,-86.818220,28TH AVN,,,,0.00,,,CHARLOTTE AV,,,,0.00,Y,Four-Way, ,Intersection-Related,None,,,         ,Justan,Vance,Clear,Front to Rear,no,no,no,no,no,False
101990921,METROPOLITAN NASHVILLE POLICE DEPT,20180374866,Davidson,Nashville,4/27/2018 6:40:00 AM,3,0,0,36.195970,-86.776120,I 65,,,,0.00,,,,,,,86.60,N,Not at Intersection, ,Non-Junction,None,,,         ,Brent,Hedgcoth,Clear,Front to Rear,no,no,no,no,no,False
101990925,METROPOLITAN NASHVILLE POLICE DEPT,20180374987,Davidson,Nashville,4/27/2018 8:05:00 AM,3,2,0,36.224700,-86.776280,I65 S ENT RAMP,,,,0.00,Feet,East,I 24,,,,0.00,N,Not at Intersection,N,Non-Junction,None,,,         ,Royce,McLester,Clear,Front to Rear,no,no,no,no,no,False
101990939,GOODLETTSVILLE POLICE DEPT,18-15058,Davidson,Goodlettsville,4/27/2018 7:15:00 AM,2,0,0,36.295167,-86.727823,DICKERSON RD,,US41/31,,300.00,Feet,South,ROBERT CARTWRIGHT DR,,,,0.00,N,Not at Intersection, ,Non-Junction,None,,,         ,John,Spencer,Clear,"Sideswipe, Same Direction",no,no,no,no,no,False
101990940,METROPOLITAN NASHVILLE POLICE DEPT,20180375336,Davidson,Nashville,4/27/2018 9:25:00 AM,2,0,0,36.179920,-86.810970,DR D B TODD JR BLVD,,,,59.00,Feet,South,BUCHANAN ST,,,,0.00,N,Not at Intersection, ,Non-Junction,None,,,         ,Chase,Burnett,Clear,"Sideswipe, Same Direction",no,no,no,no,no,False
101990946,METROPOLITAN NASHVILLE POLICE DEPT,20180375241,Davidson,Nashville,4/27/2018 9:03:00 AM,2,0,0,36.141660,-86.623450,LINCOYA BAY DR,,,,0.00,Feet,East,BELL RD,,,,0.00,N,Not at Intersection, ,OtherLocation,None,,,         ,Chad,Turnbow,Clear,Unknown,no,no,no,yes,yes,False
101990947,METROPOLITAN NASHVILLE POLICE DEPT,20180374851,Davidson,Nashville,4/27/2018 6:50:00 AM,2,0,0,36.110240,-86.719980,BRILEY PKWYS,,,,121.00,Feet,West,BRILEY PKWYN,,,,0.00,N,Not at Intersection,N,Non-Junction,None,,,         ,Jessie,Meadows,Clear,Other,no,no,no,no,no,False
101990948,METROPOLITAN NASHVILLE POLICE DEPT,20180374960,Davidson,Nashville,4/27/2018 8:00:00 AM,2,0,0,36.077400,-86.694600,I 24,,,,0.00,,,,,,,56.40,N,Not at Intersection, ,Non-Junction,None,,,         ,Jessie,Meadows,Clear,Front to Rear,no,no,no,no,no,False
101990952,METROPOLITAN NASHVILLE POLICE DEPT,20180375046,Davidson,Nashville,4/27/2018 8:33:00 AM,6,1,0,36.044920,-86.664450,BELL RD,,,,554.00,Feet,North,CANE RIDGE RD,,,,0.00,N,Not at Intersection,N,Non-Junction,None,,,         ,Jessie,Meadows,Clear,Front to Rear,no,no,no,no,no,False
101990955,METROPOLITAN NASHVILLE POLICE DEPT,20180375183,Davidson,Nashville,4/27/2018 8:32:00 AM,2,1,0,36.200690,-86.776740,I 65,,,,0.00,,,,,,,86.90,N,Not at Intersection, ,Non-Junction,None,,,         ,Royce,McLester,Clear,Front to Rear,no,no,no,no,no,False
101990957,METROPOLITAN NASHVILLE POLICE DEPT,20180375256,Davidson,Nashville,4/27/2018 9:58:00 AM,3,3,0,36.153230,-86.810620,PARMAN PL,,,,0.00,,,24TH AVN,,,,0.00,Y,T-Intersection,Y,Intersection-Related,None,,,         ,Dakota,Vermillion,Clear,Front to Rear,no,no,no,no,no,False