master_record_number,agency,agency_tracking_number,county,city,collision_date,vehicles_involved,number_injured,number_dead,latitude,longitude,roadway_name,roadway_suffix,roadway_number,roadway_local_id,distance_from_reference,miles-feet_indicator,direction_from_reference,intersection_road_name,intersection_road_name_suffix,intersection_road_number,intersection_local_id,mile_marker,intersection_indicator,intersect_type,interchange_related_indicator,relation_to_junction,work_zone_type,construction_maintenance_zone,construction_maintenance_zone_location,fatal_case_number,officer_first_name,officer_last_name,weather_condition(s),manner_of_crash,pedestrian,bicycle,scooter,parking,hitrun,mou
101991726,METROPOLITAN NASHVILLE POLICE DEPT,20180376263,Davidson,Nashville,4/27/2018 4:45:00 PM,2,0,0,36.174050,-86.607090,CENTRAL PKE,,,,126.00,Feet,West,CENTRAL PKE EXIT RAMP,,,,0.00,N,Not at Intersection,N,Non-Junction,None,,,         ,Marvis,Malone,Clear,"Sideswipe, Opposite Direction",no,no,no,no,yes,False
101991734,METROPOLITAN NASHVILLE POLICE DEPT,20180376352,Davidson,Nashville,4/27/2018 5:31:00 PM,1,0,0,36.064650,-86.813120,GRANNY WHITE PKE,,,,112.00,Feet,North,OTTER CREEK CT,,,,0.00,N,Not at Intersection,N,Non-Junction,None,,,         ,Brandon,Hughes,Clear,Not Collision with Motor Vehicle in Transport,no,no,no,no,no,False
101991744,METROPOLITAN NASHVILLE POLICE DEPT,2018-0376648,Davidson,Nashville,4/27/2018 8:02:00 PM,3,0,0,36.050490,-86.876680,OLD HICKORY BLVD,,,,0.00,Feet,,CHICKERING RD,,,,0.00,Y,Four-Way,N,Intersection,None,,,         ,Ryan,Allen,Clear,Front to Rear,no,no,no,no,no,False
101991761,METROPOLITAN NASHVILLE POLICE DEPT,20180376697,Davidson,Nashville,4/27/2018 7:38:00 PM,2,0,0,36.244940,-86.746300,I 65,,,,0.00,,,,,,,90.75,N,Not at Intersection, ,Non-Junction,None,,,         ,Richard,Conger,Clear,Front to Rear,no,no,no,no,no,False
101991830,METROPOLITAN NASHVILLE POLICE DEPT,20180376492,Davidson,Nashville,4/27/2018 6:20:00 PM,5,0,0,36.207930,-86.735320,GALLATIN PKE,,,,0.00,Feet,,IVERSON AV,,,,0.00,Y,T-Intersection,Y,Intersection,None,,,         ,Daniel,Wadham,Clear,Not Collision with Motor Vehicle in Transport,no,no,no,no,no,False
101991852,METROPOLITAN NASHVILLE POLICE DEPT,20180376001,Davidson,Nashville,4/27/2018 2:53:00 PM,2,0,0,36.136160,-86.788670,WEDGEWOOD AV,,,,0.00,,,12TH AVS,,,,0.00,Y,OTHER,N,Non-Junction,None,,,         ,William,Hudson,Clear,Angle,no,no,no,no,no,False
101991854,METROPOLITAN NASHVILLE POLICE DEPT,20180376879,Davidson,Nashville,4/27/2018 9:35:00 PM,2,1,0,36.046050,-86.692360,BROOK DR,,,,0.00,,,BROOK VIEW ESTATES DR,,,,0.00,Y,Four-Way,N,Non-Junction,None,,,         ,Eric,Keller,Clear,Front to Rear,no,no,no,no,yes,False
101991860,METROPOLITAN NASHVILLE POLICE DEPT,20180376666,Davidson,Nashville,4/27/2018 8:14:00 PM,2,0,0,36.166230,-86.765790,SHELBY AV,,,,0.00,,,I24 E EXT RAMP,,,,0.00,Y,Four-Way,N,Intersection,None,,,         ,Jim,Crissman,Clear,Front to Rear,no,no,no,no,yes,False
101991899,METROPOLITAN NASHVILLE POLICE DEPT,20180376810,Davidson,Not in City Limit,4/27/2018 12:00:00 AM,2,1,0,36.313470,-86.866250,OLD CLARKSVILLE PKE,,,,428.00,Feet,West,WHITES CREEK PKE,,,,0.00,N,Not at Intersection,N,Non-Junction,None,,,         ,Melvin,Taylor,Clear,Angle,no,no,no,no,no,False
101991969,METROPOLITAN NASHVILLE POLICE DEPT,20180376368,Davidson,Nashville,4/27/2018 5:24:00 PM,2,0,0,36.037550,-86.785420,OLD HICKORY BLVD,,,,89.00,Feet,West,I65 S ENT RAMP,,,,0.00,N,Not at Intersection,N,Non-Junction,None,,,         ,Akira,McSwain,Clear,Front to Rear,no,no,no,no,no,False
101991970,METROPOLITAN NASHVILLE POLICE DEPT,20180376572,Davidson,Nashville,4/27/2018 7:10:00 PM,2,1,0,36.155120,-86.790930,BROADWAY,,,,94.00,Feet,West,15TH AVN,,,,0.00,N,Not at Intersection,N,Non-Junction,None,,,         ,Akira,McSwain,Clear,Front to Rear,no,no,no,no,yes,False
101991971,METROPOLITAN NASHVILLE POLICE DEPT,20180376923,Davidson,Nashville,4/27/2018 10:00:00 PM,2,0,0,36.144140,-86.776890,I 65,,,,0.00,,,,,,,82.10,N,Not at Intersection, ,Non-Junction,None,,,         ,Akira,McSwain,Clear,Front to Rear,no,no,no,no,no,False
101991972,METROPOLITAN NASHVILLE POLICE DEPT,20180376257,Davidson,Nashville,4/27/2018 4:04:00 PM,2,0,0,36.148490,-86.780990,I 40,,,,0.00,,,,,,,209.80,N,Not at Intersection, ,,Work Zone,,,         ,Akira,McSwain,,,no,no,no,no,no,False
101992009,METROPOLITAN NASHVILLE POLICE DEPT,20180376962,Davidson,Nashville,4/27/2018 10:30:00 PM,2,1,0,36.177020,-86.594460,TULIP GROVE RD,,,,441.00,Feet,North,ROCKWOOD DR,,,,0.00,N,Not at Intersection,N,Non-Junction,None,,,         ,Carey,Steel,Clear,"Sideswipe, Same Direction",no,no,no,no,yes,False
101992021,METROPOLITAN NASHVILLE POLICE DEPT,20180377087,Davidson,Nashville,4/27/2018 9:45:00 PM,2,0,0,36.125900,-86.778930,ELLIOTT AV,,,,246.00,Feet,South,HILLVIEW HTS,,,,0.00,N,Not at Intersection, ,Non-Junction,None,,,         ,Christian,Martin,Clear,"Sideswipe, Opposite Direction",no,no,no,no,yes,False
101992030,METROPOLITAN NASHVILLE POLICE DEPT,20180377113,Davidson,Nashville,4/27/2018 10:40:00 PM,2,0,0,36.187950,-86.607770,OLD LEBANON DIRT RD,,,,0.00,,,ANDREW JACKSON PKWY,,,,0.00,Y,Four-Way,N,Intersection,None,,,         ,Benjamin,Cole,Clear,"Sideswipe, Opposite Direction",no,no,no,no,yes,False
101992043,METROPOLITAN NASHVILLE POLICE DEPT,20180376982,Davidson,Nashville,4/27/2018 10:45:00 PM,2,0,0,36.249390,-86.719410,E PALESTINE AV,,,,0.00,,,GALLATIN PKES,,,,0.00,Y,Four-Way, ,Intersection,None,,,         ,Reuben,Hewit,Clear,Angle,no,no,no,no,no,False
101992068,METROPOLITAN NASHVILLE POLICE DEPT,20180377085,Davidson,Nashville,4/27/2018 11:40:00 PM,1,0,0,36.094010,-86.706280,I 24,,,,0.00,,,,,,,55.05,N,Not at Intersection,N,Non-Junction,None,,,         ,Erik,Dabbs,Clear,Not Collision with Motor Vehicle in Transport,no,no,no,no,no,False
101992088,METROPOLITAN NASHVILLE POLICE DEPT,20180377342,Davidson,Nashville,4/28/2018 12:00:00 AM,2,0,0,36.169430,-86.814850,SCOVEL ST,,,,429.00,Feet,North,BEASLEY ST,,,,0.00,N,Not at Intersection,N,Non-Junction,None,,,         ,Christopher,Royer,Clear,Angle,no,no,no,no,no,False
101992142,METROPOLITAN NASHVILLE POLICE DEPT,20180377358,Davidson,Nashville,4/28/2018 1:47:00 AM,1,0,0,36.144210,-86.700270,I40 W ENT RAMP,,,,0.00,Feet,East,I 40,,,,0.00,N,Not at Intersection,Y,Entrance/Exit Ramp Related,None,,,         ,Curtis,Fisher,Clear,Not Collision with Motor Vehicle in Transport,no,no,no,no,no,False
101992143,METROPOLITAN NASHVILLE POLICE DEPT,20180377348,Davidson,Nashville,4/28/2018 1:10:00 AM,2,0,0,36.161020,-86.777200,BROADWAY,,,,0.00,Feet,,4TH AVN,,,,0.00,Y,Four-Way,N,Intersection-Related,None,,,         ,Eric,Westbrook,Clear,"Sideswipe, Same Direction",no,no,no,no,yes,False
101992144,METROPOLITAN NASHVILLE POLICE DEPT,20180377307,Davidson,Nashville,4/28/2018 2:14:00 AM,2,3,0,36.171840,-86.764770,S 5TH ST,,,,0.00,,,WOODLAND ST,,,,0.00,Y,Four-Way,N,Non-Junction,None,,,         ,Eric,Cunningham,Clear,Angle,no,no,no,no,no,False
101992146,METROPOLITAN NASHVILLE POLICE DEPT,20180377448,Davidson,Nashville,4/28/2018 3:00:00 AM,1,0,0,36.140730,-86.882850,ANNEX AV,,,,501.00,Feet,East,PREMIER DR,,,,0.00,N,Not at Intersection,N,Non-Junction,None,,,         ,Aaron,Wigginton,Clear,Not Collision with Motor Vehicle in Transport,no,no,no,no,yes,False
101992152,METROPOLITAN NASHVILLE POLICE DEPT,20180377391,Davidson,Nashville,4/28/2018 2:17:00 AM,2,2,0,36.170400,-86.768450,INTERSTATE DR,,,,1.00,Feet,North,WOODLAND ST,,,,0.00,N,Not at Intersection,Y,Non-Junction,None,,,         ,Shaquille,Graham,Clear,Angle,no,no,no,no,no,False
101992156,METROPOLITAN NASHVILLE POLICE DEPT,20180377408,Davidson,Nashville,4/28/2018 2:20:00 AM,2,0,0,36.187700,-86.775340,I 24,,,,0.00,,,,,,,47.10,N,Not at Intersection,N,Non-Junction,None,,,         ,Andrew,Delke,Clear,Front to Rear,no,no,no,no,yes,False
101992163,METROPOLITAN NASHVILLE POLICE DEPT,20180377420,Davidson,Nashville,4/28/2018 2:38:00 AM,1,0,0,36.048880,-86.656770,HICKORY HOLLOW MALL PVTDR PL,,,,252.00,Feet,East,BELL RD,,,,0.00,N,Not at Intersection,N,Non-Junction,None,,,         ,Jefferson,Hughes,Clear,Not Collision with Motor Vehicle in Transport,no,no,no,yes,no,False
101992168,BERRY HILL POLICE DEPT,18-1346,Davidson,Berry Hill,4/27/2018 9:20:00 AM,2,0,0,36.125790,-86.765870,BRANSFORD AV,,,,0.00,,,CRAIGHEAD ST,,,,0.00,Y,Four-Way,N,Intersection,None,,,         ,Rick,Willliams,Clear,Angle,no,no,no,no,no,False
101992224,METROPOLITAN NASHVILLE POLICE DEPT,20180377242,Davidson,Nashville,4/27/2018 9:30:00 PM,2,0,0,36.150210,-86.625400,BELL RD,,,,742.00,Feet,South,STEWARTS FERRY PKE,,,,0.00,N,Not at Intersection,N,Non-Junction,None,,,         ,Bridget,Griepentrog,Clear,"Sideswipe, Same Direction",no,no,no,no,no,False
101992232,METROPOLITAN NASHVILLE POLICE DEPT,20180377670,Davidson,Nashville,4/28/2018 6:47:00 AM,2,0,0,36.187150,-86.820150,CLARKSVILLE PKE,,,,500.00,Feet,West,26TH AVN,,,,0.00,N,Not at Intersection,N,Non-Junction,None,,,         ,William,Coy,Clear,Front to Rear,no,no,no,no,yes,False
101992246,METROPOLITAN NASHVILLE POLICE DEPT,20180377687,Davidson,Not in City Limit,4/28/2018 12:00:00 AM,1,0,0,36.121290,-86.979920,OLD CHARLOTTE PKE,,,,1059.00,Feet,East,OLD POND CREEK RD,,,,0.00,N,Not at Intersection, ,Non-Junction,None,,,         ,Douglas,Atwood,Unknown,Not Collision with Motor Vehicle in Transport,no,no,no,yes,yes,False
101992254,METROPOLITAN NASHVILLE POLICE DEPT,20180377685,Davidson,Nashville,4/28/2018 6:57:00 AM,2,0,0,36.152240,-86.625070,BELL RD,,,,0.00,,,STEWARTS FERRY PKE,,,,0.00,Y,Four-Way, ,Intersection-Related,None,,,         ,Bryce,Hatten,Clear,Angle,no,no,no,no,no,False
101992272,METROPOLITAN NASHVILLE POLICE DEPT,20180377479,Davidson,Nashville,4/28/2018 3:19:00 AM,2,1,0,36.094420,-86.653390,FRANKLIN LIMESTONE RD,,,,0.00,,,MURFREESBORO PKE,,,,0.00,Y,Four-Way,N,Intersection,None,,,         ,Bridget,Griepentrog,Clear,HeadOn,no,no,no,no,no,False
101992325,METROPOLITAN NASHVILLE POLICE DEPT,20180377775,Davidson,Nashville,4/28/2018 8:20:00 AM,1,1,0,36.155650,-86.789720,I40 E ENT RAMP,,,,0.00,Feet,,BROADWAY,,,,0.00,Y,Four-Way,N,Intersection-Related,None,,,         ,Justan,Vance,Clear,Not Collision with Motor Vehicle in Transport,yes,no,no,no,no,False
101992376,METROPOLITAN NASHVILLE POLICE DEPT,20180377892,Davidson,Antioch,4/28/2018 12:00:00 AM,2,0,0,36.036640,-86.612760,SPRUCEDALE DR,,,,114.00,Feet,North,SADDLECREEK WAY,,,,0.00,N,Not at Intersection, ,Non-Junction,None,,,         ,Ryan,Howard,Clear,"Sideswipe, Same Direction",no,no,no,no,yes,False
101992385,METROPOLITAN NASHVILLE POLICE DEPT,20180377885,Davidson,Nashville,4/28/2018 3:00:00 AM,2,0,0,36.077800,-86.666900,BILLINGSGATE RD,,,,20.00,Feet,West,EVERSHOLT CT,,,,0.00,N,Not at Intersection,N,Non-Junction,None,,,         ,Gerald,Gomes,Clear,"Sideswipe, Same Direction",no,no,no,no,yes,False
101992397,METROPOLITAN NASHVILLE POLICE DEPT,20180377936,Davidson,Nashville,4/28/2018 9:57:00 AM,2,0,0,36.145800,-86.871100,CHARLOTTE PKE,,,,150.00,Feet,West,WESTBORO DR,,,,0.00,N,Not at Intersection, ,Non-Junction,None,,,         ,Walter,Gray II,Clear,Front to Rear,no,no,no,no,no,False
101992404,METROPOLITAN NASHVILLE POLICE DEPT,20180377850,Davidson,Nashville,4/28/2018 9:08:00 AM,2,0,0,36.165810,-86.780330,4TH AVN,,,,0.00,,,DEADERICK ST,,,,0.00,Y,Four-Way, ,Intersection,None,,,         ,Craig,Amabile,Clear,Angle,no,no,no,no,no,False
101992428,METROPOLITAN NASHVILLE POLICE DEPT,20180377876,Davidson,Nashville,4/28/2018 9:24:00 AM,2,0,0,36.164950,-86.776090,CHURCH ST,,,,0.00,,,1ST AVN,,,,0.00,Y,Four-Way, ,Intersection-Related,None,,,         ,Daryl,Howard,Clear,"Sideswipe, Opposite Direction",no,no,no,no,no,False
101992448,METROPOLITAN NASHVILLE POLICE DEPT,20180377837,Davidson,Nashville,4/28/2018 9:00:00 AM,3,1,0,36.177260,-86.748480,N 12TH ST,,,,10.00,Feet,North,WOODLAND ST,,,,0.00,N,Not at Intersection,N,OtherLocation,None,,,         ,Joshua,Baker,Clear,Angle,no,no,no,no,no,False
101992455,Nashville Airport Police,20181574,Davidson,Nashville,4/28/2018 5:50:00 AM,1,0,0,36.136750,-86.664780,TERMINAL DR,,,,157.00,Feet,South,SATELLITE WAY,,,,0.00,N,Not at Intersection,N,Non-Junction,None,,,         ,George,Rusho,Clear,Not Collision with Motor Vehicle in Transport,no,no,no,no,no,False
101992466,METROPOLITAN NASHVILLE POLICE DEPT,20180377997,Davidson,Nashville,4/28/2018 10:47:00 AM,2,0,0,36.080370,-86.685700,ANTIOCH PKE,,,,0.00,Feet,,FRANKLIN LIMESTONE RD,,,,0.00,Y,Four-Way, ,Intersection,None,,,         ,Roderic,Williams,Clear,Front to Rear,no,no,no,no,no,False
101992467,Nashville Airport Police,2018-01580,Davidson,Nashville,4/28/2018 8:15:00 AM,1,0,0,36.130550,-86.667860,TERMINAL DR,,,,896.00,Feet,West,AIRPORT SERVICE RD,,,,0.00,N,Not at Intersection, ,Non-Junction,Construction Zone,,,         ,Steve,Matheny,Clear,Not Collision with Motor Vehicle in Transport,no,no,no,no,no,False
101992473,METROPOLITAN NASHVILLE POLICE DEPT,20180377989,Davidson,Nashville,4/28/2018 10:30:00 AM,2,0,0,36.174730,-86.614260,DODSON CHAPEL RD,,,,0.00,,,CENTRAL PKE,,,,0.00,Y,Four-Way,N,Intersection,None,,,         ,William,Mckay,Clear,Angle,no,no,no,no,no,False
101992474,METROPOLITAN NASHVILLE POLICE DEPT,20180377992,Davidson,Nashville,4/28/2018 10:39:00 AM,3,0,0,36.152190,-86.753310,I 40,,,,0.00,,,,,,,211.40,N,Not at Intersection,N,Non-Junction,None,,,         ,Michael,Brooks,Clear,Front to Rear,no,no,no,no,no,False
101992482,METROPOLITAN NASHVILLE POLICE DEPT,20180378048,Davidson,Antioch,4/28/2018 11:25:00 AM,2,2,0,36.066330,-86.588760,HOBSON PKE,,,,1056.00,Feet,South,EASTPORT CT,,,,0.00,N,Not at Intersection,N,Non-Junction,None,,,         ,Steven,Williams,Clear,Angle,no,no,no,no,no,False
101992508,METROPOLITAN NASHVILLE POLICE DEPT,20180378140,Davidson,Nashville,4/28/2018 12:22:00 PM,2,0,0,36.086580,-86.771970,FRANKLIN PKE,,,,0.00,,,HARDING PL,,,,0.00,Y,Four-Way, ,Intersection,Construction Zone,,,         ,Earl,Davis,Clear,Front to Rear,no,no,no,no,no,False
101992522,METROPOLITAN NASHVILLE POLICE DEPT,2018-0378108,Davidson,Nashville,4/28/2018 12:00:00 PM,4,1,0,36.086820,-86.775890,BATTERY LN,,,,588.00,Feet,East,CHURCHWOOD DR,,,,0.00,N,Not at Intersection,N,Non-Junction,None,,,         ,Timothy,Edwards,Clear,Front to Rear,no,no,no,no,no,False
101992523,Nashville Airport Police,2018-1576,Davidson,Nashville,4/28/2018 6:42:00 AM,1,0,0,36.124510,-86.665330,DONELSON PKE,,,,0.56,Miles,North,AIRPORT SERVICE RD,,,,0.00,N,Not at Intersection,N,Non-Junction,None,,,         ,George,Rusho,Clear,Not Collision with Motor Vehicle in Transport,no,no,no,no,no,False
101992533,METROPOLITAN NASHVILLE POLICE DEPT,20180378126,Davidson,Nashville,4/28/2018 12:00:00 AM,2,0,0,36.197740,-86.747650,CAHAL AV,,,,434.00,Feet,West,EMMETT AV,,,,0.00,N,Not at Intersection,N,Non-Junction,None,,,         ,Doyle,Price,Clear,Unknown,no,no,no,no,yes,False
101992534,METROPOLITAN NASHVILLE POLICE DEPT,20180378055,Davidson,Nashville,4/28/2018 11:30:00 AM,2,0,0,36.175270,-86.792660,MONROE ST,,,,0.00,,,ROSA L PARKS BLVD,,,,0.00,Y,OTHER, ,Non-Junction,None,,,         ,Jean,McCormack,Clear,Front to Rear,no,no,no,no,no,False
101992535,METROPOLITAN NASHVILLE POLICE DEPT,20180377938,Davidson,Nashville,4/28/2018 10:00:00 AM,2,0,0,36.185300,-86.636500,JACKSON DOWNS BLVD,,,,0.00,,,LEBANON PKE,,,,0.00,Y,T-Intersection,N,Intersection-Related,None,,,         ,Lee,Davis,Clear,Angle,no,no,no,no,no,False
101992536,METROPOLITAN NASHVILLE POLICE DEPT,20180378047,Davidson,Nashville,4/28/2018 10:52:00 AM,2,0,0,36.215800,-86.689090,MCGAVOCK PKE,,,,60.00,Feet,South,PENNINGTON BEND RD,,,,0.00,N,Not at Intersection, ,Non-Junction,None,,,         ,Lee,Davis,Clear,Angle,no,no,no,no,no,False
101992591,METROPOLITAN NASHVILLE POLICE DEPT,20180378114,Davidson,Nashville,4/28/2018 11:55:00 AM,2,2,0,36.044790,-86.724870,OLD HICKORY BLVD,,,,0.00,,,AMALIE DR,,,,0.00,Y,Four-Way,Y,Intersection-Related,None,,,         ,Samuel,Miller,Clear,Front to Rear,no,no,no,no,no,False
101992611,METROPOLITAN NASHVILLE POLICE DEPT,20180378184,Davidson,Nashville,4/28/2018 12:54:00 PM,2,0,0,36.182040,-86.607650,OLD HICKORY BLVD,,,,0.00,,,,,,,0.00,,,N,Non-Junction,None,,,         ,Cassandra,Del Bosco,Clear,Front to Rear,no,no,no,no,yes,False
101992612,METROPOLITAN NASHVILLE POLICE DEPT,20180378207,Davidson,Nashville,4/28/2018 1:30:00 PM,2,0,0,36.191730,-86.624820,LEBANON PKE,,,,0.00,,,BONNABROOK DR,,,,0.00,Y,Four-Way, ,Intersection,None,,,         ,William,Mckay,Clear,Front to Rear,no,no,no,no,no,False
101992613,METROPOLITAN NASHVILLE POLICE DEPT,20180378141,Davidson,Nashville,4/28/2018 12:20:00 PM,2,1,0,36.175720,-86.757100,S 9TH ST,,,,95.00,Feet,South,MAIN ST,,,,0.00,N,Not at Intersection,N,Non-Junction,None,,,         ,Faye,Denson,Clear,Angle,no,no,no,no,yes,False
101992616,METROPOLITAN NASHVILLE POLICE DEPT,20180378203,Davidson,Nashville,4/28/2018 1:30:00 PM,2,0,0,36.168250,-86.765780,I 24,,,,0.00,,,,,,,48.80,N,Not at Intersection,N,Non-Junction,None,,,         ,Michael,Brooks,Clear,Front to Rear,no,no,no,no,no,False
101992618,METROPOLITAN NASHVILLE POLICE DEPT,20180378205,Davidson,Nashville,4/28/2018 1:15:00 PM,2,0,0,36.214490,-86.730520,STRATFORD AV,,,,0.00,Feet,West,GALLATIN PKE,,,,0.00,N,Not at Intersection, ,Non-Junction,None,,,         ,Joshua,Baker,Clear,Angle,no,no,no,no,no,False
101992619,METROPOLITAN NASHVILLE POLICE DEPT,20180378131,Davidson,Goodlettsville,4/28/2018 12:15:00 PM,2,1,0,36.302780,-86.691880,CONFERENCE DR,,,,0.00,,,GALLATIN PKEN,,,,0.00,Y,Four-Way,N,Non-Junction,None,,,         ,Samuel,Kersten,Clear,Front to Rear,no,no,no,no,no,False
101992636,METROPOLITAN NASHVILLE POLICE DEPT,20180378217,Davidson,Nashville,4/28/2018 1:16:00 PM,2,0,0,36.180490,-86.796600,GARFIELD ST,,,,75.00,Feet,West,ROSA L PARKS BLVD,,,,0.00,N,Not at Intersection,N,Non-Junction,None,,,         ,Zachary,Goodall,Clear,Front to Rear,no,no,no,no,yes,False
101992643,METROPOLITAN NASHVILLE POLICE DEPT,20180378243,Davidson,Antioch,4/28/2018 2:05:00 PM,1,1,0,36.034990,-86.597980,MURFREESBORO PKE,,,,1589.00,Feet,West,MAXWELL RD,,,,0.00,N,Not at Intersection,N,Non-Junction,None,,,         ,Steven,Williams,Clear,Not Collision with Motor Vehicle in Transport,no,no,no,no,yes,False
101992647,METROPOLITAN NASHVILLE POLICE DEPT,2018 0378200,Davidson,Nashville,4/28/2018 1:25:00 PM,3,0,0,36.114920,-86.820950,WOODMONT BLVD,,,,68.00,Feet,East,ECHO HILL RD,,,,0.00,N,Not at Intersection, ,Non-Junction,None,,,         ,Paul,Junkmann,Cloudy,Front to Rear,no,no,no,no,no,False
101992664,METROPOLITAN NASHVILLE POLICE DEPT,20180378112,Davidson,Nashville,4/28/2018 12:04:00 PM,2,0,0,36.139820,-86.881440,ANNEX AV,,,,377.00,Feet,North,CHARLOTTE PKE,,,,0.00,N,Not at Intersection,N,Non-Junction,None,,,         ,Jack,Crouch,Clear,"Sideswipe, Opposite Direction",no,no,no,yes,yes,False
101992682,METROPOLITAN NASHVILLE POLICE DEPT,20180378176,Davidson,Nashville,4/28/2018 1:00:00 PM,2,0,0,36.164450,-86.776830,2ND AVN,,,,50.00,Feet,South,CHURCH ST,,,,0.00,N,Not at Intersection, ,OtherLocation,None,,,         ,Frank,Campbell,Clear,"Sideswipe, Same Direction",no,no,no,no,no,False
101992705,METROPOLITAN NASHVILLE POLICE DEPT,20180378136,Davidson,Nashville,4/28/2018 12:15:00 PM,2,0,0,36.132100,-86.727180,I 24,,,,0.00,,,,,,,52.00,N,Not at Intersection, ,Entrance/Exit Ramp Related,None,,,         ,Michael,Dudley,Clear,Front to Rear,no,no,no,no,yes,False
101992745,METROPOLITAN NASHVILLE POLICE DEPT,20180378259,Davidson,Nashville,4/28/2018 2:30:00 PM,2,3,0,36.207620,-86.858170,ASHLAND CITY HWY,,,,36.00,Feet,West,DRAKES BRANCH RD,,,,0.00,N,Not at Intersection,N,Non-Junction,None,,,         ,Janelle,Keslar,Clear,Front to Rear,no,no,no,no,no,False
101992747,METROPOLITAN NASHVILLE POLICE DEPT,20180378191,Davidson,Nashville,4/28/2018 1:20:00 PM,2,0,0,36.253420,-86.716660,GALLATIN PKES,,,,85.00,Feet,North,EMMITT AV,,,,0.00,N,Not at Intersection,N,Non-Junction,None,,,         ,Samuel,Kersten,Clear,Angle,no,no,no,no,no,False
101992779,TENNESSEE STATE UNIVERSITY ,18-TSU-26135,Davidson,Nashville,4/28/2018 12:45:00 PM,2,0,0,36.164750,-86.826390,33RD AVN,,,,0.00,,,ALAMEDA ST,,,,0.00,Y,OTHER,N,Non-Junction,None,,,         ,Harold,Taylor,Clear,Rear to Side,no,no,no,yes,no,False
101992781,METROPOLITAN NASHVILLE POLICE DEPT,20180378313,Davidson,Nashville,4/28/2018 3:00:00 PM,2,0,0,36.171680,-86.768360,JAMES ROBERTSON PKWY,,,,150.00,Feet,West,ELLINGTON PKWY N ENT RAMP,,,,0.00,N,Not at Intersection, ,Non-Junction,None,,,         ,Roy,Sain Jr.,Clear,Front to Rear,no,no,no,no,yes,False
101992805,METROPOLITAN NASHVILLE POLICE DEPT,20180378285,Davidson,Nashville,4/28/2018 1:13:00 PM,2,0,0,36.066820,-86.725490,NORTHCREST DR,,,,338.00,Feet,West,COTTON LN,,,,0.00,N,Not at Intersection, ,Non-Junction,None,,,         ,Akira,McSwain,Clear,Angle,no,no,no,no,no,False
101992853,METROPOLITAN NASHVILLE POLICE DEPT,20180378392,Davidson,Nashville,4/28/2018 3:43:00 PM,4,0,0,36.170490,-86.804790,I 40,,,,0.00,,,,,,,207.60,N,Not at Intersection, ,Non-Junction,None,,,         ,Thomas,Miller,Clear,"Sideswipe, Same Direction",no,no,no,no,no,False
101992854,METROPOLITAN NASHVILLE POLICE DEPT,20180378286,Davidson,Nashville,4/28/2018 2:20:00 PM,2,0,0,36.125820,-86.846490,KENNER AV,,,,0.00,,,HARDING PKE,,,,0.00,Y,Four-Way, ,,None,,,         ,John,Hoesli,,,no,no,no,no,no,False
101992861,METROPOLITAN NASHVILLE POLICE DEPT,20180378432,Davidson,Nashville,4/28/2018 3:27:00 PM,2,0,0,36.168610,-86.666660,LEBANON PKE,,,,78.00,Feet,East,J B ESTILLE DR,,,,0.00,N,Not at Intersection,N,Non-Junction,None,,,         ,Christopher,Lawson,Clear,Front to Rear,no,no,no,yes,yes,False
101992891,METROPOLITAN NASHVILLE POLICE DEPT,20180378494,Davidson,Nashville,4/28/2018 4:31:00 PM,2,0,0,36.118940,-86.726180,I 24,,,,0.00,,,,,,,53.00,N,Not at Intersection, ,Non-Junction,None,,,         ,YUNUS,ADAK,Clear,Angle,no,no,no,no,no,False
101992910,METROPOLITAN NASHVILLE POLICE DEPT,20180378367,Davidson,Nashville,4/28/2018 3:24:00 PM,2,0,0,36.241960,-86.757080,DICKERSON PKE,,,,0.00,,,DICKERSON PKE ENT RAMP,,,,0.00,Y,Four-Way, ,Intersection,None,,,         ,Michael,Thompson,Clear,Angle,no,no,no,no,no,False
101992927,METROPOLITAN NASHVILLE POLICE DEPT,20180378555,Davidson,Not in City Limit,4/28/2018 4:42:00 PM,2,2,0,36.043240,-86.959620,HIGHWAY 100,,,,294.00,Feet,West,COLLINS RD,,,,0.00,N,Not at Intersection,N,Non-Junction,None,,,         ,Adam,Reese,Clear,"Sideswipe, Same Direction",no,no,no,no,no,False
101992942,METROPOLITAN NASHVILLE POLICE DEPT,20180378664,Davidson,Nashville,4/28/2018 5:28:00 PM,2,0,0,36.160650,-86.613730,BELL RD,,,,1500.00,Feet,South,DODSON CHAPEL RD,,,,0.00,N,Not at Intersection,N,Non-Junction,None,,,         ,Tyler,Conrads,Clear,Front to Rear,no,no,no,no,no,False
101992957,METROPOLITAN NASHVILLE POLICE DEPT,20180378628,Davidson,Nashville,4/28/2018 4:16:00 PM,2,0,0,36.119670,-86.726470,I 24,,,,0.00,,,,,,,52.95,N,Not at Intersection,N,Entrance/Exit Ramp Related,None,,,         ,YUNUS,ADAK,Clear,"Sideswipe, Same Direction",no,no,no,no,yes,False
101992985,METROPOLITAN NASHVILLE POLICE DEPT,20180378283,Davidson,Nashville,4/28/2018 2:00:00 PM,3,0,0,36.037070,-86.697110,OLD HICKORY BLVD,,,,65.00,Feet,North,PRATT PROPERTY PVTDR,,,,0.00,N,Not at Intersection, ,Non-Junction,None,,,         ,Ian,Swander,Clear,Front to Rear,no,no,no,no,no,False