master_record_number,agency,agency_tracking_number,county,city,collision_date,vehicles_involved,number_injured,number_dead,latitude,longitude,roadway_name,roadway_suffix,roadway_number,roadway_local_id,distance_from_reference,miles-feet_indicator,direction_from_reference,intersection_road_name,intersection_road_name_suffix,intersection_road_number,intersection_local_id,mile_marker,intersection_indicator,intersect_type,interchange_related_indicator,relation_to_junction,work_zone_type,construction_maintenance_zone,construction_maintenance_zone_location,fatal_case_number,officer_first_name,officer_last_name,weather_condition(s),manner_of_crash,pedestrian,bicycle,scooter,parking,hitrun,mou
101994975,METROPOLITAN NASHVILLE POLICE DEPT,20180383649,Davidson,Not in City Limit,4/30/2018 5:33:00 PM,2,0,0,36.261960,-86.712290,GALLATIN PKES,,,,150.00,Feet,South,E OLD HICKORY BLVD,,,,0.00,N,Not at Intersection,N,Non-Junction,None,,,         ,Christopher,Littles,Clear,Angle,no,no,no,yes,yes,False
101994976,METROPOLITAN NASHVILLE POLICE DEPT,20180383699,Davidson,Not in City Limit,4/30/2018 5:49:00 PM,2,0,0,36.264290,-86.733220,OLD HICKORY BLVDW,,,,190.00,Feet,East,HEAD DR,,,,0.00,N,Not at Intersection, ,Non-Junction,None,,,         ,Christopher,Littles,Clear,Front to Rear,no,no,no,no,no,False
101994982,METROPOLITAN NASHVILLE POLICE DEPT,20180383521,Davidson,Nashville,4/30/2018 12:00:00 AM,2,0,0,36.161350,-86.799930,17TH AVN,,,,0.00,Feet,,JO JOHNSTON AV,,,,0.00,Y,Four-Way,N,Intersection,None,,,         ,Melvin,Taylor,Clear,"Sideswipe, Same Direction",no,no,no,no,no,False
101994983,METROPOLITAN NASHVILLE POLICE DEPT,20180383727,Davidson,Nashville,4/30/2018 12:00:00 AM,2,0,0,36.186230,-86.796150,I 65,,,,0.00,,,,,,,85.50,N,Not at Intersection, ,Non-Junction,None,,,         ,Melvin,Taylor,Clear,Front to Rear,no,no,no,no,no,False
101994984,METROPOLITAN NASHVILLE POLICE DEPT,20180383693,Davidson,Nashville,4/30/2018 5:51:00 PM,2,0,0,36.112050,-86.630250,COUCHVILLE PKE,,,,0.00,,,BELL RD,,,,0.00,Y,Y-Intersection, ,Intersection-Related,None,,,         ,Kimberly,Annson,Clear,Front to Rear,no,no,no,no,no,False
101994985,BERRY HILL POLICE DEPT,18-1384,Davidson,Berry Hill,4/30/2018 12:00:00 AM,2,0,0,36.112180,-86.767050,POWELL AV,,,,55.00,Feet,South,BRANSFORD AV,,,,0.00,N,Not at Intersection, ,,None,,,         ,John,Gleixner,,,no,no,no,no,no,False
101994992,METROPOLITAN NASHVILLE POLICE DEPT,20180383400,Davidson,Nashville,4/30/2018 3:45:00 PM,2,0,0,36.134710,-86.759910,WALSH RD,,,,122.00,Feet,West,NOLENSVILLE PKE,,,,0.00,N,Not at Intersection, ,Non-Junction,None,,,         ,David,Robberson,Clear,"Sideswipe, Same Direction",no,no,no,no,no,False
101994997,METROPOLITAN NASHVILLE POLICE DEPT,20180383676,Davidson,Nashville,4/30/2018 5:35:00 PM,2,0,0,36.158130,-86.791180,CHURCH ST,,,,2.00,Feet,East,I40 E EXT RAMP,,,,0.00,N,Not at Intersection, ,Non-Junction,None,,,         ,Darryl,Williams,Clear,Front to Rear,no,no,no,no,no,False
101995005,METROPOLITAN NASHVILLE POLICE DEPT,20180383735,Davidson,Nashville,4/30/2018 5:36:00 PM,2,0,0,36.114510,-86.724580,I 24,,,,0.00,,,,,,,53.30,N,Not at Intersection,N,Non-Junction,None,,,         ,Patrick,Martin,Clear,Front to Rear,no,no,no,no,yes,False
101995014,METROPOLITAN NASHVILLE POLICE DEPT,20180383791,Davidson,OTHER,4/30/2018 6:00:00 PM,2,0,0,36.047840,-86.612050,MURFREESBORO PKE,,,,1284.00,Feet,North,MOUNTAIN SPRINGS RD,,,,0.00,N,Not at Intersection, ,Non-Junction,None,,,         ,Eric,Keller,Clear,Front to Rear,no,no,no,no,no,False
101995016,METROPOLITAN NASHVILLE POLICE DEPT,20180383591,Davidson,Nashville,4/30/2018 5:06:00 PM,2,6,0,36.154630,-86.779160,8TH AVS,,,,0.00,,,LAFAYETTE ST,,,,0.00,Y,Roundabout,N,Non-Junction,None,,,         ,Joseph,Bingham,Clear,"Sideswipe, Same Direction",no,no,no,no,no,False
101995021,METROPOLITAN NASHVILLE POLICE DEPT,20180383779,Davidson,Nashville,4/30/2018 4:30:00 PM,2,0,0,36.156010,-86.791260,GRUNDY ST,,,,0.00,,,15TH AVN,,,,0.00,Y,T-Intersection, ,Intersection-Related,None,,,         ,Randall,Ward,Clear,Angle,no,no,no,no,no,False
101995025,METROPOLITAN NASHVILLE POLICE DEPT,20180383848,Davidson,Not in City Limit,4/30/2018 6:15:00 PM,3,0,0,36.270120,-86.793460,I 24,,,,0.00,,,,,,,41.15,N,Not at Intersection, ,Non-Junction,None,,,         ,Christopher,Littles,Clear,Front to Rear,no,no,no,no,no,False
101995027,METROPOLITAN NASHVILLE POLICE DEPT,20180383415,Davidson,Nashville,4/30/2018 3:42:00 PM,2,0,0,36.131090,-86.727020,I24 W EXT RAMP,,,,400.00,Feet,North,I24 W EXT RAMP,,,,0.00,N,Not at Intersection, ,Non-Junction,None,,,         ,Tyler,Conrads,Clear,Front to Rear,no,no,no,no,no,False
101995028,METROPOLITAN NASHVILLE POLICE DEPT,20180383512,Davidson,Nashville,4/30/2018 4:21:00 PM,2,0,0,36.153310,-86.687060,ELM HILL PKE,,,,180.00,Feet,East,ATRIUM WAY,,,,0.00,N,Not at Intersection, ,Non-Junction,None,,,         ,Tyler,Conrads,Clear,Front to Rear,no,no,no,no,no,False
101995029,METROPOLITAN NASHVILLE POLICE DEPT,20180383906,Davidson,Nashville,4/30/2018 12:00:00 AM,2,0,0,36.153740,-86.825970,FELICIA ST,,,,206.00,Feet,East,35TH AVN,,,,0.00,N,Not at Intersection,N,"Driveway, Alley Access, etc",None,,,         ,Ryan,Allen,Clear,Angle,no,no,no,no,yes,False
101995036,METROPOLITAN NASHVILLE POLICE DEPT,20180383594,Davidson,Nashville,4/30/2018 5:10:00 PM,2,1,0,36.182320,-86.745040,STRATTON AV,,,,0.00,,,N 14TH ST,,,,0.00,Y,Four-Way, ,Intersection-Related,None,,,         ,Hunter,Fikes,Clear,Angle,no,no,no,no,no,False
101995071,METROPOLITAN NASHVILLE POLICE DEPT,20180383237,Davidson,Nashville,4/30/2018 1:40:00 PM,2,0,0,36.146790,-86.766630,3RD AVS,,,,0.00,,,MILDRED SHUTE AV,,,,0.00,Y,Four-Way,N,Intersection,None,,,         ,John,Roberson,Clear,Angle,no,no,no,no,no,False
101995094,METROPOLITAN NASHVILLE POLICE DEPT,20180384044,Davidson,Nashville,4/30/2018 7:57:00 PM,1,0,0,36.150520,-86.720960,SPENCE CIR,,,,220.00,Feet,East,SPENCE LN,,,,0.00,N,Not at Intersection,N,Non-Junction,None,,,         ,Tyler,Conrads,Clear,Not Collision with Motor Vehicle in Transport,no,no,no,no,no,False
101995115,METROPOLITAN NASHVILLE POLICE DEPT,20180383910,Davidson,Nashville,4/30/2018 12:00:00 AM,2,0,0,36.176500,-86.815070,24TH AVN,,,,19.00,Feet,North,OSAGE ST,,,,0.00,N,Not at Intersection, ,Non-Junction,None,,,         ,Melvin,Taylor,Clear,Front to Rear,no,no,no,no,yes,False
101995125,METROPOLITAN NASHVILLE POLICE DEPT,20180384048,Davidson,Nashville,4/30/2018 5:20:00 PM,2,0,0,36.089650,-86.750560,GRASSMERE PK,,,,0.00,Feet,West,TROUSDALE DR,,,,0.00,N,Not at Intersection, ,,None,,,         ,Gregory,Scott,,,no,no,no,no,no,False
101995126,METROPOLITAN NASHVILLE POLICE DEPT,20180383565,Davidson,Nashville,4/30/2018 4:53:00 PM,2,0,0,36.040910,-86.774170,OLD HICKORY BLVD,,,,208.00,Feet,West,HEALTH PARK DR,,,,0.00,N,Not at Intersection, ,Non-Junction,None,,,         ,Nicholas,Carroll,Clear,Front to Rear,no,no,no,no,no,False
101995127,METROPOLITAN NASHVILLE POLICE DEPT,20180384108,Davidson,Nashville,4/30/2018 8:23:00 PM,1,0,0,36.177140,-86.817560,FINLAND ST,,,,315.00,Feet,West,25TH AVN,,,,0.00,N,Not at Intersection, ,,None,,,         ,Jason,Hogan,,,no,no,no,no,no,False
101995129,METROPOLITAN NASHVILLE POLICE DEPT,20180383950,Davidson,Nashville,4/30/2018 7:23:00 PM,2,0,0,36.162230,-86.774360,1ST AVS,,,,0.00,,,BROADWAY,,,,0.00,Y,T-Intersection, ,Intersection,None,,,         ,David,Snowden,Clear,Front to Rear,no,no,no,no,no,False
101995137,METROPOLITAN NASHVILLE POLICE DEPT,20180383673,Davidson,Not in City Limit,4/30/2018 5:43:00 PM,2,0,0,36.262210,-86.712210,GALLATIN PKES,,,,0.00,,,E OLD HICKORY BLVD,,,,0.00,Y,Four-Way, ,Intersection,None,,,         ,Kevin,Crawford,Clear,"Sideswipe, Same Direction",no,no,no,no,no,False
101995139,METROPOLITAN NASHVILLE POLICE DEPT,20180384038,Davidson,Nashville,4/30/2018 6:20:00 PM,2,0,0,36.198210,-86.837840,CLARKSVILLE PKE,,,,267.00,Feet,North,ASHLAND CITY HWY,,,,0.00,N,Not at Intersection, ,Non-Junction,None,,,         ,Samuel,Galluzzi,Clear,"Sideswipe, Same Direction",no,no,no,no,yes,False
101995147,METROPOLITAN NASHVILLE POLICE DEPT,20180383808,Davidson,Nashville,4/30/2018 6:30:00 PM,2,0,0,36.235370,-86.710770,BRILEY PKWYE,,,,77.00,Feet,West,PENNINGTON BEND RD,,,,0.00,N,Not at Intersection,N,Non-Junction,None,,,         ,Darci,Stechman,Clear,Front to Rear,no,no,no,no,yes,False
101995157,METROPOLITAN NASHVILLE POLICE DEPT,20180381293,Davidson,Nashville,4/29/2018 10:15:00 PM,2,1,0,36.151630,-86.756660,FAIN ST,,,,0.00,,,FAIRFIELD AV,,,,0.00,Y,OTHER,N,Intersection-Related,None,,,         ,Ryan,Henehan,Clear,Angle,no,no,no,no,yes,False
101995190,METROPOLITAN NASHVILLE POLICE DEPT,20180384150,Davidson,Nashville,4/30/2018 7:20:00 PM,2,2,0,36.086580,-86.771970,FRANKLIN PKE,,,,0.00,Feet,,HARDING PL,,,,0.00,Y,Four-Way,N,Intersection-Related,Maintenance Zone,Work On Shoulder Or Median,Unknown,         ,David,Robberson,Clear,Front to Rear,no,no,no,no,no,False
101995231,METROPOLITAN NASHVILLE POLICE DEPT,20180380974,Davidson,Nashville,4/29/2018 4:14:00 PM,4,0,0,36.078640,-86.765480,I 65,,,,0.00,,,,,,,77.55,N,Not at Intersection, ,Non-Junction,None,,,         ,Darryl,Williams,Clear,Front to Rear,no,no,no,no,no,False
101995246,METROPOLITAN NASHVILLE POLICE DEPT,20180383361,Davidson,Nashville,4/30/2018 3:22:00 PM,2,0,0,36.047550,-86.655930,HICKORY HOLLOW PKWY,,,,0.00,,,BELL RD,,,,0.00,Y,OTHER,N,Non-Junction,None,,,         ,Jedidayah,Merriweather,Clear,"Sideswipe, Same Direction",no,no,no,no,no,False
101995295,METROPOLITAN NASHVILLE POLICE DEPT,20180383447,Davidson,Nashville,4/30/2018 4:02:00 PM,2,0,0,36.134130,-86.725990,I24 W EXT RAMP,,,,0.00,,,I 24,,,,0.00,Y,Y-Intersection, ,,None,,,         ,Shelby,Hughes,,,no,no,no,no,no,False
101995300,METROPOLITAN NASHVILLE POLICE DEPT,20180384414,Davidson,Not in City Limit,4/30/2018 10:32:00 PM,2,0,0,36.268900,-86.683000,CHARTER VILLAGE APTS PVTDR,,,,48.00,Feet,West,RIO VISTA DR,,,,0.00,N,Not at Intersection,N,Non-Junction,None,,,         ,Craig,Amabile,Clear,Other,no,no,no,no,no,False
101995315,METROPOLITAN NASHVILLE POLICE DEPT,20180384527,Davidson,Nashville,4/29/2018 10:15:00 PM,1,0,0,36.190000,-86.752410,SHARPE AV,,,,301.00,Feet,South,ELLINGTON PKWYN,,,,0.00,N,Not at Intersection, ,Non-Junction,None,,,         ,Juan,Gonzalez,Clear,Not Collision with Motor Vehicle in Transport,no,no,no,yes,no,False
101995332,METROPOLITAN NASHVILLE POLICE DEPT,20180384467,Davidson,Nashville,4/30/2018 10:35:00 PM,2,0,0,36.169470,-86.806620,DR D B TODD JR BLVD,,,,0.00,,,JEFFERSON ST,,,,0.00,Y,Four-Way,N,Intersection,None,,,         ,Jacob,Dick,Clear,Front to Rear,no,no,no,no,no,False
101995338,METROPOLITAN NASHVILLE POLICE DEPT,20180384703,Davidson,Nashville,5/1/2018 12:25:00 AM,2,0,0,36.152120,-86.772230,LAFAYETTE ST,,,,0.00,,,DIVISION ST,,,,0.00,Y,Four-Way,N,Intersection,None,,,         ,John,Anderson,Clear,Angle,no,no,no,no,no,False
101995348,METROPOLITAN NASHVILLE POLICE DEPT,20180384726,Davidson,Antioch,4/30/2018 11:30:00 PM,2,0,0,36.035840,-86.586030,SINGING HILLS DR,,,,65.00,Feet,South,HICKORY PASS LN,,,,0.00,N,Not at Intersection, ,Non-Junction,None,,,         ,Jefferson,Hughes,Clear,"Sideswipe, Same Direction",no,no,no,no,no,False
101995357,METROPOLITAN NASHVILLE POLICE DEPT,20180384755,Davidson,Nashville,5/1/2018 12:00:00 AM,1,0,0,36.217960,-86.746560,HART LN,,,,29.00,Feet,West,ELLINGTON PKWY N ENT RAMP,,,,0.00,N,Not at Intersection,N,Non-Junction,None,,,         ,Landon,Bagwell,Clear,Unknown,no,no,no,no,yes,False
101995359,METROPOLITAN NASHVILLE POLICE DEPT,20180384905,Davidson,Nashville,5/1/2018 2:19:00 AM,2,0,0,36.131760,-86.778970,8TH AVS,,,,0.00,,,SOUTH DOUGLAS AV,,,,0.00,Y,T-Intersection,N,Non-Junction,None,,,         ,Randall,Atkinson,Clear,Angle,no,no,no,no,no,False
101995371,METROPOLITAN NASHVILLE POLICE DEPT,20180384955,Davidson,Nashville,5/1/2018 12:00:00 AM,1,0,0,36.191240,-86.745090,GALLATIN AV,,,,175.00,Feet,North,GREENWOOD AV,,,,0.00,N,Not at Intersection,N,Non-Junction,None,,,         ,Landon,Bagwell,Clear,Unknown,no,no,no,yes,yes,False
101995407,METROPOLITAN NASHVILLE POLICE DEPT,20180385279,Davidson,Nashville,5/1/2018 5:40:00 AM,2,0,0,36.216530,-86.713830,GREENLAND AV,,,,246.00,Feet,North,MURRAY PL,,,,0.00,N,Not at Intersection, ,Non-Junction,None,,,         ,Douglas,Smith,Clear,"Sideswipe, Same Direction",no,no,no,no,no,False
101995416,BERRY HILL POLICE DEPT,18-1383,Davidson,Berry Hill,4/30/2018 12:25:00 PM,2,0,0,36.125920,-86.776980,FRANKLIN PKE,,,,100.00,Feet,South,CRAIGHEAD ST,,,,0.00,N,Not at Intersection, ,Non-Junction,None,,,         ,Rick,Willliams,Clear,Front to Rear,no,no,no,no,no,False
101995423,METROPOLITAN NASHVILLE POLICE DEPT,20180385378,Davidson,Nashville,5/1/2018 6:28:00 AM,2,0,0,36.156310,-86.787310,12TH AVS,,,,113.00,Feet,South,BROADWAY,,,,0.00,N,Not at Intersection, ,Non-Junction,None,,,         ,Blake,Lutz,Clear,Angle,no,no,no,no,no,False
101995434,METROPOLITAN NASHVILLE POLICE DEPT,20180385417,Davidson,Not in City Limit,5/1/2018 6:30:00 AM,2,0,0,36.053480,-86.930680,HIGHWAY 100,,,,937.00,Feet,West,EXCHANGE CLUB GRNWY,,,,0.00,N,Not at Intersection, ,Non-Junction,None,,,         ,Douglas,Atwood,Clear,Front to Rear,no,no,no,no,no,False
101995440,METROPOLITAN NASHVILLE POLICE DEPT,20180385421,Davidson,Nashville,5/1/2018 6:30:00 AM,2,0,0,36.158240,-86.790960,CHURCH ST,,,,0.00,,,I40 W ENT RAMP,,,,0.00,Y,Four-Way, ,Intersection-Related,None,,,         ,Jon,Mcvey,Clear,Angle,no,no,no,no,no,False
101995452,METROPOLITAN NASHVILLE POLICE DEPT,20180385398,Davidson,Nashville,5/1/2018 6:55:00 AM,2,3,0,36.131520,-86.896460,CHARLOTTE PKE,,,,48.00,Feet,West,I40 E EXT RAMP,,,,0.00,N,Not at Intersection,N,Non-Junction,None,,,         ,Curtis,Rich,Clear,Front to Rear,no,no,no,no,no,False
101995458,METROPOLITAN NASHVILLE POLICE DEPT,20180385451,Davidson,Nashville,5/1/2018 7:11:00 AM,2,0,0,36.039950,-86.742520,OLD HICKORY BLVD,,,,282.00,Feet,East,EDMONDSON PKE,,,,0.00,N,Not at Intersection, ,,None,,,         ,Brian,Warstadt,,,no,no,no,no,no,False
101995470,METROPOLITAN NASHVILLE POLICE DEPT,20180385520,Davidson,Nashville,5/1/2018 8:00:00 AM,2,0,0,36.121110,-86.910840,I 40,,,,0.00,,,,,,,200.15,N,Not at Intersection, ,Non-Junction,None,,,         ,Curtis,Rich,Clear,Angle,no,no,no,no,no,False
101995472,METROPOLITAN NASHVILLE POLICE DEPT,20180385428,Davidson,Nashville,5/1/2018 6:51:00 AM,2,0,0,36.143470,-86.702660,I 40,,,,0.00,,,,,,,214.60,N,Not at Intersection,N,Non-Junction,None,,,         ,Bryce,Hatten,Clear,Front to Rear,no,no,no,no,no,False
101995479,METROPOLITAN NASHVILLE POLICE DEPT,20180385529,Davidson,Nashville,5/1/2018 7:40:00 AM,2,1,0,36.248950,-86.732280,DUE WEST AVW,,,,0.00,,,ACRE TRL,,,,0.00,Y,T-Intersection,N,Intersection,None,,,         ,Brian,Otto,Clear,Angle,no,no,no,no,no,False
101995490,METROPOLITAN NASHVILLE POLICE DEPT,20180385589,Davidson,Not in City Limit,5/1/2018 7:57:00 AM,2,0,0,36.264700,-86.711340,GALLATIN PKEN,,,,162.00,Feet,North,OLD TIME VILLAGE PVTDR,,,,0.00,N,Not at Intersection,N,Non-Junction,None,,,         ,Cyretha,Frazier,Clear,Rear to Side,no,no,no,no,yes,False
101995491,METROPOLITAN NASHVILLE POLICE DEPT,20180385581,Davidson,Nashville,5/1/2018 8:00:00 AM,2,0,0,36.138580,-86.794050,16TH AVS,,,,400.00,Feet,North,MAGNOLIA BLVD,,,,0.00,N,Not at Intersection, ,Non-Junction,None,,,         ,Jon,Mcvey,Clear,Angle,no,no,no,no,no,False
101995495,METROPOLITAN NASHVILLE POLICE DEPT,20180385502,Davidson,Goodlettsville,5/1/2018 7:30:00 AM,2,0,0,36.292900,-86.719800,I 65,,,,0.00,,,,,,,94.50,N,Not at Intersection, ,,None,,,         ,Brandon,Tennant,,,no,no,no,no,no,False
101995499,BELLE MEADE POLICE DEPT,18-0116,Davidson,Belle Meade,5/1/2018 7:35:00 AM,1,0,0,36.114990,-86.861250,DAVIDSON RD,,,,0.00,,,HARDING PKE,,,,0.00,Y,T-Intersection, ,Intersection,None,,,         ,Charles,Williams,Clear,Not Collision with Motor Vehicle in Transport,no,no,no,no,no,False
101995520,METROPOLITAN NASHVILLE POLICE DEPT,20180382255,Davidson,Nashville,4/30/2018 7:50:00 AM,2,0,0,36.176330,-86.785540,3RD AVN,,,,0.00,,,MADISON ST,,,,0.00,Y,OTHER, ,Intersection,None,,,         ,Cody,O'Quinn,Clear,Angle,no,no,no,no,no,False
101995526,METROPOLITAN NASHVILLE POLICE DEPT,20180385686,Davidson,Nashville,5/1/2018 8:34:00 AM,3,0,0,36.240010,-86.752910,I 65,,,,0.00,,,,,,,90.30,N,Not at Intersection, ,Entrance/Exit Ramp Related,None,,,         ,Brandon,Tennant,Clear,Front to Rear,no,no,no,no,no,False
101995527,METROPOLITAN NASHVILLE POLICE DEPT,20180384967,Davidson,Nashville,5/1/2018 2:45:00 AM,1,0,1,36.141480,-86.667730,I 40,,,,0.00,,,,,,,218.00,N,Not at Intersection,N,Non-Junction,None,,,18-0251  ,Kevin,Coleman,Clear,Not Collision with Motor Vehicle in Transport,yes,no,no,no,yes,False
101995543,METROPOLITAN NASHVILLE POLICE DEPT,20180385828,Davidson,Nashville,5/1/2018 8:03:00 AM,2,0,0,36.164240,-86.615780,I 40,,,,0.00,,,,,,,220.00,N,Not at Intersection, ,,None,,,         ,Steven,Folliard,,,no,no,no,no,no,False
101995544,METROPOLITAN NASHVILLE POLICE DEPT,20180385827,Davidson,Nashville,5/1/2018 9:30:00 AM,2,0,0,36.050960,-86.668950,I 24,,,,0.00,,,,,,,58.75,N,Not at Intersection, ,,None,,,         ,Steven,Williams,,,no,no,no,no,no,False
101995553,METROPOLITAN NASHVILLE POLICE DEPT,20180385681,Davidson,Nashville,5/1/2018 8:33:00 AM,2,0,0,36.150840,-86.692600,ELM HILL PKE,,,,0.00,,,SANBORN DR,,,,0.00,Y,T-Intersection,N,Non-Junction,None,,,         ,Bryce,Hatten,Clear,Angle,no,no,no,no,no,False
101995562,METROPOLITAN NASHVILLE POLICE DEPT,20180385422,Davidson,Antioch,5/1/2018 6:58:00 AM,2,1,0,36.071290,-86.577270,HOBSON PKE,,,,233.00,Feet,West,EAST WINCHESTER DR,,,,0.00,N,Not at Intersection,N,Non-Junction,None,,,         ,Jessie,Meadows,Clear,Angle,no,no,no,no,no,False
101995563,METROPOLITAN NASHVILLE POLICE DEPT,20180385580,Davidson,Antioch,5/1/2018 8:02:00 AM,2,0,0,36.049160,-86.600030,HOBSON PKE,,,,56.00,Feet,South,PIN HOOK RD,,,,0.00,N,Not at Intersection, ,Non-Junction,None,,,         ,Jessie,Meadows,Clear,Angle,no,no,no,no,no,False
101995565,METROPOLITAN NASHVILLE POLICE DEPT,20180385726,Davidson,Nashville,5/1/2018 6:53:00 AM,2,0,0,36.169800,-86.588250,I 40,,,,0.00,,,,,,,221.50,N,Not at Intersection,N,Non-Junction,None,,,         ,Terry,Denton,Clear,Front to Rear,no,no,no,no,yes,False
101995567,METROPOLITAN NASHVILLE POLICE DEPT,20180385847,Davidson,Nashville,5/1/2018 9:10:00 AM,3,0,0,36.146810,-86.742990,I 40,,,,0.00,,,,,,,212.10,N,Not at Intersection,N,Non-Junction,None,,,         ,Michael,Dance,Clear,Front to Rear,no,no,no,no,no,False
101995570,METROPOLITAN NASHVILLE POLICE DEPT,20180385871,Davidson,Nashville,5/1/2018 9:45:00 AM,3,0,0,36.108430,-86.769220,I 65,,,,0.00,,,,,,,79.60,N,Not at Intersection,N,Non-Junction,None,,,         ,Justin,Pinkelton,Clear,Front to Rear,no,no,no,no,no,False
101995573,METROPOLITAN NASHVILLE POLICE DEPT,20180385863,Davidson,Nashville,5/1/2018 9:45:00 AM,2,1,0,36.045700,-86.864090,HILLSBORO PKE,,,,707.00,Feet,South,OLD HICKORY BLVD,,,,0.00,N,Not at Intersection,N,Non-Junction,None,,,         ,Jon,Mcvey,Clear,Angle,no,no,no,no,no,False
101995575,METROPOLITAN NASHVILLE POLICE DEPT,20180385787,Davidson,Nashville,5/1/2018 9:15:00 AM,2,0,0,36.175980,-86.766380,SPRING ST,,,,18.00,Feet,East,ELLINGTON PKWYS,,,,0.00,N,Not at Intersection,N,Entrance/Exit Ramp Related,None,,,         ,Erik,Nash,Clear,Front to Rear,no,no,no,no,no,False
101995576,METROPOLITAN NASHVILLE POLICE DEPT,20180385889,Davidson,Nashville,5/1/2018 8:03:00 AM,2,0,0,36.228920,-86.591340,SAUNDERSVILLE RD,,,,0.00,,,WOODSIDE DR,,,,0.00,Y,Four-Way,Y,Intersection,None,,,         ,Bashir,Popal,Clear,Front to Rear,no,no,no,no,yes,False
101995577,METROPOLITAN NASHVILLE POLICE DEPT,20180385600,Davidson,Nashville,5/1/2018 8:05:00 AM,2,0,0,36.131920,-86.717990,MURFREESBORO PKE,,,,425.00,Feet,West,FOOTHILL CT,,,,0.00,N,Not at Intersection, ,Non-Junction,None,,,         ,Trevor,Jones,Clear,Front to Rear,no,no,no,no,no,False
101995590,METROPOLITAN NASHVILLE POLICE DEPT,20180385974,Davidson,Nashville,5/1/2018 10:13:00 AM,2,0,0,36.061300,-86.716980,MCMURRAY DR,,,,88.00,Feet,West,NOLENSVILLE PKE,,,,0.00,N,Not at Intersection, ,Non-Junction,None,,,         ,Brian,Warstadt,Clear,Angle,no,no,no,no,no,False
101995604,METROPOLITAN NASHVILLE POLICE DEPT,20180386079,Davidson,Nashville,5/1/2018 11:00:00 AM,2,0,0,36.135800,-86.725040,MURFREESBORO PKE,,,,0.00,,,SPENCE LN,,,,0.00,Y,Four-Way, ,Intersection,None,,,         ,Michael,Dance,Clear,Front to Rear,no,no,no,no,no,False
101995614,TENNESSEE STATE UNIVERSITY ,18-TSU-26761,Davidson,Nashville,5/1/2018 9:50:00 AM,2,0,0,36.163380,-86.787800,10TH AVN,,,,0.00,,,10TH CIRN,,,,0.00,Y,OTHER, ,Non-Junction,None,,,         ,Harold,Taylor,Clear,Angle,no,no,no,yes,no,False
101995624,METROPOLITAN NASHVILLE POLICE DEPT,20180385572,Davidson,Nashville,5/1/2018 7:55:00 AM,3,0,0,36.167270,-86.795780,I 40,,,,0.00,,,,,,,208.25,N,Not at Intersection,N,Non-Junction,None,,,         ,Isaac,Wood,Clear,Front to Rear,no,no,no,no,no,False
101995636,METROPOLITAN NASHVILLE POLICE DEPT,20180385894,Davidson,Nashville,5/1/2018 2:45:00 AM,1,0,0,36.141430,-86.667140,I 40,,,,0.00,,,,,,,218.00,N,Not at Intersection, ,,None,,,         ,Kevin,Coleman,,,no,no,no,no,no,False
101995657,METROPOLITAN NASHVILLE POLICE DEPT,20180386281,Davidson,Nashville,5/1/2018 12:18:00 PM,2,1,0,36.154190,-86.761970,I 40,,,,0.00,,,,,,,210.90,N,Not at Intersection,N,Non-Junction,None,,,         ,Michael,Dance,Clear,Front to Rear,no,no,no,no,yes,False
101995662,METROPOLITAN NASHVILLE POLICE DEPT,20180386077,Davidson,Nashville,5/1/2018 11:05:00 AM,2,0,0,36.047300,-86.862740,OLD HICKORY BLVD,,,,0.00,,,HILLSBORO PKE,,,,0.00,Y,Four-Way,N,Intersection,None,,,         ,James,Hill,Clear,Front to Rear,no,no,no,no,yes,False
101995700,METROPOLITAN NASHVILLE POLICE DEPT,20180386204,Davidson,Nashville,5/1/2018 11:45:00 AM,2,0,0,36.157010,-86.630600,I40 W EXT RAMP,,,,0.00,Feet,East,STEWARTS FERRY PKE,,,,0.00,N,Not at Intersection,N,Entrance/Exit Ramp Related,None,,,         ,Bashir,Popal,Clear,Front to Rear,no,no,no,no,yes,False
101995714,METROPOLITAN NASHVILLE POLICE DEPT,20180385528,Davidson,Nashville,5/1/2018 6:57:00 AM,2,0,0,36.208110,-86.859740,ASHLAND CITY HWY,,,,270.00,Feet,East,STEWARTS LN,,,,0.00,N,Not at Intersection,N,Non-Junction,None,,,         ,Victor,Alexander,Clear,"Sideswipe, Opposite Direction",no,no,no,no,no,False
101995724,METROPOLITAN NASHVILLE POLICE DEPT,20180386395,Davidson,Not in City Limit,5/1/2018 12:02:00 PM,2,0,0,36.264370,-86.711470,GALLATIN PKEN,,,,0.00,,,OLD TIME VILLAGE PVTDR,,,,0.00,,Not at Intersection,N,Non-Junction,None,,,         ,Michelle,Steidl,Clear,Front to Rear,no,no,no,no,yes,False
101995735,METROPOLITAN NASHVILLE POLICE DEPT,20180386190,Davidson,Not in City Limit,5/1/2018 11:20:00 AM,4,0,0,36.263070,-86.711920,STATE RT 45,,,,0.00,,,GALLATIN PKEN,,,,0.00,Y,Four-Way,N,Intersection,None,,,         ,Brian,Otto,Clear,Front to Rear,no,no,no,no,yes,False
101995770,METROPOLITAN NASHVILLE POLICE DEPT,20180386200,Davidson,Nashville,5/1/2018 11:45:00 AM,2,0,0,36.153300,-86.772180,4TH AVS,,,,0.00,,,ELM ST,,,,0.00,Y,Four-Way, ,Intersection,None,,,         ,Donald,Davidson,Clear,Other,no,no,no,no,no,False