master_record_number,agency,agency_tracking_number,county,city,collision_date,vehicles_involved,number_injured,number_dead,latitude,longitude,roadway_name,roadway_suffix,roadway_number,roadway_local_id,distance_from_reference,miles-feet_indicator,direction_from_reference,intersection_road_name,intersection_road_name_suffix,intersection_road_number,intersection_local_id,mile_marker,intersection_indicator,intersect_type,interchange_related_indicator,relation_to_junction,work_zone_type,construction_maintenance_zone,construction_maintenance_zone_location,fatal_case_number,officer_first_name,officer_last_name,weather_condition(s),manner_of_crash,pedestrian,bicycle,scooter,parking,hitrun,mou
101997890,GOODLETTSVILLE POLICE DEPT,18-15757,Davidson,Goodlettsville,5/3/2018 11:38:00 AM,2,0,0,36.323100,-86.707580,CARTWRIGHT ST,,,,0.00,,,LONG HOLLOW PKE,,,,0.00,Y,Four-Way, ,Intersection,None,,,         ,Daniel,Knalls,Clear,Angle,no,no,no,no,no,False
101997894,METROPOLITAN NASHVILLE POLICE DEPT,20180392761,Davidson,Nashville,5/3/2018 8:11:00 AM,2,1,0,36.143710,-86.744200,FESSLERS LN,,,,336.00,Feet,North,MURFREESBORO PKE,,,,0.00,N,Not at Intersection,N,Non-Junction,None,,,         ,Lee,Davis,Clear,Angle,no,no,no,no,no,False
101997898,METROPOLITAN NASHVILLE POLICE DEPT,20180392843,Davidson,Nashville,5/3/2018 10:16:00 AM,2,0,0,36.138440,-86.727370,I24E,,,,312.00,Feet,West,I24 W ENT RAMP,,,,0.00,N,Not at Intersection, ,Non-Junction,None,,,         ,Jessie,Meadows,Clear,Front to Rear,no,no,no,no,no,False
101997903,METROPOLITAN NASHVILLE POLICE DEPT,20180392909,Davidson,Nashville,5/3/2018 10:40:00 AM,4,2,0,36.130380,-86.727210,I24E,,,,138.00,Feet,North,I24 W ENT RAMP,,,,0.00,N,Not at Intersection,N,Non-Junction,None,,,         ,Jessie,Meadows,Clear,Front to Rear,no,no,no,no,no,False
101997904,METROPOLITAN NASHVILLE POLICE DEPT,20180393059,Davidson,Antioch,5/3/2018 11:30:00 AM,2,0,0,36.039010,-86.602550,MURFREESBORO PKE,,,,100.00,Feet,South,OLD HICKORY BLVD,,,,0.00,N,Not at Intersection,N,Non-Junction,None,,,         ,Jessie,Meadows,Clear,"Sideswipe, Same Direction",no,no,no,no,yes,False
101997914,METROPOLITAN NASHVILLE POLICE DEPT,20180392826,Davidson,Nashville,5/3/2018 10:00:00 AM,2,0,0,36.109690,-86.671460,KNAPP BLVD,,,,0.00,Feet,,DONELSON PKE,,,,0.00,Y,Four-Way,N,Intersection,None,,,         ,Eric,Wegener,Clear,Front to Rear,no,no,no,no,no,False
101997922,VANDERBILT UNIVERSITY POLICE,2018-0389938,Davidson,Nashville,5/2/2018 1:25:00 PM,2,0,0,36.141540,-86.801390,MEDICAL CENTER DR,,,,253.00,Feet,North,DIXIE PL,,,,0.00,N,Not at Intersection, ,,Construction Zone,,,         ,Eugene,Kessler,,,no,no,no,no,no,Campus
101997924,METROPOLITAN NASHVILLE POLICE DEPT,20180393071,Davidson,Nashville,5/3/2018 10:52:00 AM,1,1,0,36.129980,-86.695050,BRILEY PKWYN,,,,30.00,Feet,East,AIRWAYS BLVD,,,,0.00,N,Not at Intersection,N,Non-Junction,None,,,         ,Ronald,Bright,Clear,Not Collision with Motor Vehicle in Transport,no,no,no,no,no,False
101997936,METROPOLITAN NASHVILLE POLICE DEPT,20180393174,Davidson,Nashville,5/3/2018 12:09:00 PM,2,0,0,36.145300,-86.740570,I 40,,,,0.00,,,,,,,212.25,N,Not at Intersection, ,Non-Junction,None,,,         ,Michael,Dance,Clear,"Sideswipe, Same Direction",no,no,no,no,no,False
101997942,GOODLETTSVILLE POLICE DEPT,18-15743,Davidson,Goodlettsville,5/3/2018 9:28:00 AM,2,0,0,36.309470,-86.695640,VIETNAM VETERANS BLVD SB EXT R,,,,0.00,,,CONFERENCE DR,,,,0.00,Y,T-Intersection, ,Intersection,None,,,         ,John,Spencer,Clear,Front to Rear,no,no,no,no,no,False
101997977,METROPOLITAN NASHVILLE POLICE DEPT,20180393033,Davidson,Not in City Limit,5/3/2018 11:31:00 AM,2,1,0,36.001760,-86.650840,OLD HICKORY BLVD,,,,788.00,Feet,East,WHITTEMORE LN,,,,0.00,N,Not at Intersection, ,Non-Junction,None,,,         ,Ryan,Sherry,Clear,Angle,no,no,no,no,no,False
101997979,METROPOLITAN NASHVILLE POLICE DEPT,20180393181,Davidson,Nashville,5/3/2018 12:00:00 AM,2,0,0,36.190120,-86.825290,CLARKSVILLE PKE,,,,506.00,Feet,East,TSU CONNECTOR,,,,0.00,N,Not at Intersection,N,Non-Junction,None,,,         ,John,Petriello,Clear,"Sideswipe, Same Direction",no,no,no,no,no,False
101997980,METROPOLITAN NASHVILLE POLICE DEPT,20180393213,Davidson,Nashville,5/3/2018 12:29:00 PM,2,1,0,36.040120,-86.780740,OLD HICKORY BLVD,,,,0.00,,,I65 N ENT RAMP,,,,0.00,Y,T-Intersection,N,Intersection,None,,,         ,Jon,Mcvey,Clear,Angle,no,no,no,no,no,False
101998068,METROPOLITAN NASHVILLE POLICE DEPT,20180393336,Davidson,Nashville,5/3/2018 1:20:00 PM,2,0,0,36.147440,-86.808490,25TH AVN,,,,0.00,,,ELLISTON PL,,,,0.00,Y,Y-Intersection, ,Intersection-Related,None,,,         ,Justan,Vance,Clear,Front to Rear,no,no,no,no,no,Campus
101998074,METROPOLITAN NASHVILLE POLICE DEPT,20180393158,Davidson,Nashville,5/3/2018 12:15:00 PM,2,0,0,36.162710,-86.774620,DOWNTOWN GRNWY,,,,190.00,Feet,North,1ST AVS,,,,0.00,N,Not at Intersection, ,Non-Junction,None,,,         ,Michael,Evans,Clear,Front to Rear,no,no,no,no,no,False
101998094,METROPOLITAN NASHVILLE POLICE DEPT,20180393326,Davidson,Nashville,5/3/2018 1:31:00 PM,2,0,0,36.087190,-86.692820,HARDING PL,,,,199.00,Feet,West,ANTIOCH PKE,,,,0.00,N,Not at Intersection, ,Non-Junction,None,,,         ,Jessie,Meadows,Clear,Front to Rear,no,no,no,no,no,False
101998164,METROPOLITAN NASHVILLE POLICE DEPT,20180393423,Davidson,Nashville,5/3/2018 1:45:00 PM,2,0,0,36.053700,-86.715030,NOLENSVILLE PKE,,,,15.00,Feet,North,BREWER DR,,,,0.00,N,Not at Intersection,N,Non-Junction,None,,,         ,Jon,Mcvey,Clear,Front to Rear,no,no,no,no,yes,False
101998194,METROPOLITAN NASHVILLE POLICE DEPT,20180392543,Davidson,Nashville,5/3/2018 7:52:00 AM,2,0,0,36.211650,-86.866090,CATO RD,,,,764.00,Feet,West,JORDONIA STATION RD,,,,0.00,N,Not at Intersection,N,Non-Junction,None,,,         ,Zachary,Carter,Clear,HeadOn,no,no,no,no,no,False
101998195,METROPOLITAN NASHVILLE POLICE DEPT,20180393312,Davidson,Nashville,5/3/2018 12:50:00 PM,4,0,0,36.199720,-86.776590,I 65,,,,0.00,,,,,,,86.85,N,Not at Intersection, ,Non-Junction,None,,,         ,Jeremy,Arrington,Clear,Front to Rear,no,no,no,no,no,False
101998234,METROPOLITAN NASHVILLE POLICE DEPT,20180393504,Davidson,Nashville,5/3/2018 2:58:00 PM,2,0,0,36.158890,-86.782110,ROSA L PARKS BLVD,,,,0.00,,,BROADWAY,,,,0.00,Y,Four-Way, ,,None,,,         ,Derek,Betty,,,no,no,no,no,no,False
101998237,METROPOLITAN NASHVILLE POLICE DEPT,18-0393292,Davidson,Nashville,5/3/2018 1:02:00 PM,2,0,0,36.165190,-86.781790,DEADERICK ST,,,,75.00,Feet,West,5TH AVN,,,,0.00,N,Not at Intersection, ,Non-Junction,None,,,         ,Frank,Campbell,Clear,Angle,no,no,no,no,no,False
101998250,METROPOLITAN NASHVILLE POLICE DEPT,20180393218,Davidson,Nashville,5/3/2018 12:35:00 PM,2,0,0,36.040900,-86.779380,FRANKLIN PIKE CIR,,,,0.00,,,OLD HICKORY BLVD,,,,0.00,Y,Four-Way, ,Intersection,None,,,         ,Earl,Davis,Clear,Front to Rear,no,no,no,no,no,False
101998251,METROPOLITAN NASHVILLE POLICE DEPT,20180393509,Davidson,Nashville,5/3/2018 12:00:00 AM,2,0,0,36.169580,-86.806190,JEFFERSON ST,,,,134.00,Feet,East,DR D B TODD JR BLVD,,,,0.00,N,Not at Intersection, ,Non-Junction,None,,,         ,Melvin,Taylor,Clear,Front to Rear,no,no,no,no,no,False
101998270,METROPOLITAN NASHVILLE POLICE DEPT,20180390593,Davidson,Nashville,5/2/2018 3:58:00 PM,2,0,0,36.141900,-86.712280,I 40,,,,0.00,,,,,,,214.10,N,Not at Intersection,N,Non-Junction,None,,,         ,Russell,Ward,Clear,Front to Rear,no,no,no,no,no,False
101998274,METROPOLITAN NASHVILLE POLICE DEPT,20180393597,Davidson,Nashville,5/3/2018 3:31:00 PM,2,0,0,36.193470,-86.687170,BRILEY PKWYN,,,,375.00,Feet,North,BRILEY PKWYS,,,,0.00,N,Not at Intersection, ,Non-Junction,None,,,         ,Tyler,Adcock,Clear,Front to Rear,no,no,no,no,no,False
101998275,METROPOLITAN NASHVILLE POLICE DEPT,20180393503,Davidson,Nashville,5/3/2018 2:58:00 PM,2,0,0,36.136000,-86.725350,MURFREESBORO PKE,,,,0.00,,,I24 W ENT RAMP,,,,0.00,Y,OTHER,N,Entrance/Exit Ramp Related,None,,,         ,Patrick,Martin,Clear,Angle,no,no,no,no,yes,False
101998296,METROPOLITAN NASHVILLE POLICE DEPT,20180393466,Davidson,Nashville,5/3/2018 2:12:00 PM,3,0,0,36.232060,-86.750920,WALTON LN,,,,0.00,,,MAPLEWOOD TRC,,,,0.00,Y,OTHER, ,Non-Junction,None,,,         ,Bonita,Blue,Clear,Front to Rear,no,no,no,no,no,False
101998298,METROPOLITAN NASHVILLE POLICE DEPT,20180393561,Davidson,Nashville,5/3/2018 3:15:00 PM,2,0,0,36.126440,-86.814450,I 440,,,,0.00,,,,,,,2.30,N,Not at Intersection, ,Non-Junction,None,,,         ,Jon,Mcvey,Clear,"Sideswipe, Same Direction",no,no,no,no,no,False
101998299,METROPOLITAN NASHVILLE POLICE DEPT,20180393599,Davidson,Nashville,5/3/2018 3:33:00 PM,2,0,0,36.097950,-86.710050,ANTIOCH PKE,,,,308.00,Feet,East,MCILLWAIN PL,,,,0.00,N,Not at Intersection,N,Non-Junction,Construction Zone,Intermittent Moving Work,Activity Area,         ,William,Durham,Clear,"Sideswipe, Same Direction",no,no,no,no,no,False
101998305,VANDERBILT UNIVERSITY POLICE,20180393437,Davidson,Nashville,5/3/2018 1:40:00 PM,2,1,0,36.146270,-86.809790,WEST END AV,,,,0.00,,,NATCHEZ TRC,,,,0.00,Y,T-Intersection,N,Non-Junction,None,,,         ,Joseph,Bishop,Clear,Front to Rear,no,no,no,no,no,Campus
101998334,METROPOLITAN NASHVILLE POLICE DEPT,20180393542,Davidson,Nashville,5/3/2018 3:00:00 PM,2,0,0,36.206310,-86.774070,W TRINITY LN,,,,174.00,Feet,West,I65 N EXT RAMP,,,,0.00,N,Not at Intersection,N,Entrance/Exit Ramp Related,None,,,         ,Erik,Nash,Clear,"Sideswipe, Opposite Direction",no,no,no,no,no,False
101998336,METROPOLITAN NASHVILLE POLICE DEPT,20180393674,Davidson,Nashville,5/3/2018 12:00:00 AM,1,1,0,36.217180,-86.809480,MOORMANS ARM RD,,,,178.00,Feet,East,WALKER LN,,,,0.00,N,Not at Intersection,N,Non-Junction,None,,,         ,Melvin,Taylor,Clear,Not Collision with Motor Vehicle in Transport,no,no,no,no,yes,False
101998341,METROPOLITAN NASHVILLE POLICE DEPT,20180393767,Davidson,Not in City Limit,5/3/2018 4:30:00 PM,2,1,0,36.077500,-86.947110,BELLEVUE CTR PVTDR,,,,19.00,Feet,North,HIGHWAY 70S,,,,0.00,N,Not at Intersection,N,Non-Junction,None,,,         ,Regina,Lewis,Clear,Angle,no,no,no,no,no,False
101998361,METROPOLITAN NASHVILLE POLICE DEPT,20180393774,Davidson,Nashville,5/3/2018 4:31:00 PM,2,0,0,36.151540,-86.751600,I 40,,,,0.00,,,,,,,211.50,N,Not at Intersection, ,,None,,,         ,Thomas,Barnes,,,no,no,no,no,no,False
101998367,METROPOLITAN NASHVILLE POLICE DEPT,20180393775,Davidson,Nashville,5/3/2018 3:15:00 PM,1,0,0,36.214080,-86.687980,MCGAVOCK PKE,,,,200.00,Feet,North,PLEASANT GREEN RD,,,,0.00,N,Not at Intersection, ,Non-Junction,None,,,         ,Trenton,Searcy,Clear,Not Collision with Motor Vehicle in Transport,no,no,no,no,no,False
101998374,METROPOLITAN NASHVILLE POLICE DEPT,20180393494,Davidson,Nashville,5/3/2018 3:38:00 PM,2,1,0,36.139670,-86.822970,I 440,,,,0.00,,,,,,,0.25,N,Not at Intersection,N,Non-Junction,None,,,         ,Andrew,McCarron,Clear,Front to Rear,no,no,no,no,no,False
101998376,METROPOLITAN NASHVILLE POLICE DEPT,20180393807,Davidson,Nashville,5/3/2018 4:50:00 PM,2,0,0,36.178050,-86.644920,LEBANON PKE,,,,558.00,Feet,North,WELLINGTON SQ,,,,0.00,N,Not at Intersection, ,Non-Junction,None,,,         ,Tyler,Adcock,Clear,Front to Rear,no,no,no,no,no,False
101998396,METROPOLITAN NASHVILLE POLICE DEPT,20180393901,Davidson,Nashville,5/3/2018 5:10:00 PM,2,1,0,36.155550,-86.786810,12TH AVS,,,,0.00,,,MCGAVOCK ST,,,,0.00,Y,Four-Way,N,Intersection,None,,,         ,Derek,Betty,Clear,Angle,no,no,no,no,no,False
101998397,METROPOLITAN NASHVILLE POLICE DEPT,20180393905,Davidson,Nashville,5/3/2018 3:21:00 PM,2,0,0,36.176230,-86.779420,JEFFERSON ST,,,,984.00,Feet,West,COWAN ST,,,,0.00,N,Not at Intersection, ,Non-Junction,None,,,         ,Reginald,Pierre-Paul,Clear,"Sideswipe, Same Direction",no,no,no,no,no,False
101998403,METROPOLITAN NASHVILLE POLICE DEPT,20180393912,Davidson,Nashville,5/3/2018 12:00:00 AM,2,0,0,36.178010,-86.800770,I 65,,,,0.00,,,,,,,84.85,N,Not at Intersection, ,Non-Junction,None,,,         ,Melvin,Taylor,Clear,Front to Rear,no,no,no,no,no,False
101998405,METROPOLITAN NASHVILLE POLICE DEPT,20180393531,Davidson,Nashville,5/3/2018 3:08:00 PM,2,0,0,36.109350,-86.720100,I24 W EXT RAMP,,,,0.00,,,I24 W EXT RAMP,,,,0.00,Y,OTHER, ,Entrance/Exit Ramp Related,None,,,         ,Patrick,Martin,Clear,Angle,no,no,no,no,no,False
101998407,Nashville Airport Police,2018-01658,Davidson,Nashville,5/2/2018 12:00:00 AM,2,0,0,36.142200,-86.666600,I40 W EXT RAMP,,,,0.00,,,I 40,,,,0.00,Y,Four-Way,Y,Intersection-Related,None,,,         ,Christopher,Lueders,Clear,Front to Rear,no,no,no,no,yes,False
101998412,METROPOLITAN NASHVILLE POLICE DEPT,20180393919,Davidson,Nashville,5/3/2018 5:16:00 PM,3,0,0,36.144290,-86.695230,I 40,,,,0.00,,,,,,,215.00,N,Not at Intersection, ,Non-Junction,None,,,         ,Kimberly,Annson,Clear,Front to Rear,no,no,no,no,no,False
101998421,METROPOLITAN NASHVILLE POLICE DEPT,20180393997,Davidson,Nashville,5/3/2018 5:00:00 PM,2,0,0,36.163420,-86.755500,CRUTCHER ST,,,,270.00,Feet,West,DAVIDSON ST,,,,0.00,N,Not at Intersection,N,Non-Junction,None,,,         ,Barrett,Teague,Clear,Unknown,no,no,no,no,yes,False
101998422,METROPOLITAN NASHVILLE POLICE DEPT,20180393900,Davidson,Nashville,5/3/2018 4:48:00 PM,2,0,0,36.211820,-86.733100,HART LN,,,,166.00,Feet,East,BAXTER ST,,,,0.00,N,Not at Intersection,N,Non-Junction,None,,,         ,Joseph,Progar,Cloudy,Rear to Side,no,no,no,no,no,False
101998430,METROPOLITAN NASHVILLE POLICE DEPT,20180393947,Davidson,Nashville,5/3/2018 5:20:00 PM,2,0,0,36.230200,-86.770810,EWING DR,,,,0.00,,,HILLHURST DR,,,,0.00,Y,T-Intersection, ,Intersection,None,,,         ,Marc,Kozen,Clear,"Sideswipe, Opposite Direction",no,no,no,no,yes,False
101998431,METROPOLITAN NASHVILLE POLICE DEPT,20180394035,Davidson,Not in City Limit,5/3/2018 6:15:00 PM,2,1,0,36.264150,-86.691470,STATE RT 45,,,,0.00,,,MCARTHUR DR,,,,0.00,Y,Four-Way,N,Intersection,None,,,         ,Christopher,Littles,Clear,Angle,no,no,no,no,no,False
101998432,METROPOLITAN NASHVILLE POLICE DEPT,20180393913,Davidson,Nashville,5/3/2018 5:35:00 PM,3,1,0,36.170870,-86.601570,OLD HICKORY BLVD,,,,17.00,Feet,North,I40 W EXT RAMP,,,,0.00,N,Not at Intersection, ,Non-Junction,None,,,         ,Andrew,Brazee,Clear,Front to Rear,no,no,no,no,no,False
101998433,METROPOLITAN NASHVILLE POLICE DEPT,20180393899,Davidson,Nashville,5/3/2018 5:08:00 PM,2,0,0,36.124470,-86.728030,I440 W ENT RAMP,,,,0.00,Feet,East,I 24,,,,0.00,N,Not at Intersection, ,Non-Junction,None,,,         ,Patrick,Martin,Clear,Front to Rear,no,no,no,no,no,False
101998437,METROPOLITAN NASHVILLE POLICE DEPT,20180393880,Davidson,Nashville,5/3/2018 5:27:00 PM,2,0,0,36.148330,-86.780080,I 40,,,,0.00,,,,,,,209.80,N,Not at Intersection, ,Entrance/Exit Ramp Related,None,,,         ,Douglas,Sykes,Clear,"Sideswipe, Same Direction",no,no,no,no,no,False
101998442,METROPOLITAN NASHVILLE POLICE DEPT,20180393982,Davidson,Nashville,5/3/2018 5:09:00 PM,2,0,0,36.228380,-86.727760,GWYNN DR,,,,0.00,,,PORSHA DR,,,,0.00,Y,Four-Way, ,Intersection,None,,,         ,Christopher,Valdez,Clear,Angle,no,no,no,no,no,False
101998443,METROPOLITAN NASHVILLE POLICE DEPT,20180393780,Davidson,Not in City Limit,5/3/2018 4:15:00 PM,2,0,0,36.276820,-86.797640,I24 W EXT RAMP,,,,0.00,,,I 24,,,,0.00,Y,T-Intersection, ,,None,,,         ,Jason,Dudley,,,no,no,no,no,no,False
101998446,METROPOLITAN NASHVILLE POLICE DEPT,20180393865,Davidson,Nashville,5/3/2018 4:58:00 PM,2,0,0,36.254750,-86.715480,GALLATIN PKES,,,,118.00,Feet,South,MADISON BLVD,,,,0.00,N,Not at Intersection, ,,None,,,         ,Michael,Quinn,,,no,no,no,no,no,False
101998447,METROPOLITAN NASHVILLE POLICE DEPT,20180393846,Davidson,Nashville,5/3/2018 5:08:00 PM,2,0,0,36.113770,-86.772810,I 65,,,,0.00,,,,,,,80.00,N,Not at Intersection, ,Non-Junction,None,,,         ,Jacob,Paul,Clear,Front to Rear,no,no,no,no,no,False
101998452,METROPOLITAN NASHVILLE POLICE DEPT,20180394057,Davidson,Nashville,5/3/2018 6:07:00 PM,2,0,0,36.180230,-86.745960,ORDWAY PL,,,,191.00,Feet,West,N 14TH ST,,,,0.00,N,Not at Intersection, ,,None,,,         ,James,Smith,,,no,no,no,no,no,False
101998455,METROPOLITAN NASHVILLE POLICE DEPT,20180393759,Davidson,Nashville,5/3/2018 4:20:00 PM,2,0,0,36.084650,-86.704330,HARDING PL,,,,282.00,Feet,West,LARGO DR,,,,0.00,N,Not at Intersection,N,Non-Junction,None,,,         ,Madison,Meiss,Clear,Front to Rear,no,no,no,no,no,False
101998457,METROPOLITAN NASHVILLE POLICE DEPT,20180393275,Davidson,Nashville,5/3/2018 12:59:00 PM,2,1,0,36.156200,-86.692240,BRILEY PKWY N ENT RAMP,,,,0.00,,,BRILEY PKWYN,,,,0.00,Y,OTHER,N,Non-Junction,None,,,         ,Joshua,Hausman,Clear,"Sideswipe, Same Direction",no,no,no,no,no,False
101998464,METROPOLITAN NASHVILLE POLICE DEPT,20180393916,Davidson,Nashville,5/3/2018 5:07:00 PM,2,0,0,36.188340,-86.862630,BRILEY PKWYN,,,,318.00,Feet,South,BRILEY PKWY N ENT RAMP,,,,0.00,N,Not at Intersection, ,Non-Junction,None,,,         ,Samuel,Galluzzi,Clear,Front to Rear,no,no,no,no,no,False
101998465,METROPOLITAN NASHVILLE POLICE DEPT,20180393814,Davidson,Nashville,5/3/2018 12:00:00 AM,2,0,0,36.169230,-86.808520,JEFFERSON ST,,,,325.00,Feet,East,21ST AVN,,,,0.00,N,Not at Intersection,N,Non-Junction,None,,,         ,Christopher,Dickerson,Clear,Front to Rear,no,no,no,no,no,False
101998471,METROPOLITAN NASHVILLE POLICE DEPT,20180393946,Davidson,Nashville,5/3/2018 5:30:00 PM,2,0,0,36.144800,-86.666730,DONELSON PKE,,,,155.00,Feet,South,SHACKLETT DR,,,,0.00,N,Not at Intersection, ,Non-Junction,None,,,         ,Jonathan,Nicholson,Cloudy,"Sideswipe, Same Direction",no,no,no,no,no,False
101998474,METROPOLITAN NASHVILLE POLICE DEPT,20180394140,Davidson,Nashville,5/3/2018 7:12:00 PM,2,0,0,36.169520,-86.601340,I40 E EXT RAMP,,,,0.00,Feet,East,I 40,,,,0.00,N,Not at Intersection,N,Entrance/Exit Ramp Related,None,,,         ,Andrew,Brazee,Clear,"Sideswipe, Same Direction",no,no,no,no,yes,False
101998475,METROPOLITAN NASHVILLE POLICE DEPT,20180393986,Davidson,Not in City Limit,5/3/2018 5:57:00 PM,2,1,0,35.998060,-86.691540,NOLENSVILLE PKE,,,,653.00,Feet,West,CONCORD RD,,,,0.00,N,Not at Intersection,N,Non-Junction,None,,,         ,Jacob,Paul,Clear,Front to Rear,no,no,no,no,no,False
101998476,METROPOLITAN NASHVILLE POLICE DEPT,20180393853,Davidson,Nashville,5/3/2018 5:10:00 PM,4,0,0,36.144580,-86.743300,ELM HILL PKE,,,,219.00,Feet,East,FESSLERS LN,,,,0.00,N,Not at Intersection,N,Non-Junction,None,,,         ,Jessica,Johann,Clear,Angle,no,no,no,no,no,False
101998479,METROPOLITAN NASHVILLE POLICE DEPT,20180393930,Davidson,Nashville,5/3/2018 5:22:00 PM,4,0,0,36.149110,-86.746980,I 40,,,,0.00,,,,,,,211.80,N,Not at Intersection, ,Non-Junction,None,,,         ,Samuel,Sundra,Clear,Front to Rear,no,no,no,no,no,False
101998483,METROPOLITAN NASHVILLE POLICE DEPT,20180394138,Davidson,Nashville,5/3/2018 12:00:00 AM,2,0,0,36.194300,-86.806800,WATKINS COLLEGE PVTDR,,,,110.00,Feet,East,GREAT CIRCLE RD,,,,0.00,N,Not at Intersection, ,Non-Junction,None,,,         ,Melvin,Taylor,Clear,"Sideswipe, Opposite Direction",no,no,no,no,no,False
101998496,METROPOLITAN NASHVILLE POLICE DEPT,20180394127,Davidson,Nashville,5/3/2018 5:41:00 PM,2,0,0,36.125820,-86.846490,KENNER AV,,,,0.00,,,HARDING PKE,,,,0.00,Y,Four-Way,N,Intersection-Related,None,,,         ,Justin,Coyle,Clear,"Sideswipe, Opposite Direction",no,no,no,no,no,False
101998510,VANDERBILT UNIVERSITY POLICE,20180394061,Davidson,Nashville,5/3/2018 6:08:00 PM,2,0,0,36.141240,-86.814470,31ST AVS,,,,0.00,,,VANDERBILT PL,,,,0.00,Y,Four-Way,N,Intersection,None,,,         ,Christopher,Dion,Clear,Angle,no,no,no,no,no,Campus
101998511,METROPOLITAN NASHVILLE POLICE DEPT,20180394241,Davidson,Nashville,5/3/2018 7:49:00 PM,2,1,0,36.139400,-86.665810,I40 E ENT RAMP,,,,0.00,Feet,East,DONELSON PKE,,,,0.00,N,Not at Intersection,N,Non-Junction,None,,,         ,Kimberly,Annson,Clear,"Sideswipe, Same Direction",no,no,no,no,no,False
101998524,METROPOLITAN NASHVILLE POLICE DEPT,20180394085,Davidson,Not in City Limit,5/3/2018 4:45:00 PM,2,0,0,36.016510,-86.706560,NOLENSVILLE PKE,,,,266.00,Feet,South,HILLS CHAPEL RD,,,,0.00,N,Not at Intersection,N,Non-Junction,None,,,         ,Jacob,Paul,Clear,Front to Rear,no,no,no,no,yes,False
101998540,METROPOLITAN NASHVILLE POLICE DEPT,20180393766,Davidson,Nashville,5/3/2018 4:30:00 PM,2,0,0,36.150040,-86.791920,MUSIC SQE,,,,0.00,,,ROY ACUFF PL,,,,0.00,Y,T-Intersection,N,Non-Junction,None,,,         ,Akira,McSwain,Clear,Angle,no,no,no,no,no,False
101998541,METROPOLITAN NASHVILLE POLICE DEPT,20180394031,Davidson,Nashville,5/3/2018 5:38:00 PM,2,0,0,36.138030,-86.805050,BLAKEMORE AV,,,,0.00,,,24TH AVS,,,,0.00,Y,Four-Way, ,Non-Junction,None,,,         ,Akira,McSwain,Clear,Angle,no,no,no,no,no,Campus
101998542,METROPOLITAN NASHVILLE POLICE DEPT,20180394150,Davidson,Nashville,5/3/2018 6:45:00 PM,2,0,0,36.037360,-86.786950,OLD HICKORY BLVD,,,,113.00,Feet,West,FRANKLIN PKE,,,,0.00,N,Not at Intersection, ,Non-Junction,None,,,         ,Akira,McSwain,Clear,Angle,no,no,no,no,no,False
101998575,METROPOLITAN NASHVILLE POLICE DEPT,20180394352,Davidson,Nashville,5/3/2018 12:00:00 AM,2,0,0,36.187850,-86.818550,26TH AVN,,,,239.00,Feet,South,DOWLAN ST,,,,0.00,N,Not at Intersection, ,Non-Junction,None,,,         ,Melvin,Taylor,Clear,Front to Rear,no,no,no,yes,yes,False
101998577,METROPOLITAN NASHVILLE POLICE DEPT,20180393819,Davidson,Nashville,5/3/2018 4:55:00 PM,2,0,0,36.080430,-86.726590,NOLENSVILLE PKE,,,,309.00,Feet,North,HARDING PL,,,,0.00,N,Not at Intersection,N,Non-Junction,None,,,         ,Brandon,Hughes,Clear,Angle,no,no,no,no,yes,False
101998583,METROPOLITAN NASHVILLE POLICE DEPT,20180393724,Davidson,Not in City Limit,5/3/2018 4:22:00 PM,2,0,0,36.264120,-86.725200,OLD HICKORY BLVDW,,,,14.00,Feet,West,BEVERLY DR,,,,0.00,N,Not at Intersection, ,Non-Junction,None,,,         ,Rudy,Basaldua,Clear,Angle,no,no,no,no,no,False
101998585,METROPOLITAN NASHVILLE POLICE DEPT,20180394319,Davidson,Nashville,5/3/2018 7:44:00 PM,2,0,0,36.149290,-86.797790,DIVISION ST,,,,136.00,Feet,South,BROADWAY,,,,0.00,N,Not at Intersection,N,Non-Junction,None,,,         ,Douglas,Sykes,Clear,Other,no,no,no,no,no,False
101998590,METROPOLITAN NASHVILLE POLICE DEPT,20180393584,Davidson,Nashville,5/3/2018 3:13:00 PM,2,0,0,36.170400,-86.768450,INTERSTATE DR,,,,0.00,,,WOODLAND ST,,,,0.00,Y,Four-Way, ,Intersection,None,,,         ,Michael,Douglas,Clear,Angle,no,no,no,no,no,False
101998597,METROPOLITAN NASHVILLE POLICE DEPT,20180394219,Davidson,Nashville,5/3/2018 7:50:00 PM,2,0,0,36.078320,-86.725950,NOLENSVILLE PKE,,,,460.00,Feet,North,WALLACE RD,,,,0.00,N,Not at Intersection, ,,None,,,         ,Richard,Olive,,,no,no,no,no,no,False
101998598,METROPOLITAN NASHVILLE POLICE DEPT,20180394299,Davidson,Nashville,5/3/2018 8:39:00 PM,2,0,0,36.089600,-86.687150,HARDING PL,,,,0.00,,,,,,,0.00,,,N,Non-Junction,None,,,         ,Patrick,Martin,Clear,Front to Rear,no,no,no,yes,yes,False
101998602,METROPOLITAN NASHVILLE POLICE DEPT,20180394323,Davidson,Nashville,5/3/2018 8:55:00 PM,2,1,0,36.110290,-86.800350,GRAYBAR LN,,,,0.00,Feet,,BELMONT BLVD,,,,0.00,Y,Four-Way,N,Intersection-Related,None,,,         ,Jacob,Paul,Clear,Angle,no,no,no,no,no,False
101998606,METROPOLITAN NASHVILLE POLICE DEPT,20180393868,Davidson,Nashville,5/3/2018 5:17:00 PM,2,1,0,36.153740,-86.847850,I 40,,,,0.00,,,,,,,204.50,N,Not at Intersection,N,Non-Junction,None,,,         ,Andrew,McCarron,Clear,Front to Rear,no,no,no,no,no,False