master_record_number,agency,agency_tracking_number,county,city,collision_date,vehicles_involved,number_injured,number_dead,latitude,longitude,roadway_name,roadway_suffix,roadway_number,roadway_local_id,distance_from_reference,miles-feet_indicator,direction_from_reference,intersection_road_name,intersection_road_name_suffix,intersection_road_number,intersection_local_id,mile_marker,intersection_indicator,intersect_type,interchange_related_indicator,relation_to_junction,work_zone_type,construction_maintenance_zone,construction_maintenance_zone_location,fatal_case_number,officer_first_name,officer_last_name,weather_condition(s),manner_of_crash,pedestrian,bicycle,scooter,parking,hitrun,mou
102002115,GOODLETTSVILLE POLICE DEPT,18-16113,Davidson,Goodlettsville,5/6/2018 6:40:00 PM,3,0,0,36.309460,-86.695620,VIETNAM VETERANS BLVD SB EXT R,,,,0.00,,,CONFERENCE DR,,,,0.00,Y,T-Intersection,Y,Entrance/Exit Ramp Related,None,,,         ,William,Hunter,Cloudy,Front to Rear,no,no,no,no,no,False
102002126,METROPOLITAN NASHVILLE POLICE DEPT,20180402103,Davidson,Nashville,5/6/2018 7:48:00 PM,2,0,0,36.171900,-86.769350,INTERSTATE DR,,,,193.00,Feet,North,JAMES ROBERTSON PKWY,,,,0.00,N,Not at Intersection, ,Non-Junction,None,,,         ,Anthony,Cucci,Cloudy,Front to Rear,no,no,no,no,no,False
102002137,METROPOLITAN NASHVILLE POLICE DEPT,20180401924,Davidson,Nashville,5/6/2018 5:44:00 PM,6,1,0,36.040420,-86.745330,OLD HICKORY BLVD,,,,568.00,Feet,West,EDMONDSON PKE,,,,0.00,N,Not at Intersection,N,Non-Junction,None,,,         ,Derek,Sibley,Rain,Other,no,no,no,no,yes,False
102002145,METROPOLITAN NASHVILLE POLICE DEPT,20180402091,Davidson,Nashville,5/6/2018 7:00:00 PM,2,2,0,36.072580,-86.636860,MURFREESBORO PKE,,,,325.00,Feet,North,BELL RD,,,,0.00,N,Not at Intersection,N,Non-Junction,None,,,         ,Devonte,Coleman,Cloudy,Front to Rear,no,no,no,no,no,False
102002155,METROPOLITAN NASHVILLE POLICE DEPT,20180401641,Davidson,Nashville,5/6/2018 3:30:00 PM,2,0,0,36.121740,-86.750600,I440 E EXT RAMP,,,,0.00,,,I 440,,,,0.00,Y,OTHER, ,,None,,,         ,Derek,Sibley,,,no,no,no,no,no,False
102002168,METROPOLITAN NASHVILLE POLICE DEPT,20180402054,Davidson,Nashville,5/6/2018 6:45:00 PM,2,0,0,36.154480,-86.841030,I40 W EXT RAMP,,,,0.00,,,I 40,,,,0.00,Y,T-Intersection,Y,Intersection-Related,None,,,         ,Kelby,Dumond,Cloudy,Angle,no,no,no,no,yes,False
102002170,METROPOLITAN NASHVILLE POLICE DEPT,20180402074,Davidson,Nashville,5/6/2018 7:31:00 PM,2,1,0,36.103620,-86.729710,SOUTHLAKE DR,,,,102.00,Feet,West,HOLBROOK DR,,,,0.00,N,Not at Intersection,N,Non-Junction,None,,,         ,Jarret,Sonnenberg,Clear,Front to Rear,no,no,no,no,no,False
102002173,METROPOLITAN NASHVILLE POLICE DEPT,20180402125,Davidson,Nashville,5/6/2018 4:45:00 PM,2,1,0,36.193660,-86.831220,CLARKSVILLE PKE,,,,0.00,,,BUENA VISTA PKE,,,,0.00,Y,Four-Way,N,Intersection,None,,,         ,Jerry,Pirtle,Cloudy,Front to Rear,no,no,no,no,yes,False
102002194,METROPOLITAN NASHVILLE POLICE DEPT,20180402162,Davidson,Nashville,5/6/2018 4:34:00 PM,1,0,0,36.213390,-86.762950,DELLWAY VILLA RD,,,,468.00,Feet,East,DICKERSON PKE,,,,0.00,N,Not at Intersection,N,Non-Junction,None,,,         ,Ethan,Usherwood,Clear,Not Collision with Motor Vehicle in Transport,no,no,no,yes,yes,False
102002225,BERRY HILL POLICE DEPT,18-1473,Davidson,Berry Hill,5/6/2018 9:00:00 PM,2,0,0,36.118860,-86.774590,FRANKLIN PKE,,,,0.00,,,BERRY RD,,,,0.00,Y,Four-Way,N,Intersection,None,,,         ,Stephen,Reece,Clear,HeadOn,no,no,no,no,no,False
102002258,METROPOLITAN NASHVILLE POLICE DEPT,20180402192,Davidson,Nashville,5/6/2018 8:41:00 PM,2,3,0,36.156240,-86.790170,14TH AVN,,,,140.00,Feet,South,GRUNDY ST,,,,0.00,N,Not at Intersection,N,Non-Junction,None,,,         ,Jed,Baldoni,Clear,Front to Rear,no,no,no,no,no,False
102002264,METROPOLITAN NASHVILLE POLICE DEPT,20180402283,Davidson,Nashville,5/6/2018 9:09:00 PM,2,0,0,36.242790,-86.780460,MASONWOOD DR,,,,0.00,Feet,West,BRICK CHURCH PKE,,,,0.00,N,Not at Intersection,N,Non-Junction,None,,,         ,Peter,Vaught,Clear,Angle,no,no,no,no,no,False
102002265,METROPOLITAN NASHVILLE POLICE DEPT,20180402261,Davidson,Nashville,5/6/2018 9:16:00 PM,2,0,0,36.070450,-86.634610,MURFREESBORO PKE,,,,695.00,Feet,South,BELL RD,,,,0.00,N,Not at Intersection, ,Non-Junction,None,,,         ,Andrew,Brazee,Clear,Angle,no,no,no,no,no,False
102002268,METROPOLITAN NASHVILLE POLICE DEPT,20180402036,Davidson,Nashville,5/6/2018 6:34:00 PM,2,0,0,36.045370,-86.713260,NOLENSVILLE PKE,,,,0.00,,,OLD HICKORY BLVD,,,,0.00,Y,Four-Way,Y,Intersection,None,,,         ,Gary,Peters,Rain,Angle,no,no,no,no,yes,False
102002269,METROPOLITAN NASHVILLE POLICE DEPT,20180402160,Davidson,Nashville,5/6/2018 8:22:00 PM,1,1,0,36.139860,-86.818530,WEST END AV,,,,251.00,Feet,North,ORLEANS DR,,,,0.00,N,Not at Intersection,N,Non-Junction,None,,,         ,Randall,Ward,Clear,Not Collision with Motor Vehicle in Transport,no,no,no,no,no,False
102002295,METROPOLITAN NASHVILLE POLICE DEPT,20180402128,Davidson,Nashville,5/6/2018 8:00:00 PM,1,1,0,36.136720,-86.883470,SUMMERLY DR,,,,20.00,Feet,South,CHARLOTTE PKE,,,,0.00,N,Not at Intersection,N,Non-Junction,None,,,         ,Regina,Lewis,Rain,Not Collision with Motor Vehicle in Transport,no,no,no,no,no,False
102002349,METROPOLITAN NASHVILLE POLICE DEPT,20180402456,Davidson,Nashville,5/6/2018 11:52:00 PM,2,0,0,36.223790,-86.814220,REVELS DR,,,,191.00,Feet,East,DUNBAR DR,,,,0.00,N,Not at Intersection,N,Non-Junction,None,,,         ,John,Deiterick,Cloudy,Front to Rear,no,no,no,no,yes,False
102002372,METROPOLITAN NASHVILLE POLICE DEPT,20180402569,Davidson,Nashville,5/7/2018 12:10:00 AM,2,1,0,36.151190,-86.863100,I 40,,,,0.00,,,,,,,203.65,N,Not at Intersection,Y,Entrance/Exit Ramp Related,None,,,         ,Aaron,Wigginton,Rain,Front to Rear,no,no,no,no,no,False
102002398,METROPOLITAN NASHVILLE POLICE DEPT,20180402808,Davidson,Nashville,5/7/2018 3:09:00 AM,1,0,0,36.204730,-86.734850,MCGAVOCK PKE,,,,44.00,Feet,East,BRONTE AV,,,,0.00,N,Not at Intersection, ,Non-Junction,None,,,         ,Colin,Bleem,Clear,Not Collision with Motor Vehicle in Transport,no,no,no,no,no,False
102002399,METROPOLITAN NASHVILLE POLICE DEPT,20180402630,Davidson,Nashville,5/7/2018 12:00:00 AM,2,0,0,36.133430,-86.775290,I 65,,,,0.00,,,,,,,81.30,N,Not at Intersection,N,Non-Junction,None,,,         ,John,Tyree,Cloudy,"Sideswipe, Same Direction",no,no,no,no,yes,False
102002408,METROPOLITAN NASHVILLE POLICE DEPT,20180402829,Davidson,Nashville,5/7/2018 3:07:00 AM,1,0,0,36.165700,-86.609500,BELL RD,,,,557.00,Feet,West,ALTA LAKE GRNWY,,,,0.00,N,Not at Intersection,N,Non-Junction,None,,,         ,Benjamin,Cole,Clear,Not Collision with Motor Vehicle in Transport,no,no,no,no,no,False
102002409,METROPOLITAN NASHVILLE POLICE DEPT,20180402931,Davidson,Nashville,5/7/2018 4:13:00 AM,1,1,0,36.199660,-86.587370,CHANDLER RD,,,,1050.00,Feet,East,CHANDLER GROVE DR,,,,0.00,N,Not at Intersection,N,Non-Junction,None,,,         ,Benjamin,Cole,Clear,Not Collision with Motor Vehicle in Transport,no,no,no,no,no,False
102002410,METROPOLITAN NASHVILLE POLICE DEPT,20180402717,Davidson,Nashville,5/7/2018 2:02:00 AM,2,1,0,36.079980,-86.718480,RECOVERY RD,,,,224.00,Feet,West,HARDING PL,,,,0.00,N,Not at Intersection,N,Non-Junction,None,,,         ,Autumn,Manning,Rain,HeadOn,no,no,no,no,no,False
102002431,METROPOLITAN NASHVILLE POLICE DEPT,20180403080,Davidson,Nashville,5/7/2018 5:59:00 AM,2,1,0,36.162380,-86.778080,4TH AVN,,,,0.00,,,COMMERCE ST,,,,0.00,Y,Four-Way,N,Intersection,None,,,         ,Brenna,Hosey,Clear,Angle,no,no,no,no,no,False
102002433,METROPOLITAN NASHVILLE POLICE DEPT,20180403062,Davidson,Nashville,5/7/2018 5:28:00 AM,2,0,0,36.085330,-86.701250,I24 E ENT RAMP,,,,0.00,Feet,East,I 24,,,,0.00,N,Not at Intersection,N,Entrance/Exit Ramp Related,None,,,         ,Autumn,Manning,Clear,Front to Rear,no,no,no,no,no,False
102002439,GOODLETTSVILLE POLICE DEPT,18-16159,Davidson,Goodlettsville,5/7/2018 6:26:00 AM,2,0,0,36.309400,-86.689670,VIETNAM VETERANS BLVD SB EXT R,,,,519.00,Feet,West,VIETNAM VETERANS BLVDN,,,,0.00,N,Not at Intersection,N,Non-Junction,None,,,         ,Rico,Jones,Clear,Front to Rear,no,no,no,no,no,False
102002450,METROPOLITAN NASHVILLE POLICE DEPT,20180403099,Davidson,Nashville,5/7/2018 6:19:00 AM,2,1,0,36.152740,-86.827530,CHARLOTTE AV,,,,79.00,Feet,East,36TH AVN,,,,0.00,N,Not at Intersection,N,Non-Junction,None,,,         ,Curtis,Rich,Clear,Front to Rear,no,no,no,no,yes,False
102002457,METROPOLITAN NASHVILLE POLICE DEPT,20180403156,Davidson,Nashville,5/7/2018 7:11:00 AM,2,0,0,36.037770,-86.795270,OLD HICKORY BLVD,,,,154.00,Feet,West,BRENTWOOD BLVD,,,,0.00,N,Not at Intersection, ,,None,,,         ,Brian,Warstadt,,,no,no,no,no,no,False
102002500,METROPOLITAN NASHVILLE POLICE DEPT,20180403242,Davidson,Nashville,5/7/2018 7:44:00 AM,2,0,0,36.073210,-86.920660,OLD HICKORY BLVD,,,,25.00,Feet,North,BELLEVUE VALLEY PLAZA PVTDR,,,,0.00,N,Not at Intersection, ,Non-Junction,None,,,         ,Curtis,Rich,Clear,Angle,no,no,no,no,no,False
102002504,METROPOLITAN NASHVILLE POLICE DEPT,20180403170,Davidson,Nashville,5/7/2018 7:17:00 AM,2,0,0,36.144660,-86.744040,ELM HILL PKE,,,,0.00,,,FESSLERS LN,,,,0.00,Y,Four-Way, ,,None,,,         ,Michael,Dance,,,no,no,no,no,no,False
102002512,METROPOLITAN NASHVILLE POLICE DEPT,20180403149,Davidson,Nashville,5/7/2018 6:48:00 AM,3,0,0,36.142570,-86.737720,LANNIE BOSWELL AV,,,,0.00,,,LANNIE BOSWELL AV,,,,0.00,,T-Intersection, ,Non-Junction,None,,,         ,Michael,Dance,Clear,Not Collision with Motor Vehicle in Transport,no,no,no,no,no,False
102002518,METROPOLITAN NASHVILLE POLICE DEPT,20180403280,Davidson,Nashville,5/7/2018 8:05:00 AM,2,0,0,36.089410,-86.891330,HARDING PKE,,,,0.00,,,BROOKMONT TER,,,,0.00,Y,T-Intersection, ,Intersection,None,,,         ,Benjamin,Cantrell,Clear,Angle,no,no,no,no,no,False
102002520,METROPOLITAN NASHVILLE POLICE DEPT,20180403260,Davidson,Nashville,5/7/2018 7:45:00 AM,2,0,0,36.044820,-86.662480,BELL RD,,,,281.00,Feet,West,CANE RIDGE RD,,,,0.00,N,Not at Intersection, ,,None,,,         ,Jason,Hees,,,no,no,no,no,no,False
102002521,METROPOLITAN NASHVILLE POLICE DEPT,20180403221,Davidson,Not in City Limit,5/7/2018 7:40:00 AM,2,0,0,36.258720,-86.708360,CHERRY ST,,,,425.00,Feet,West,IDLEWILD AV,,,,0.00,N,Not at Intersection, ,"Driveway, Alley Access, etc",None,,,         ,Samuel,Kersten,Clear,Rear to Rear,no,no,no,no,no,False
102002527,METROPOLITAN NASHVILLE POLICE DEPT,2018-0403292,Davidson,Nashville,5/7/2018 7:56:00 AM,2,0,0,36.116270,-86.797680,I 440,,,,0.00,,,,,,,3.40,N,Not at Intersection, ,Non-Junction,None,,,         ,Timothy,Edwards,Clear,"Sideswipe, Same Direction",no,no,no,no,no,False
102002528,METROPOLITAN NASHVILLE POLICE DEPT,20180403404,Davidson,Nashville,5/7/2018 8:55:00 AM,2,0,0,36.116240,-86.868590,DAVIDSON RD,,,,99.00,Feet,West,SEDBERRY RD,,,,0.00,N,Not at Intersection,N,Non-Junction,None,,,         ,Curtis,Rich,Clear,Rear to Side,no,no,no,yes,no,False
102002532,METROPOLITAN NASHVILLE POLICE DEPT,20180403213,Davidson,Nashville,5/7/2018 7:39:00 AM,1,0,0,36.143640,-86.700580,I40 E EXT RAMP,,,,0.00,Feet,East,I 40,,,,0.00,N,Not at Intersection,Y,Entrance/Exit Ramp Related,None,,,         ,Chad,Turnbow,Clear,Not Collision with Motor Vehicle in Transport,no,no,no,no,no,False
102002534,METROPOLITAN NASHVILLE POLICE DEPT,20180403335,Davidson,Nashville,5/7/2018 8:23:00 AM,3,1,0,36.142750,-86.707200,I 40,,,,0.00,,,,,,,214.35,N,Not at Intersection,N,Non-Junction,None,,,         ,Michael,Dance,Clear,Front to Rear,no,no,no,no,no,False
102002535,METROPOLITAN NASHVILLE POLICE DEPT,20180403409,Davidson,Nashville,5/7/2018 8:53:00 AM,1,0,0,36.120400,-86.765720,I 440,,,,0.00,,,,,,,5.45,N,Not at Intersection, ,,None,,,         ,Justin,Pinkelton,,,no,no,no,no,no,False
102002539,METROPOLITAN NASHVILLE POLICE DEPT,20180402956,Davidson,Nashville,5/7/2018 4:45:00 AM,2,1,0,36.109450,-86.728050,BRILEY PKWYN,,,,0.00,,,BRILEY PKWYS,,,,0.00,Y,Four-Way,N,Intersection,None,,,         ,Zachary,Lang,Clear,Unknown,no,no,no,no,yes,False
102002547,METROPOLITAN NASHVILLE POLICE DEPT,20180403439,Davidson,Nashville,5/7/2018 8:51:00 AM,2,0,0,36.143150,-86.685360,I 40,,,,0.00,,,,,,,215.55,N,Not at Intersection,N,Non-Junction,None,,,         ,Michael,Dance,Clear,Front to Rear,no,no,no,no,no,False
102002548,METROPOLITAN NASHVILLE POLICE DEPT,20180403467,Davidson,Nashville,5/7/2018 9:16:00 AM,2,0,0,36.149920,-86.791940,MUSIC SQE,,,,41.00,Feet,South,ROY ACUFF PL,,,,0.00,N,Not at Intersection, ,Non-Junction,None,,,         ,Walter,Cothran,Clear,"Sideswipe, Same Direction",no,no,no,no,no,False
102002561,METROPOLITAN NASHVILLE POLICE DEPT,20180403514,Davidson,Not in City Limit,5/7/2018 9:31:00 AM,2,0,0,36.269950,-86.736620,I 65,,,,0.00,,,,,,,92.65,N,Not at Intersection, ,,None,,,         ,Michelle,Steidl,,,no,no,no,no,no,False
102002566,METROPOLITAN NASHVILLE POLICE DEPT,20180403324,Davidson,Nashville,5/7/2018 8:19:00 AM,2,1,0,36.244700,-86.746600,I 65,,,,0.00,,,,,,,90.75,N,Not at Intersection,N,Non-Junction,None,,,         ,Bobby,Samuels,Clear,Front to Rear,no,no,no,no,no,False
102002577,METROPOLITAN NASHVILLE POLICE DEPT,20180403123,Davidson,Nashville,5/7/2018 6:31:00 AM,2,0,0,36.082850,-86.710610,TAMPA DR,,,,74.00,Feet,North,HARDING PL,,,,0.00,N,Not at Intersection,N,Non-Junction,None,,,         ,Jessie,Meadows,Clear,"Sideswipe, Opposite Direction",no,no,no,no,no,False
102002578,METROPOLITAN NASHVILLE POLICE DEPT,20180403175,Davidson,Antioch,5/7/2018 7:21:00 AM,3,0,0,36.026300,-86.588210,MURFREESBORO PKE,,,,65.00,Feet,South,HICKORY WOODS DR,,,,0.00,N,Not at Intersection,N,Non-Junction,None,,,         ,Jessie,Meadows,Clear,Angle,no,no,no,no,no,False
102002580,METROPOLITAN NASHVILLE POLICE DEPT,20180403425,Davidson,Nashville,5/7/2018 9:02:00 AM,3,2,0,36.115830,-86.724950,I 24,,,,0.00,,,,,,,53.20,N,Not at Intersection,N,Non-Junction,None,,,         ,Jessie,Meadows,Clear,Front to Rear,no,no,no,no,no,False
102002589,METROPOLITAN NASHVILLE POLICE DEPT,20180403690,Davidson,Nashville,5/7/2018 10:35:00 AM,1,1,0,36.248080,-86.721250,DUE WEST AVW,,,,265.00,Feet,West,GALLATIN PKES,,,,0.00,N,Not at Intersection,N,Non-Junction,None,,,         ,Brian,Otto,Clear,Not Collision with Motor Vehicle in Transport,no,no,no,yes,no,False
102002592,METROPOLITAN NASHVILLE POLICE DEPT,20180403541,Davidson,Nashville,5/7/2018 9:45:00 AM,2,0,0,36.203860,-86.738360,GALLATIN PKE,,,,27.00,Feet,South,LELAND AV,,,,0.00,N,Not at Intersection, ,,None,,,         ,Eric,Knight,,,no,no,no,no,no,False
102002594,METROPOLITAN NASHVILLE POLICE DEPT,20180403647,Davidson,Nashville,5/7/2018 9:50:00 AM,2,0,0,36.155550,-86.810850,CHARLOTTE AV,,,,150.00,Feet,West,24TH AVN,,,,0.00,N,Not at Intersection, ,,None,,,         ,Walter,Cothran,,,no,no,no,no,no,False
102002604,METROPOLITAN NASHVILLE POLICE DEPT,20180403578,Davidson,Nashville,5/7/2018 10:06:00 AM,2,1,0,36.152800,-86.768030,LINDSLEY AV,,,,112.00,Feet,West,1ST AVS,,,,0.00,N,Not at Intersection,N,Non-Junction,None,,,         ,Tony,Folad,Clear,"Sideswipe, Opposite Direction",no,no,no,no,no,False
102002606,METROPOLITAN NASHVILLE POLICE DEPT,20180403447,Davidson,Nashville,5/7/2018 8:25:00 AM,2,0,0,36.156780,-86.787020,BROADWAY,,,,153.00,Feet,East,12TH AVS,,,,0.00,N,Not at Intersection,N,Non-Junction,None,,,         ,Destiny,Zunic,Clear,Front to Rear,no,no,no,no,no,False
102002635,METROPOLITAN NASHVILLE POLICE DEPT,20180403692,Davidson,Nashville,5/7/2018 10:38:00 AM,2,1,0,36.154170,-86.812490,25TH AVN,,,,0.00,,,PARK PLZ,,,,0.00,Y,T-Intersection, ,Non-Junction,None,,,         ,Walter,Cothran,Clear,Angle,no,no,no,no,no,False
102002636,METROPOLITAN NASHVILLE POLICE DEPT,20180403797,Davidson,Nashville,5/7/2018 11:10:00 AM,2,0,0,36.126830,-86.772700,I 65,,,,0.00,,,,,,,80.85,N,Not at Intersection, ,Non-Junction,None,,,         ,Justin,Pinkelton,Clear,"Sideswipe, Same Direction",no,no,no,no,no,False
102002637,METROPOLITAN NASHVILLE POLICE DEPT,20180403119,Davidson,Nashville,5/7/2018 6:41:00 AM,2,1,0,36.038210,-86.800900,OLD HICKORY BLVD,,,,0.00,,,WESTPARK DR,,,,0.00,Y,T-Intersection,Y,Intersection,None,,,         ,Samuel,Miller,Clear,Angle,no,no,no,no,no,False
102002638,METROPOLITAN NASHVILLE POLICE DEPT,20180403502,Davidson,Nashville,5/7/2018 9:35:00 AM,1,1,0,36.033370,-86.768830,CLOVERLAND DR,,,,300.00,Feet,North,JONES PKWY,,,,0.00,N,Not at Intersection,N,Non-Junction,None,,,         ,Samuel,Miller,Clear,Not Collision with Motor Vehicle in Transport,no,no,no,no,no,False
102002648,METROPOLITAN NASHVILLE POLICE DEPT,20180403662,Davidson,Nashville,5/7/2018 10:25:00 AM,1,0,1,36.152750,-86.755110,I 40,,,,0.00,,,,,,,211.30,N,Not at Intersection,N,Non-Junction,None,,,18-0403  ,William,Waters,Clear,Not Collision with Motor Vehicle in Transport,no,no,no,no,no,False
102002655,METROPOLITAN NASHVILLE POLICE DEPT,2018-0403152,Davidson,Nashville,5/7/2018 7:07:00 AM,2,0,0,36.154370,-86.801530,20TH AVN,,,,0.00,,,STATE ST,,,,0.00,Y,T-Intersection, ,Intersection,None,,,         ,Erik,Wagner,Clear,Angle,no,no,no,no,no,False
102002656,METROPOLITAN NASHVILLE POLICE DEPT,2018-0403434,Davidson,Nashville,5/7/2018 8:01:00 AM,2,0,0,36.045040,-86.724310,OLD HICKORY BLVD,,,,189.00,Feet,East,AMALIE DR,,,,0.00,N,Not at Intersection,N,Non-Junction,None,,,         ,Erik,Wagner,Clear,Front to Rear,no,no,no,no,yes,False
102002657,METROPOLITAN NASHVILLE POLICE DEPT,2018-0403516,Davidson,Nashville,5/7/2018 9:38:00 AM,2,0,0,36.038420,-86.783540,OLD HICKORY BLVD,,,,32.00,Feet,West,I65 S EXT RAMP,,,,0.00,N,Not at Intersection, ,Non-Junction,None,,,         ,Erik,Wagner,Clear,Angle,no,no,no,no,no,False
102002676,METROPOLITAN NASHVILLE POLICE DEPT,20180403984,Davidson,Nashville,5/7/2018 12:30:00 PM,2,0,0,36.183390,-86.748560,GALLATIN AV,,,,13.00,Feet,North,W EASTLAND AV,,,,0.00,N,Not at Intersection, ,,None,,,         ,Erik,Nash,,,no,no,no,no,no,False
102002685,METROPOLITAN NASHVILLE POLICE DEPT,20180403730,Davidson,Nashville,5/7/2018 10:20:00 AM,2,0,0,36.176730,-86.772310,SPRING ST,,,,0.00,,,I24 W EXT RAMP,,,,0.00,Y,T-Intersection,Y,Entrance/Exit Ramp Related,None,,,         ,William,Vincion,Clear,Front to Rear,no,no,no,no,no,False
102002695,METROPOLITAN NASHVILLE POLICE DEPT,20180403684,Davidson,Nashville,5/7/2018 9:03:00 AM,2,0,0,36.237810,-86.785900,I 24,,,,0.00,,,,,,,43.60,N,Not at Intersection, ,Non-Junction,None,,,         ,Bobby,Samuels,Clear,"Sideswipe, Same Direction",no,no,no,no,no,False
102002714,METROPOLITAN NASHVILLE POLICE DEPT,20180404019,Davidson,Not in City Limit,5/7/2018 11:45:00 AM,2,0,0,36.269190,-86.756160,OLD HICKORY BLVD,,,,0.00,,,,,,,0.00,,, ,Non-Junction,None,,,         ,Travis,Baxter,Clear,"Sideswipe, Same Direction",no,no,no,yes,no,False
102002716,METROPOLITAN NASHVILLE POLICE DEPT,20180404025,Davidson,Nashville,5/7/2018 12:54:00 PM,2,0,0,36.158500,-86.760450,I 24,,,,0.00,,,,,,,49.55,N,Not at Intersection, ,Non-Junction,None,,,         ,Michael,Dance,Clear,"Sideswipe, Same Direction",no,no,no,no,no,False
102002725,METROPOLITAN NASHVILLE POLICE DEPT,20180404067,Davidson,Not in City Limit,5/7/2018 1:00:00 PM,2,0,0,36.081700,-86.957110,HIGHWAY 70S,,,,0.00,,,I40 W EXT RAMP,,,,0.00,Y,T-Intersection, ,Entrance/Exit Ramp Related,None,,,         ,Curtis,Rich,Clear,Front to Rear,no,no,no,no,no,False
102002726,METROPOLITAN NASHVILLE POLICE DEPT,20180404065,Davidson,Nashville,5/7/2018 1:06:00 PM,2,0,0,36.138030,-86.805050,BLAKEMORE AV,,,,0.00,,,24TH AVS,,,,0.00,Y,Four-Way, ,,None,,,         ,Walter,Cothran,,,no,no,no,no,no,Campus
102002730,METROPOLITAN NASHVILLE POLICE DEPT,20180403910,Davidson,Nashville,5/7/2018 11:24:00 AM,2,0,0,36.123930,-86.781320,VAULX LN,,,,0.00,,,INVERNESS AV,,,,0.00,Y,Four-Way, ,,None,,,         ,Justin,Pinkelton,,,no,no,no,no,no,False
102002733,Nashville Airport Police,18-01647,Davidson,Nashville,5/3/2018 7:11:00 AM,1,0,0,36.131660,-86.665390,TERMINAL DR,,,,915.00,Feet,North,DONELSON PKE S ENT RAMP,,,,0.00,N,Not at Intersection,N,Non-Junction,Construction Zone,Other,Activity Area,         ,Delphia,Murphy,Clear,Not Collision with Motor Vehicle in Transport,no,no,no,no,no,False
102002736,METROPOLITAN NASHVILLE POLICE DEPT,20180403304,Davidson,Nashville,5/7/2018 8:15:00 AM,3,0,0,36.192310,-86.779230,I 65,,,,0.00,,,,,,,86.35,N,Not at Intersection,N,Non-Junction,None,,,         ,Patrick,Taylor,Clear,Front to Rear,no,no,no,no,yes,False
102002737,METROPOLITAN NASHVILLE POLICE DEPT,20180403718,Davidson,Nashville,5/4/2018 12:00:00 PM,2,0,0,36.112510,-86.714430,DRUMMOND DR,,,,170.00,Feet,West,CARLYLE PL,,,,0.00,N,Not at Intersection,N,Non-Junction,None,,,         ,Jessie,Meadows,Clear,"Sideswipe, Opposite Direction",no,no,no,yes,yes,False
102002738,METROPOLITAN NASHVILLE POLICE DEPT,20180403850,Davidson,Nashville,5/7/2018 11:45:00 AM,1,0,0,36.109560,-86.728590,THOMPSON LN,,,,166.00,Feet,West,BRILEY PKWYN,,,,0.00,N,Not at Intersection, ,Non-Junction,None,,,         ,Jessie,Meadows,Clear,Not Collision with Motor Vehicle in Transport,no,no,no,no,no,False
102002739,VANDERBILT UNIVERSITY POLICE,20180404110,Davidson,Nashville,5/7/2018 12:00:00 AM,2,0,0,36.139430,-86.804120,CHILDRENS WAY,,,,0.00,,,,,,,0.00,,Not at Intersection,N,Non-Junction,None,,,         ,Karl,Haury,Clear,Unknown,no,no,no,yes,yes,Campus
102002742,METROPOLITAN NASHVILLE POLICE DEPT,20180403834,Davidson,Nashville,5/7/2018 11:33:00 AM,1,1,0,36.229670,-86.738800,BROADMOOR DR,,,,256.00,Feet,West,GRAYCROFT AV,,,,0.00,N,Not at Intersection,N,Non-Junction,None,,,         ,Nicholas,Silinsky,Clear,Not Collision with Motor Vehicle in Transport,no,no,no,no,no,False
102002752,METROPOLITAN NASHVILLE POLICE DEPT,2018-0403803,Davidson,Nashville,5/7/2018 11:26:00 AM,2,0,0,36.157440,-86.770530,HERMITAGE AV,,,,0.00,,,PEABODY ST,,,,0.00,Y,Four-Way, ,Intersection-Related,None,,,         ,Michael,Schlegel,Clear,"Sideswipe, Same Direction",no,no,no,no,no,False
102002771,METROPOLITAN NASHVILLE POLICE DEPT,20180404106,Davidson,Nashville,5/7/2018 1:30:00 PM,2,0,0,36.089030,-86.643510,NASHBORO BLVD,,,,313.00,Feet,West,LONGHUNTER CT,,,,0.00,N,Not at Intersection, ,Non-Junction,None,,,         ,Michael,Dance,Clear,Front to Rear,no,no,no,no,no,False
102002774,METROPOLITAN NASHVILLE POLICE DEPT,20180404010,Davidson,Nashville,5/7/2018 11:07:00 AM,2,0,0,36.098610,-86.659380,MURFREESBORO PKE,,,,0.00,,,HARDING PL,,,,0.00,Y,T-Intersection,N,Intersection-Related,None,,,         ,Alex,Moore,Clear,Front to Rear,no,no,no,no,no,False
102002788,METROPOLITAN NASHVILLE POLICE DEPT,20180404027,Davidson,Not in City Limit,5/7/2018 12:45:00 PM,2,0,0,36.321050,-86.867470,WHITES CREEK PKE,,,,0.00,,,GIFFORD PL,,,,0.00,Y,Four-Way,N,Intersection,None,,,         ,Zachary,Goodall,Clear,Other,no,no,no,no,no,False
102002789,METROPOLITAN NASHVILLE POLICE DEPT,20180403933,Davidson,Nashville,5/7/2018 11:59:00 AM,3,1,0,36.133360,-86.726890,I24E,,,,69.00,Feet,East,I24 W EXT RAMP,,,,0.00,N,Not at Intersection,N,Non-Junction,None,,,         ,Jessie,Meadows,Clear,Front to Rear,no,no,no,no,no,False
102002790,METROPOLITAN NASHVILLE POLICE DEPT,20180404030,Davidson,Nashville,5/7/2018 1:50:00 PM,2,0,0,36.075080,-86.693170,I 24,,,,0.00,,,,,,,56.55,N,Not at Intersection, ,Non-Junction,None,,,         ,Jessie,Meadows,Clear,"Sideswipe, Same Direction",no,no,no,no,no,False