master_record_number,agency,agency_tracking_number,county,city,collision_date,vehicles_involved,number_injured,number_dead,latitude,longitude,roadway_name,roadway_suffix,roadway_number,roadway_local_id,distance_from_reference,miles-feet_indicator,direction_from_reference,intersection_road_name,intersection_road_name_suffix,intersection_road_number,intersection_local_id,mile_marker,intersection_indicator,intersect_type,interchange_related_indicator,relation_to_junction,work_zone_type,construction_maintenance_zone,construction_maintenance_zone_location,fatal_case_number,officer_first_name,officer_last_name,weather_condition(s),manner_of_crash,pedestrian,bicycle,scooter,parking,hitrun,mou
102002792,METROPOLITAN NASHVILLE POLICE DEPT,2018-0403949,Davidson,Nashville,5/7/2018 12:16:00 PM,2,0,0,36.105290,-86.766970,I65 N ENT RAMP,,,,0.00,Feet,East,I 65,,,,0.00,N,Not at Intersection, ,Entrance/Exit Ramp Related,Unknown,,,         ,Timothy,Edwards,Clear,"Sideswipe, Same Direction",no,no,no,no,no,False
102002806,METROPOLITAN NASHVILLE POLICE DEPT,20180403873,Davidson,Nashville,5/7/2018 11:53:00 AM,3,0,0,36.107450,-86.768550,I 65,,,,0.00,,,,,,,79.55,N,Not at Intersection,N,Non-Junction,None,,,         ,Raymond,Flaherty,Clear,Front to Rear,no,no,no,no,no,False
102002834,METROPOLITAN NASHVILLE POLICE DEPT,20180404215,Davidson,Nashville,5/7/2018 2:30:00 PM,2,1,0,36.164200,-86.763090,I 24,,,,0.00,,,,,,,49.15,N,Not at Intersection,N,Non-Junction,None,,,         ,Daryl,Howard,Clear,Front to Rear,no,no,no,no,no,False
102002841,METROPOLITAN NASHVILLE POLICE DEPT,20180404253,Davidson,Nashville,5/7/2018 2:40:00 PM,2,0,0,36.149080,-86.782950,I 40,,,,0.00,,,,,,,209.65,N,Not at Intersection, ,Non-Junction,None,,,         ,Conor,Cronin,Clear,Angle,no,no,no,no,no,False
102002847,METROPOLITAN NASHVILLE POLICE DEPT,20180404270,Davidson,Not in City Limit,5/7/2018 2:44:00 PM,2,1,0,36.264040,-86.689880,STATE RT 45,,,,200.00,Feet,East,MYATT DR,,,,0.00,N,Not at Intersection, ,Non-Junction,None,,,         ,Christopher,Littles,Clear,Front to Rear,no,no,no,no,no,False
102002848,METROPOLITAN NASHVILLE POLICE DEPT,20180404309,Davidson,Not in City Limit,5/7/2018 2:48:00 PM,2,0,0,36.265780,-86.711050,GALLATIN PKEN,,,,50.00,Feet,South,DULING AV,,,,0.00,N,Not at Intersection,N,Non-Junction,None,,,         ,Christopher,Littles,Clear,"Sideswipe, Same Direction",no,no,no,no,yes,False
102002857,METROPOLITAN NASHVILLE POLICE DEPT,0404340,Davidson,Nashville,5/7/2018 3:11:00 PM,2,0,0,36.162680,-86.830290,ALBION ST,,,,0.00,,,CLARE AV,,,,0.00,Y,T-Intersection, ,,None,,,         ,Matthew,Dixon,,,no,no,no,no,no,False
102002858,BELLE MEADE POLICE DEPT,18-0127,Davidson,Belle Meade,5/7/2018 1:49:00 PM,3,0,0,36.122310,-86.851320,LYNNWOOD BLVD,,,,0.00,,,HILLWOOD BLVD,,,,0.00,Y,Four-Way,N,Intersection-Related,None,,,         ,Wes,Bowker,Clear,Front to Rear,no,no,no,no,no,False
102002875,METROPOLITAN NASHVILLE POLICE DEPT,20180404307,Davidson,Nashville,5/7/2018 2:53:00 PM,3,0,0,36.144780,-86.739710,I 40,,,,0.00,,,,,,,212.30,N,Not at Intersection, ,Non-Junction,None,,,         ,Samuel,Sundra,Clear,Front to Rear,no,no,no,no,no,False
102002919,METROPOLITAN NASHVILLE POLICE DEPT,20180404561,Davidson,Not in City Limit,5/7/2018 4:23:00 PM,3,0,0,36.263350,-86.683090,STATE RT 45,,,,652.00,Feet,West,RIO VISTA DR,,,,0.00,N,Not at Intersection,N,Non-Junction,None,,,         ,Christopher,Littles,Clear,Front to Rear,no,no,no,no,yes,False
102002921,METROPOLITAN NASHVILLE POLICE DEPT,20180404441,Davidson,Nashville,5/7/2018 2:52:00 PM,2,0,0,36.209300,-86.622930,OLD HICKORY BLVD,,,,395.00,Feet,South,RACHELS LN,,,,0.00,N,Not at Intersection, ,Non-Junction,None,,,         ,Jaby,Djabbarov,Clear,Front to Rear,no,no,no,no,no,False
102002922,METROPOLITAN NASHVILLE POLICE DEPT,20180404432,Davidson,Nashville,5/7/2018 3:04:00 PM,2,2,0,36.045850,-86.713320,NOLENSVILLE PKE,,,,175.00,Feet,North,OLD HICKORY BLVD,,,,0.00,N,Not at Intersection,N,Non-Junction,None,,,         ,Nicholas,Carroll,Clear,Angle,no,no,no,no,no,False
102002924,METROPOLITAN NASHVILLE POLICE DEPT,20180404298,Davidson,Nashville,5/7/2018 3:01:00 PM,2,1,0,36.221870,-86.761610,DICKERSON PKE,,,,67.00,Feet,North,HART LN,,,,0.00,N,Not at Intersection,N,Non-Junction,None,,,         ,Cody,Jaworski,Clear,Front to Rear,no,no,no,no,no,False
102002925,METROPOLITAN NASHVILLE POLICE DEPT,20180404572,Davidson,Nashville,5/7/2018 4:32:00 PM,2,0,0,36.167130,-86.663450,DONELSON PKE,,,,0.00,,,,,,,0.00,,Not at Intersection, ,Non-Junction,None,,,         ,Brian,Smith,Clear,Angle,no,no,no,no,no,False
102002926,METROPOLITAN NASHVILLE POLICE DEPT,20180404500,Davidson,Nashville,5/7/2018 4:09:00 PM,1,1,0,36.069290,-86.919220,OLD HICKORY BLVD,,,,699.00,Feet,West,GLENWAY CT,,,,0.00,N,Not at Intersection,N,Non-Junction,None,,,         ,Jeremy,Huffine,Clear,Not Collision with Motor Vehicle in Transport,no,no,no,no,no,False
102002928,METROPOLITAN NASHVILLE POLICE DEPT,20180404442,Davidson,Nashville,5/7/2018 3:35:00 PM,2,0,0,36.124230,-86.745200,I 440,,,,0.00,,,,,,,6.55,N,Not at Intersection,N,Non-Junction,None,,,         ,Randall,Ward,Clear,Front to Rear,no,no,no,no,yes,False
102002939,METROPOLITAN NASHVILLE POLICE DEPT,20180404591,Davidson,Nashville,5/7/2018 4:41:00 PM,2,0,0,36.166840,-86.787140,ROSA L PARKS BLVD,,,,107.00,Feet,South,JAMES ROBERTSON PKWY,,,,0.00,N,Not at Intersection, ,Non-Junction,None,,,         ,Kevin,Johnson,Clear,"Sideswipe, Same Direction",no,no,no,no,no,False
102002941,METROPOLITAN NASHVILLE POLICE DEPT,2018-0404547,Davidson,Nashville,5/7/2018 4:19:00 PM,2,1,0,36.092930,-86.679760,HARDING PL,,,,228.00,Feet,East,AIRPARK CENTER DR,,,,0.00,N,Not at Intersection,N,Non-Junction,None,,,         ,Kevin,Keating,Clear,Front to Rear,no,no,no,no,no,False
102002949,METROPOLITAN NASHVILLE POLICE DEPT,20180404699,Davidson,Nashville,5/7/2018 5:20:00 PM,2,1,0,36.163680,-86.762120,I24 W EXT RAMP,,,,0.00,Feet,East,I 24,,,,0.00,N,Not at Intersection, ,Non-Junction,None,,,         ,Michael,Moss,Clear,Front to Rear,no,no,no,no,no,False
102002950,METROPOLITAN NASHVILLE POLICE DEPT,20180404634,Davidson,Nashville,5/7/2018 4:30:00 PM,2,0,0,36.139780,-86.823650,MURPHY RD,,,,0.00,,,I440 E EXT RAMP,,,,0.00,Y,OTHER, ,Entrance/Exit Ramp Related,None,,,         ,Robert,Crow,Clear,Front to Rear,no,no,no,no,no,False
102002952,METROPOLITAN NASHVILLE POLICE DEPT,20180404719,Davidson,Nashville,5/7/2018 5:01:00 PM,3,0,0,36.239230,-86.723780,GALLATIN PKES,,,,100.00,Feet,North,GALLATIN PKE,,,,0.00,N,Not at Intersection,N,Non-Junction,None,,,         ,Christopher,Littles,Clear,Front to Rear,no,no,no,no,no,False
102002954,METROPOLITAN NASHVILLE POLICE DEPT,20180404649,Davidson,Nashville,5/7/2018 12:00:00 AM,1,0,0,36.183010,-86.843110,DOLAN RD,,,,152.00,Feet,East,CROWE DR,,,,0.00,N,Not at Intersection, ,Non-Junction,None,,,         ,Melvin,Taylor,Clear,Not Collision with Motor Vehicle in Transport,no,no,no,no,yes,False
102002961,METROPOLITAN NASHVILLE POLICE DEPT,20180404454,Davidson,Nashville,5/7/2018 3:46:00 PM,3,5,0,36.059860,-86.716360,NOLENSVILLE PKE,,,,84.00,Feet,South,STRASSER DR,,,,0.00,N,Not at Intersection,N,Non-Junction,None,,,         ,Ryan,Storm,Clear,Front to Rear,no,no,no,no,no,False
102002966,METROPOLITAN NASHVILLE POLICE DEPT,20180404642,Davidson,Nashville,5/7/2018 5:00:00 PM,2,0,0,36.219620,-86.727430,ARDEE AV,,,,0.00,,,GALLATIN PKE,,,,0.00,Y,Four-Way, ,Intersection-Related,None,,,         ,Alexander,Georgeson,Clear,Front to Rear,no,no,no,no,no,False
102002986,METROPOLITAN NASHVILLE POLICE DEPT,20180404507,Davidson,Nashville,5/7/2018 2:45:00 PM,3,0,0,36.153880,-86.763170,I24 W ENT RAMP,,,,0.00,Feet,East,I 40,,,,0.00,N,Not at Intersection,N,Non-Junction,None,,,         ,Darci,Stechman,Clear,Front to Rear,no,no,no,no,no,False
102002990,METROPOLITAN NASHVILLE POLICE DEPT,20180404582,Davidson,Nashville,5/7/2018 4:37:00 PM,3,1,0,36.142350,-86.743000,MURFREESBORO PKE,,,,53.00,Feet,West,POLK AV,,,,0.00,N,Not at Intersection,N,Non-Junction,None,,,         ,Ciarra,Rench,Clear,Front to Rear,no,no,no,no,no,False
102002991,METROPOLITAN NASHVILLE POLICE DEPT,20180404641,Davidson,Nashville,5/7/2018 4:58:00 PM,2,0,0,36.199930,-86.825350,BUENA VISTA PKE,,,,348.00,Feet,East,MATTIE ST,,,,0.00,N,Not at Intersection,N,Non-Junction,None,,,         ,Sara,Lober,Clear,Angle,no,no,no,no,no,False
102003010,METROPOLITAN NASHVILLE POLICE DEPT,20180404770,Davidson,Nashville,5/7/2018 5:48:00 PM,2,0,0,36.195890,-86.752600,ELLINGTON PKWYS,,,,218.00,Feet,North,ELLINGTON PKWYN,,,,0.00,N,Not at Intersection, ,Non-Junction,None,,,         ,Christopher,Valdez,Clear,Angle,no,no,no,no,no,False
102003011,METROPOLITAN NASHVILLE POLICE DEPT,20180404793,Davidson,Nashville,5/7/2018 5:14:00 PM,2,1,0,36.152320,-86.791660,DIVISION ST,,,,0.00,,,16TH AVS,,,,0.00,Y,Roundabout,Y,Intersection,None,,,         ,Gary,Peters,Clear,Angle,no,no,no,no,no,False
102003012,METROPOLITAN NASHVILLE POLICE DEPT,20180404612,Davidson,Nashville,5/7/2018 4:45:00 PM,2,1,0,36.076590,-86.634880,DAVENPORT DR,,,,0.00,,,BELL RD,,,,0.00,Y,Four-Way,N,Intersection,None,,,         ,Dontaveous,Eubanks,Clear,Other,no,no,no,no,no,False
102003034,METROPOLITAN NASHVILLE POLICE DEPT,20180404913,Davidson,Not in City Limit,5/7/2018 6:20:00 PM,2,0,0,36.073150,-86.925050,OLD HARDING PKE,,,,577.00,Feet,West,OLD HARDING PKE RAMP,,,,0.00,N,Not at Intersection, ,"Driveway, Alley Access, etc",None,,,         ,Wade,Johnson,Clear,Angle,no,no,no,no,no,False
102003038,METROPOLITAN NASHVILLE POLICE DEPT,20180404951,Davidson,Nashville,5/7/2018 6:58:00 PM,2,1,0,36.248600,-86.719950,GALLATIN PKES,,,,228.00,Feet,North,DUE WEST AVE,,,,0.00,N,Not at Intersection,N,OtherLocation,None,,,         ,Christopher,Littles,Clear,Angle,no,no,no,yes,no,False
102003097,METROPOLITAN NASHVILLE POLICE DEPT,20180405196,Davidson,Goodlettsville,5/7/2018 8:04:00 PM,2,0,0,36.296960,-86.702240,GLEAVES ST,,,,100.00,Feet,East,MCHENRY CENTER PVTDR,,,,0.00,N,Not at Intersection,N,Non-Junction,None,,,         ,Christopher,Littles,Clear,Angle,no,no,no,no,yes,False
102003098,METROPOLITAN NASHVILLE POLICE DEPT,20180405040,Davidson,Not in City Limit,5/7/2018 7:31:00 PM,1,1,0,36.063060,-86.927760,BELLE GLEN DR,,,,120.00,Feet,North,BELLEVUE RD,,,,0.00,N,Not at Intersection,N,Non-Junction,None,,,         ,Wade,Johnson,Clear,Not Collision with Motor Vehicle in Transport,no,no,no,no,no,False
102003106,METROPOLITAN NASHVILLE POLICE DEPT,20180404433,Davidson,Nashville,5/7/2018 3:43:00 PM,2,0,0,36.081660,-86.760430,HARDING PL,,,,405.00,Feet,East,SIDCO DR,,,,0.00,N,Not at Intersection, ,Non-Junction,None,,,         ,Ryan,Storm,Clear,Angle,no,no,no,no,no,False
102003180,METROPOLITAN NASHVILLE POLICE DEPT,20180404587,Davidson,Nashville,5/7/2018 4:35:00 PM,2,0,0,36.170340,-86.679010,MCGAVOCK PKE,,,,0.00,,,,,,,0.00,,Not at Intersection,N,Non-Junction,None,,,         ,Jessica,Johann,Clear,Rear to Rear,no,no,no,yes,yes,False
102003191,BELLE MEADE POLICE DEPT,18-0125,Davidson,Belle Meade,5/7/2018 4:37:00 PM,1,1,0,36.105690,-86.857520,BELLE MEADE BLVD,,,,0.00,,,,,,,0.00,,Y-Intersection,N,Non-Junction,None,,,         ,Chris,Roark,Clear,Not Collision with Motor Vehicle in Transport,no,no,no,no,no,False
102003239,METROPOLITAN NASHVILLE POLICE DEPT,20180404983,Davidson,Nashville,5/7/2018 3:40:00 PM,2,0,0,36.154820,-86.791620,BROADWAY,,,,426.00,Feet,East,16TH AVS,,,,0.00,N,Not at Intersection, ,Non-Junction,None,,,         ,John,Roberson,Clear,Front to Rear,no,no,no,no,no,False
102003255,METROPOLITAN NASHVILLE POLICE DEPT,20180404493,Davidson,Nashville,5/7/2018 3:15:00 PM,3,1,0,36.125310,-86.805610,HILLSBORO PKE,,,,0.00,,,ENCLAVE AT HILLSBORO VILLAGE P,,,,0.00,Y,Four-Way,N,Non-Junction,None,,,         ,Darryl,Williams,Clear,Front to Rear,no,no,no,no,yes,False
102003281,METROPOLITAN NASHVILLE POLICE DEPT,20180405328,Davidson,Nashville,5/7/2018 9:00:00 PM,1,0,0,36.142840,-86.650650,I 40,,,,0.00,,,,,,,217.45,N,Not at Intersection,N,Non-Junction,None,,,         ,Marvis,Malone,Clear,Not Collision with Motor Vehicle in Transport,no,no,no,no,no,False
102003336,METROPOLITAN NASHVILLE POLICE DEPT,20180405721,Davidson,Nashville,5/8/2018 12:30:00 AM,1,0,0,36.118430,-86.841600,WOODMONT BLVD,,,,0.00,Feet,South,WOODMONT CIR,,,,0.00,N,Not at Intersection, ,Non-Junction,None,,,         ,Aaron,Wigginton,Clear,Not Collision with Motor Vehicle in Transport,no,no,no,no,no,False
102003345,METROPOLITAN NASHVILLE POLICE DEPT,20180405905,Davidson,Not in City Limit,5/8/2018 2:15:00 AM,1,0,0,36.272720,-86.725470,RONNIE RD,,,,0.00,,,,,,,0.00,,,Y,Intersection-Related,None,,,         ,Bryant,Presley,Clear,Not Collision with Motor Vehicle in Transport,no,no,no,no,yes,False
102003371,METROPOLITAN NASHVILLE POLICE DEPT,20180405671,Davidson,Nashville,5/8/2018 12:27:00 AM,1,0,0,36.198180,-86.614280,MONA DR,,,,88.00,Feet,East,TERRY LN,,,,0.00,N,Not at Intersection,N,Non-Junction,None,,,         ,Leonard,Spadavecchia,Clear,Not Collision with Motor Vehicle in Transport,no,no,no,no,no,False
102003378,METROPOLITAN NASHVILLE POLICE DEPT,20180405811,Davidson,Nashville,5/8/2018 1:05:00 AM,2,0,0,36.038900,-86.672710,HICKORY PARK DR,,,,138.00,Feet,South,BELL TRACE DR,,,,0.00,N,Not at Intersection,N,Non-Junction,None,,,         ,Jefferson,Hughes,Clear,Angle,no,no,no,no,no,False
102003392,METROPOLITAN NASHVILLE POLICE DEPT,20180405809,Davidson,Nashville,5/8/2018 1:11:00 AM,2,0,0,36.086910,-86.648680,MURFREESBORO PKE,,,,0.00,,,UNA ANTIOCH PKE,,,,0.00,Y,Four-Way, ,Intersection-Related,None,,,         ,William,Williams,Clear,"Sideswipe, Opposite Direction",no,no,no,no,no,False
102003419,METROPOLITAN NASHVILLE POLICE DEPT,20180405826,Davidson,Nashville,5/8/2018 1:49:00 AM,2,0,0,36.046490,-86.660750,I 24,,,,0.00,,,,,,,59.30,N,Not at Intersection, ,,None,,,         ,Sharissa,Perez,,,no,no,no,no,no,False
102003453,METROPOLITAN NASHVILLE POLICE DEPT,20180406513,Davidson,Nashville,5/8/2018 7:12:00 AM,2,0,0,36.167880,-86.692510,LEBANON PKE,,,,0.00,,,COTTAGE LN,,,,0.00,Y,T-Intersection,N,Intersection,None,,,         ,Michael,Dance,Clear,Front to Rear,no,no,no,no,no,False
102003456,METROPOLITAN NASHVILLE POLICE DEPT,20180406526,Davidson,Not in City Limit,5/8/2018 7:22:00 AM,2,0,0,36.076950,-87.028960,I 40,,,,0.00,,,,,,,192.05,N,Not at Intersection, ,Non-Junction,None,,,         ,Curtis,Rich,Clear,Front to Rear,no,no,no,no,no,False
102003474,GOODLETTSVILLE POLICE DEPT,18-16288,Davidson,Goodlettsville,5/8/2018 7:45:00 AM,2,0,0,36.299980,-86.711850,I 65,,,,0.00,,,,,,,95.15,N,Not at Intersection, ,Non-Junction,None,,,         ,Rico,Jones,Clear,Front to Rear,no,no,no,no,no,False
102003478,METROPOLITAN NASHVILLE POLICE DEPT,20180406527,Davidson,Nashville,5/7/2018 12:00:00 AM,2,0,0,36.161180,-86.834930,ALAMEDA ST,,,,202.00,Feet,North,PRESTON TAYLOR PL,,,,0.00,N,Not at Intersection, ,Non-Junction,None,,,         ,William,Loucks Jr.,Clear,Unknown,no,no,no,no,yes,False
102003486,METROPOLITAN NASHVILLE POLICE DEPT,20180406529,Davidson,Nashville,5/8/2018 7:19:00 AM,2,0,0,36.155650,-86.789720,14TH AVS,,,,0.00,,,BROADWAY,,,,0.00,Y,Four-Way, ,Intersection,None,,,         ,James,Hill,Clear,Angle,no,no,no,no,no,False
102003506,VANDERBILT UNIVERSITY POLICE,2018-0392994,Davidson,Nashville,5/3/2018 11:00:00 AM,2,0,0,36.139530,-86.803990,PIERCE AV,,,,0.00,,,,,,,0.00,,, ,Non-Junction,None,,,         ,Eugene,Kessler,Cloudy,Other,no,no,no,yes,no,Campus
102003511,METROPOLITAN NASHVILLE POLICE DEPT,20180406506,Davidson,Nashville,5/8/2018 7:11:00 AM,2,2,0,36.101120,-86.660430,OLD MURFREESBORO PKE,,,,965.00,Feet,North,MURFREESBORO PKE,,,,0.00,N,Not at Intersection,N,Non-Junction,None,,,         ,Jessie,Meadows,Clear,Front to Rear,no,no,no,no,no,False
102003512,METROPOLITAN NASHVILLE POLICE DEPT,20180406598,Davidson,Nashville,5/8/2018 7:57:00 AM,2,0,0,36.060710,-86.650680,PIPPIN DR,,,,0.00,Feet,East,TOOK DR,,,,0.00,N,Not at Intersection,N,Non-Junction,None,,,         ,Jessie,Meadows,Clear,Rear to Side,no,no,no,no,yes,False
102003516,METROPOLITAN NASHVILLE POLICE DEPT,20180406656,Davidson,Nashville,5/8/2018 8:12:00 AM,2,0,0,36.044400,-86.780220,I65 N ENT RAMP,,,,0.00,Feet,East,I 65,,,,0.00,N,Not at Intersection, ,Non-Junction,None,,,         ,Brian,Warstadt,Clear,"Sideswipe, Same Direction",no,no,no,no,no,False
102003518,METROPOLITAN NASHVILLE POLICE DEPT,20180406669,Davidson,Nashville,5/8/2018 8:33:00 AM,2,0,0,36.158060,-86.877010,ROBERTSON AV,,,,0.00,,,JAMES AV,,,,0.00,Y,Four-Way,N,Intersection,None,,,         ,Curtis,Rich,Clear,Angle,no,no,no,no,no,False
102003526,METROPOLITAN NASHVILLE POLICE DEPT,20180406640,Davidson,Nashville,5/8/2018 8:05:00 AM,2,0,0,36.040030,-86.781260,I65 N EXT RAMP,,,,0.00,,,OLD HICKORY BLVD,,,,0.00,Y,OTHER, ,Entrance/Exit Ramp Related,None,,,         ,Earl,Davis,Clear,Front to Rear,no,no,no,no,no,False
102003527,METROPOLITAN NASHVILLE POLICE DEPT,20180406622,Davidson,Nashville,5/8/2018 8:02:00 AM,2,0,0,36.169250,-86.680870,LEBANON PKE,,,,294.00,Feet,West,MCGAVOCK PKE,,,,0.00,N,Not at Intersection, ,Non-Junction,Utility Zone,,,         ,Michael,Dance,Clear,"Sideswipe, Same Direction",no,no,no,no,no,False
102003531,METROPOLITAN NASHVILLE POLICE DEPT,20180406655,Davidson,Nashville,5/8/2018 8:10:00 AM,2,0,0,36.142620,-86.708690,I 40,,,,0.00,,,,,,,214.30,N,Not at Intersection, ,Non-Junction,None,,,         ,Larry,Benz,Clear,Front to Rear,no,no,no,no,no,False
102003532,VANDERBILT UNIVERSITY POLICE,18-0406504,Davidson,Nashville,5/8/2018 6:55:00 AM,2,0,0,36.138220,-86.807140,BLAKEMORE AV,,,,0.00,,,25TH AVS,,,,0.00,Y,T-Intersection, ,Intersection,None,,,         ,Michael,Knupp,Clear,"Sideswipe, Same Direction",no,no,no,no,no,Campus
102003533,METROPOLITAN NASHVILLE POLICE DEPT,20180406642,Davidson,Nashville,5/8/2018 7:48:00 AM,1,0,0,36.215300,-86.763940,DICKERSON PKE,,,,0.00,,,LEMUEL RD,,,,0.00,Y,T-Intersection,N,Intersection,None,,,         ,Doyle,Price,Clear,Not Collision with Motor Vehicle in Transport,no,no,no,no,no,False
102003538,METROPOLITAN NASHVILLE POLICE DEPT,20180406769,Davidson,Nashville,5/8/2018 8:32:00 AM,2,0,0,36.123130,-86.807140,I 440,,,,0.00,,,,,,,2.65,N,Not at Intersection, ,Non-Junction,None,,,         ,James,Hill,Clear,Front to Rear,no,no,no,no,no,False
102003551,METROPOLITAN NASHVILLE POLICE DEPT,20180406820,Davidson,Not in City Limit,5/8/2018 9:30:00 AM,2,0,0,36.019220,-86.625680,I 24,,,,0.00,,,,,,,62.15,N,Not at Intersection,N,Non-Junction,None,,,         ,Steven,Williams,Clear,Front to Rear,no,no,no,no,no,False
102003555,METROPOLITAN NASHVILLE POLICE DEPT,20180406614,Davidson,Nashville,5/8/2018 7:34:00 AM,3,0,0,36.173790,-86.594880,TULIP GROVE RD,,,,482.00,Feet,North,CENTRAL PKE,,,,0.00,N,Not at Intersection, ,Non-Junction,None,,,         ,Michael,Dance,Clear,Front to Rear,no,no,no,no,no,False
102003556,GOODLETTSVILLE POLICE DEPT,18-16290,Davidson,Goodlettsville,5/8/2018 7:37:00 AM,3,0,0,36.325900,-86.714010,N MAIN ST,,,,53.00,Feet,South,OLD BRICK CHURCH PKE,,,,0.00,N,Not at Intersection, ,Non-Junction,None,,,         ,Daniel,Knalls,Clear,Front to Rear,no,no,no,no,yes,False
102003557,GOODLETTSVILLE POLICE DEPT,18-16289,Davidson,Goodlettsville,5/8/2018 7:38:00 AM,3,1,0,36.325940,-86.714020,N MAIN ST,,,,39.00,Feet,South,OLD BRICK CHURCH PKE,,,,0.00,N,Not at Intersection,N,Non-Junction,None,,,         ,Daniel,Knalls,Clear,Front to Rear,no,no,no,no,yes,False
102003568,METROPOLITAN NASHVILLE POLICE DEPT,20180406678,Davidson,Nashville,5/8/2018 8:15:00 AM,2,0,0,36.164510,-86.781060,5TH AVN,,,,0.00,,,UNION ST,,,,0.00,Y,Four-Way,N,Intersection,None,,,         ,William,Vincion,Clear,Angle,no,no,no,no,no,False
102003574,METROPOLITAN NASHVILLE POLICE DEPT,20180406717,Davidson,Nashville,5/8/2018 8:03:00 AM,1,0,0,36.114800,-86.647230,COUCHVILLE PKE,,,,0.00,,,,,,,0.00,,,N,Non-Junction,None,,,         ,Cassandra,Del Bosco,Clear,Not Collision with Motor Vehicle in Transport,no,no,no,no,yes,False
102003596,METROPOLITAN NASHVILLE POLICE DEPT,20180406770,Davidson,Nashville,5/8/2018 8:48:00 AM,2,0,0,36.116750,-86.879930,DAVIDSON RD,,,,37.00,Feet,East,VOSSWOOD DR,,,,0.00,N,Not at Intersection, ,Non-Junction,None,,,         ,Gardiner,Bradley,Clear,Front to Rear,no,no,no,no,no,False
102003606,METROPOLITAN NASHVILLE POLICE DEPT,20180406780,Davidson,Nashville,5/8/2018 8:52:00 AM,2,2,0,36.114550,-86.918570,I 40,,,,0.00,,,,,,,199.55,N,Not at Intersection,N,Non-Junction,None,,,         ,Benjamin,Cantrell,Clear,Front to Rear,no,no,no,no,no,False
102003607,METROPOLITAN NASHVILLE POLICE DEPT,20180406861,Davidson,Nashville,5/8/2018 9:23:00 AM,2,1,0,36.174190,-86.604230,CENTRAL PKE,,,,0.00,,,SHURGARD WAY,,,,0.00,Y,T-Intersection,N,Intersection,None,,,         ,Ty,Cummings,Clear,Angle,no,no,no,no,no,False
102003610,METROPOLITAN NASHVILLE POLICE DEPT,20180407053,Davidson,Not in City Limit,5/8/2018 10:33:00 AM,2,0,0,36.109390,-86.925560,I40 W ENT RAMP,,,,0.00,,East,I 40,,,,0.00,N,Not at Intersection, ,Non-Junction,None,,,         ,Curtis,Rich,Clear,Angle,no,no,no,no,no,False
102003618,METROPOLITAN NASHVILLE POLICE DEPT,20180406990,Davidson,Nashville,5/8/2018 9:48:00 AM,2,0,0,36.148840,-86.746100,I 40,,,,0.00,,,,,,,211.85,N,Not at Intersection, ,Non-Junction,None,,,         ,Michael,Dance,Clear,Front to Rear,no,no,no,no,no,False
102003628,METROPOLITAN NASHVILLE POLICE DEPT,20180406737,Davidson,Nashville,5/8/2018 8:35:00 AM,2,0,0,36.124920,-86.734450,I 440,,,,0.00,,,,,,,7.15,N,Not at Intersection,N,Non-Junction,None,,,         ,Jessie,Meadows,Clear,Front to Rear,no,no,no,no,no,False
102003629,METROPOLITAN NASHVILLE POLICE DEPT,20180406894,Davidson,Nashville,5/8/2018 9:17:00 AM,3,0,0,36.044560,-86.661540,CANE RIDGE RD,,,,75.00,Feet,South,BELL RD,,,,0.00,N,Not at Intersection, ,Non-Junction,None,,,         ,Jessie,Meadows,Clear,Front to Rear,no,no,no,no,no,False
102003641,METROPOLITAN NASHVILLE POLICE DEPT,20180407008,Davidson,Nashville,5/8/2018 8:03:00 AM,2,0,0,36.186860,-86.765330,CLEVELAND ST,,,,260.00,Feet,East,N 3RD ST,,,,0.00,N,Not at Intersection,N,"Driveway, Alley Access, etc",None,,,         ,Doyle,Price,Clear,"Sideswipe, Opposite Direction",no,no,no,no,no,False
102003662,METROPOLITAN NASHVILLE POLICE DEPT,20180406955,Davidson,Nashville,5/8/2018 10:07:00 AM,2,2,0,36.116150,-86.725090,I 24,,,,0.00,,,,,,,53.20,N,Not at Intersection,N,Non-Junction,None,,,         ,Jessie,Meadows,Clear,Front to Rear,no,no,no,no,no,False
102003663,METROPOLITAN NASHVILLE POLICE DEPT,20180407069,Davidson,Nashville,5/8/2018 9:46:00 AM,2,0,0,36.118230,-86.725940,I 24,,,,0.00,,,,,,,53.05,N,Not at Intersection, ,Non-Junction,None,,,         ,Jessie,Meadows,Clear,Front to Rear,no,no,no,no,no,False
102003664,METROPOLITAN NASHVILLE POLICE DEPT,20180407070,Davidson,Nashville,5/8/2018 10:07:00 AM,2,0,0,36.118230,-86.725940,I 24,,,,0.00,,,,,,,53.05,N,Not at Intersection,N,Non-Junction,None,,,         ,Jessie,Meadows,Clear,Front to Rear,no,no,no,no,no,False
102003673,METROPOLITAN NASHVILLE POLICE DEPT,20180407299,Davidson,Nashville,5/8/2018 12:20:00 PM,2,0,0,36.152790,-86.825130,CHARLOTTE AV,,,,248.00,Feet,East,35TH AVN,,,,0.00,N,Not at Intersection, ,Non-Junction,None,,,         ,Curtis,Rich,Clear,Front to Rear,no,no,no,no,yes,False
102003693,METROPOLITAN NASHVILLE POLICE DEPT,20180407128,Davidson,Nashville,5/8/2018 10:47:00 AM,2,0,0,36.140670,-86.832890,MURPHY RD,,,,50.00,Feet,East,WESTLAWN DR,,,,0.00,N,Not at Intersection, ,Non-Junction,None,,,         ,Walter,Gray II,Clear,Front to Rear,no,no,no,no,no,False