master_record_number,agency,agency_tracking_number,county,city,collision_date,vehicles_involved,number_injured,number_dead,latitude,longitude,roadway_name,roadway_suffix,roadway_number,roadway_local_id,distance_from_reference,miles-feet_indicator,direction_from_reference,intersection_road_name,intersection_road_name_suffix,intersection_road_number,intersection_local_id,mile_marker,intersection_indicator,intersect_type,interchange_related_indicator,relation_to_junction,work_zone_type,construction_maintenance_zone,construction_maintenance_zone_location,fatal_case_number,officer_first_name,officer_last_name,weather_condition(s),manner_of_crash,pedestrian,bicycle,scooter,parking,hitrun,mou
102005121,METROPOLITAN NASHVILLE POLICE DEPT,20180411886,Davidson,Nashville,5/9/2018 5:42:00 PM,2,0,0,36.169920,-86.808150,I 40,,,,0.00,,,,,,,207.20,N,Not at Intersection,N,Non-Junction,None,,,         ,Thomas,Miller,Clear,Front to Rear,no,no,no,no,no,False
102005135,METROPOLITAN NASHVILLE POLICE DEPT,20180411864,Davidson,Nashville,5/9/2018 5:38:00 PM,2,1,0,36.099240,-86.710770,I 24,,,,0.00,,,,,,,54.60,N,Not at Intersection,N,Non-Junction,None,,,         ,YUNUS,ADAK,Clear,Front to Rear,no,no,no,no,no,False
102005152,VANDERBILT UNIVERSITY POLICE,20180411945,Davidson,Nashville,5/9/2018 12:00:00 AM,2,0,0,36.140930,-86.810960,NATCHEZ TRC,,,,0.00,,,,,,,0.00,,,N,Non-Junction,None,,,         ,Christopher,Dion,Clear,Unknown,no,no,no,yes,yes,Campus
102005164,METROPOLITAN NASHVILLE POLICE DEPT,20180411732,Davidson,Nashville,5/9/2018 4:59:00 PM,2,0,0,36.118580,-86.784350,CRAIG AV,,,,0.00,,,CLAYTON AV,,,,0.00,Y,Four-Way, ,Intersection,None,,,         ,Douglas,Sykes,Clear,"Sideswipe, Opposite Direction",no,no,no,no,yes,False
102005166,METROPOLITAN NASHVILLE POLICE DEPT,20180411936,Davidson,Nashville,5/9/2018 5:45:00 PM,2,0,0,36.106750,-86.674360,MURFREESBORO PKE,,,,432.00,Feet,West,DONELSON PKE,,,,0.00,N,Not at Intersection, ,Non-Junction,None,,,         ,Taylor,Hurley,Clear,Angle,no,no,no,no,yes,False
102005173,METROPOLITAN NASHVILLE POLICE DEPT,20180411762,Davidson,Nashville,5/9/2018 5:06:00 PM,2,0,0,36.140720,-86.737980,MURFREESBORO PKE,,,,51.00,Feet,West,MENZLER RD,,,,0.00,N,Not at Intersection, ,Non-Junction,None,,,         ,Patrick,Martin,Clear,"Sideswipe, Opposite Direction",no,no,no,no,no,False
102005183,METROPOLITAN NASHVILLE POLICE DEPT,20180411828,Davidson,Not in City Limit,5/9/2018 5:25:00 PM,3,1,0,36.264940,-86.738230,OLD HICKORY BLVDW,,,,0.00,,,I65 S ENT RAMP,,,,0.00,Y,OTHER,N,Non-Junction,None,,,         ,Christopher,Littles,Cloudy,Front to Rear,no,no,no,no,no,False
102005184,METROPOLITAN NASHVILLE POLICE DEPT,20180411968,Davidson,Nashville,5/9/2018 6:14:00 PM,3,0,0,36.246680,-86.721170,GALLATIN PKES,,,,0.00,,,BERKLEY DR,,,,0.00,Y,Four-Way, ,Intersection-Related,None,,,         ,Christopher,Littles,Clear,Front to Rear,no,no,no,no,no,False
102005190,METROPOLITAN NASHVILLE POLICE DEPT,20180411584,Davidson,Nashville,5/9/2018 3:45:00 PM,2,0,0,36.157780,-86.800670,CHARLOTTE AV,,,,231.00,Feet,West,DR D B TODD JR BLVD,,,,0.00,N,Not at Intersection, ,Non-Junction,None,,,         ,Darryl,Williams,Clear,Angle,no,no,no,no,yes,False
102005201,METROPOLITAN NASHVILLE POLICE DEPT,20180411978,Davidson,Nashville,5/9/2018 12:00:00 AM,2,0,0,36.188240,-86.797110,DOMINICAN DR,,,,83.00,Feet,West,FRENCH LANDING DR,,,,0.00,N,Not at Intersection, ,Non-Junction,None,,,         ,Melvin,Taylor,Clear,Front to Rear,no,no,no,no,yes,False
102005202,BERRY HILL POLICE DEPT,18-1525,Davidson,Berry Hill,5/9/2018 12:00:00 AM,2,1,0,36.126190,-86.777070,FRANKLIN PKE,,,,0.00,,,CRAIGHEAD ST,,,,0.00,Y,Four-Way,N,Intersection-Related,None,,,         ,John,Gleixner,Clear,Front to Rear,no,no,no,no,no,False
102005204,METROPOLITAN NASHVILLE POLICE DEPT,20180411819,Davidson,Nashville,5/9/2018 5:21:00 PM,2,0,0,36.105770,-86.672140,MURFREESBORO PKE,,,,116.00,Feet,West,EZELL PKE,,,,0.00,N,Not at Intersection, ,,None,,,         ,Kimberly,Annson,,,no,no,no,no,no,False
102005209,METROPOLITAN NASHVILLE POLICE DEPT,20180411929,Davidson,Nashville,5/9/2018 4:55:00 PM,2,0,0,36.151910,-86.791220,DIVISION ST,,,,115.00,Feet,South,MUSIC CIRE,,,,0.00,N,Not at Intersection, ,Non-Junction,None,,,         ,Akira,McSwain,Clear,Front to Rear,no,no,no,no,no,False
102005210,METROPOLITAN NASHVILLE POLICE DEPT,20180408718,Davidson,Nashville,5/8/2018 12:00:00 AM,1,0,0,36.153530,-86.763880,I24 W ENT RAMP,,,,0.00,,,I 40,,,,0.00,Y,Y-Intersection,Y,Entrance/Exit Ramp Related,None,,,         ,Michael,Douglas,Clear,Not Collision with Motor Vehicle in Transport,no,no,no,no,no,False
102005211,METROPOLITAN NASHVILLE POLICE DEPT,20180411848,Davidson,Nashville,5/9/2018 5:35:00 PM,2,1,0,36.151160,-86.785120,DIVISION ST,,,,232.00,Feet,West,12TH AVS,,,,0.00,N,Not at Intersection,N,Non-Junction,None,,,         ,Joseph,Bingham,Clear,"Sideswipe, Same Direction",no,no,no,no,no,False
102005212,METROPOLITAN NASHVILLE POLICE DEPT,20180412041,Davidson,Nashville,5/9/2018 6:00:00 PM,2,0,0,36.122590,-86.727660,I 24,,,,0.00,,,,,,,52.75,N,Not at Intersection, ,Entrance/Exit Ramp Related,None,,,         ,Je-Marc,Sears,Clear,"Sideswipe, Same Direction",no,no,no,no,no,False
102005222,METROPOLITAN NASHVILLE POLICE DEPT,20180411952,Davidson,Nashville,5/9/2018 6:09:00 PM,2,2,0,36.049280,-86.651730,BELL RD,,,,0.00,,,HICKORY HOLLOW LN,,,,0.00,Y,Four-Way,N,Intersection,None,,,         ,Gabriel,Vasquez,Clear,Angle,no,no,no,no,no,False
102005225,METROPOLITAN NASHVILLE POLICE DEPT,20180411924,Davidson,Nashville,5/9/2018 4:35:00 PM,2,0,0,36.167880,-86.664030,LEBANON PKE,,,,0.00,,,OLD LEBANON PKE,,,,0.00,Y,T-Intersection, ,,None,,,         ,Allyson,Reis,,,no,no,no,no,no,False
102005226,METROPOLITAN NASHVILLE POLICE DEPT,20180411963,Davidson,Nashville,5/9/2018 4:45:00 PM,2,1,0,36.165170,-86.697590,LEBANON PKE,,,,222.00,Feet,West,DONELSON HILLS DR,,,,0.00,N,Not at Intersection,N,Non-Junction,None,,,         ,Allyson,Reis,Clear,Front to Rear,no,no,no,no,no,False
102005241,METROPOLITAN NASHVILLE POLICE DEPT,2018-0412105,Davidson,Nashville,5/9/2018 6:45:00 PM,2,0,0,36.050490,-86.876680,OLD HICKORY BLVD,,,,0.00,,,CHICKERING RD,,,,0.00,Y,Four-Way,N,Intersection,None,,,         ,Ryan,Allen,Clear,Front to Rear,no,no,no,no,no,False
102005246,METROPOLITAN NASHVILLE POLICE DEPT,20180411481,Davidson,Nashville,5/9/2018 3:54:00 PM,2,0,0,36.161020,-86.777200,4TH AVS,,,,0.00,,,BROADWAY,,,,0.00,Y,T-Intersection,N,Non-Junction,None,,,         ,Michael,Douglas,Clear,Angle,no,no,no,no,yes,False
102005275,METROPOLITAN NASHVILLE POLICE DEPT,20180411776,Davidson,Nashville,5/9/2018 2:06:00 PM,2,0,0,36.104830,-86.669830,MURFREESBORO PKE,,,,479.00,Feet,West,OLD MURFREESBORO PKE,,,,0.00,N,Not at Intersection, ,Non-Junction,None,,,         ,Kimberly,Annson,Clear,Front to Rear,no,no,no,no,no,False
102005279,METROPOLITAN NASHVILLE POLICE DEPT,20180412103,Davidson,Nashville,5/9/2018 7:00:00 PM,2,0,0,36.231240,-86.724780,HAYSBORO AV,,,,44.00,Feet,East,GALLATIN PKE,,,,0.00,N,Not at Intersection, ,,None,,,         ,Alexander,Georgeson,,,no,no,no,no,no,False
102005339,METROPOLITAN NASHVILLE POLICE DEPT,2018-0412524,Davidson,Not in City Limit,5/9/2018 9:27:00 PM,1,0,0,36.084030,-86.950340,I 40,,,,0.00,,,,,,,196.70,N,Not at Intersection,N,Non-Junction,None,,,         ,Ryan,Allen,Clear,Not Collision with Motor Vehicle in Transport,no,no,no,no,no,False
102005388,THP District 3 - Nashville,318028288,Davidson,Nashville,5/7/2018 2:18:00 AM,1,2,0,36.239200,-86.780100,BRILEY PKWY W ENT RAMP,,,,0.00,Feet,East,BRILEY PKWY W EXT RAMP,,,,0.00,N,Not at Intersection,Y,Entrance/Exit Ramp Related,None,,,         ,John,Grinder,Clear,Not Collision with Motor Vehicle in Transport,no,no,no,no,no,False
102005408,METROPOLITAN NASHVILLE POLICE DEPT,20180412531,Davidson,Not in City Limit,5/9/2018 9:30:00 PM,2,1,0,36.272840,-86.698370,ANDERSON LN,,,,0.00,,,SNOW AV,,,,0.00,Y,T-Intersection,Y,Intersection,None,,,         ,Michael,Thompson,Clear,Angle,no,no,no,no,no,False
102005418,METROPOLITAN NASHVILLE POLICE DEPT,20180412108,Davidson,Nashville,5/9/2018 7:03:00 PM,2,0,0,36.094090,-86.653100,MURFREESBORO PKE,,,,150.00,Feet,South,FRANKLIN LIMESTONE RD,,,,0.00,N,Not at Intersection, ,Non-Junction,None,,,         ,Patrick,Martin,Clear,Angle,no,no,no,no,no,False
102005424,METROPOLITAN NASHVILLE POLICE DEPT,20180412689,Davidson,Nashville,5/9/2018 10:36:00 PM,2,0,0,36.154600,-86.786200,DEMONBREUN ST,,,,0.00,,,12TH AVS,,,,0.00,Y,Four-Way,Y,Intersection-Related,None,,,         ,Blake,Lutz,Clear,Front to Rear,no,no,no,no,no,False
102005426,METROPOLITAN NASHVILLE POLICE DEPT,20180412779,Davidson,Nashville,5/9/2018 11:15:00 PM,2,0,0,36.238810,-86.754670,I 65,,,,0.00,,,,,,,90.15,N,Not at Intersection,N,Non-Junction,None,,,         ,Thomas,Burns,Clear,"Sideswipe, Same Direction",no,no,no,no,yes,False
102005428,METROPOLITAN NASHVILLE POLICE DEPT,20180412832,Davidson,Nashville,5/9/2018 2:00:00 PM,2,0,0,36.132610,-86.897060,I 40,,,,0.00,,,,,,,201.25,N,Not at Intersection, ,Non-Junction,None,,,         ,Jackson,Smythe,Clear,Not Collision with Motor Vehicle in Transport,no,no,no,no,no,False
102005446,METROPOLITAN NASHVILLE POLICE DEPT,20180412858,Davidson,Nashville,5/9/2018 11:40:00 PM,3,2,0,36.155210,-86.784770,DEMONBREUN ST,,,,95.00,Feet,East,11TH AVS,,,,0.00,N,Not at Intersection,N,Non-Junction,None,,,         ,John,Anderson,Clear,Front to Rear,no,no,no,no,no,False
102005451,METROPOLITAN NASHVILLE POLICE DEPT,20180412869,Davidson,Nashville,5/9/2018 9:12:00 PM,2,0,0,36.089070,-86.649990,RANSOM PL,,,,0.00,,,MURFREESBORO PKE,,,,0.00,Y,Four-Way, ,Intersection-Related,None,,,         ,William,Williams,Clear,"Sideswipe, Same Direction",no,no,no,no,no,False
102005452,METROPOLITAN NASHVILLE POLICE DEPT,20180412718,Davidson,Nashville,5/9/2018 10:03:00 PM,1,0,0,36.113850,-86.809610,WOODMONT BLVD,,,,115.00,Feet,West,GOLF CLUB LN,,,,0.00,N,Not at Intersection,N,Non-Junction,None,,,         ,Christopher,Dameron,Clear,Not Collision with Motor Vehicle in Transport,no,no,no,no,no,False
102005457,METROPOLITAN NASHVILLE POLICE DEPT,20180413095,Davidson,Not in City Limit,5/10/2018 1:43:00 AM,1,0,0,36.078110,-86.990080,I 40,,,,0.00,,,,,,,194.20,N,Not at Intersection,N,Non-Junction,None,,,         ,Jackson,Smythe,Clear,Not Collision with Motor Vehicle in Transport,no,no,no,no,no,False
102005467,METROPOLITAN NASHVILLE POLICE DEPT,20180412775,Davidson,Nashville,5/9/2018 11:20:00 PM,2,0,0,36.133700,-86.722080,MURFREESBORO PKE,,,,184.00,Feet,East,PLUS PARK BLVD,,,,0.00,N,Not at Intersection,N,Non-Junction,None,,,         ,Jacob,West,Clear,"Sideswipe, Same Direction",no,no,no,no,yes,False
102005470,METROPOLITAN NASHVILLE POLICE DEPT,20180413055,Davidson,Nashville,5/10/2018 12:45:00 AM,2,0,0,36.131870,-86.814910,BLAIR BLVD,,,,0.00,,,HILLSIDE DR,,,,0.00,Y,Four-Way, ,Intersection-Related,None,,,         ,Eugene,Martino,Clear,Angle,no,no,no,no,no,False
102005471,METROPOLITAN NASHVILLE POLICE DEPT,20180412727,Davidson,Nashville,5/9/2018 10:54:00 PM,2,1,0,36.178040,-86.755380,SILVERDENE PL,,,,0.00,,,MCFERRIN AV,,,,0.00,Y,Four-Way,N,Intersection,None,,,         ,Landon,Bagwell,Clear,Angle,no,no,no,no,no,False
102005479,METROPOLITAN NASHVILLE POLICE DEPT,20180413019,Davidson,Nashville,5/10/2018 12:00:00 AM,1,0,0,36.183920,-86.760280,ELLINGTON PKWY N EXT RAMP,,,,0.00,Feet,East,ELLINGTON PKWYN,,,,0.00,N,Not at Intersection,N,Entrance/Exit Ramp Related,None,,,         ,Landon,Bagwell,Clear,Not Collision with Motor Vehicle in Transport,no,no,no,no,yes,False
102005495,VANDERBILT UNIVERSITY POLICE,20180412871,Davidson,Nashville,5/10/2018 12:03:00 AM,2,0,0,36.137570,-86.800760,WEDGEWOOD AV,,,,0.00,,,21ST AVS,,,,0.00,Y,Four-Way, ,Intersection,None,,,         ,Joseph,Serna,Clear,Angle,no,no,no,no,no,Campus
102005507,METROPOLITAN NASHVILLE POLICE DEPT,20180413352,Davidson,Nashville,5/10/2018 12:00:00 AM,1,0,0,36.091220,-86.636040,VILLAGE GREEN DR,,,,780.00,Feet,South,DOUBLETREE LN,,,,0.00,N,Not at Intersection,N,Non-Junction,None,,,         ,Bridget,Griepentrog,Clear,Not Collision with Motor Vehicle in Transport,no,no,no,yes,yes,False
102005515,METROPOLITAN NASHVILLE POLICE DEPT,20180412747,Davidson,Nashville,5/9/2018 9:30:00 PM,2,0,0,36.074120,-86.663260,PEBBLE CREEK DR,,,,0.00,,,UNA ANTIOCH PKE,,,,0.00,Y,Four-Way,N,Intersection,None,,,         ,David,Moser,Clear,Angle,no,no,no,no,no,False
102005520,METROPOLITAN NASHVILLE POLICE DEPT,20180413583,Davidson,Not in City Limit,5/10/2018 5:24:00 AM,1,0,0,36.029700,-86.999060,HIGHWAY 100,,,,558.00,Feet,West,OLD HARDING PKE,,,,0.00,N,Not at Intersection,N,Non-Junction,None,,,         ,Jackson,Smythe,Rain,Not Collision with Motor Vehicle in Transport,no,no,no,no,no,False
102005521,METROPOLITAN NASHVILLE POLICE DEPT,20180413448,Davidson,Nashville,5/10/2018 3:00:00 AM,1,0,0,36.070080,-86.663490,UNA ANTIOCH PKE,,,,364.00,Feet,East,APOLLO DR,,,,0.00,N,Not at Intersection,N,Non-Junction,None,,,         ,Autumn,Manning,Clear,Not Collision with Motor Vehicle in Transport,no,no,no,no,yes,False
102005532,METROPOLITAN NASHVILLE POLICE DEPT,20180413191,Davidson,Nashville,5/10/2018 2:22:00 AM,3,1,0,36.184150,-86.798750,I65 S ENT RAMP,,,,0.00,Feet,East,I 65,,,,0.00,N,Not at Intersection,N,Non-Junction,None,,,         ,Jamel,Griffin,Clear,Front to Rear,no,no,no,no,yes,False
102005533,METROPOLITAN NASHVILLE POLICE DEPT,20180412925,Davidson,Nashville,5/10/2018 12:30:00 AM,1,0,0,36.063140,-86.630270,HAMILTON CHURCH RD,,,,803.00,Feet,South,MURFREESBORO PKE,,,,0.00,N,Not at Intersection, ,Non-Junction,None,,,         ,David,Moser,Clear,Not Collision with Motor Vehicle in Transport,no,no,no,no,no,False
102005534,METROPOLITAN NASHVILLE POLICE DEPT,20180413553,Davidson,Nashville,5/10/2018 4:33:00 AM,1,0,0,36.148920,-86.746640,I 40,,,,0.00,,,,,,,211.85,N,Not at Intersection, ,Non-Junction,None,,,         ,Steven,Rowlett,Rain,Not Collision with Motor Vehicle in Transport,no,no,no,no,no,False
102005542,METROPOLITAN NASHVILLE POLICE DEPT,20180413493,Davidson,Nashville,5/10/2018 3:45:00 AM,1,1,0,36.245250,-86.722030,US HWY 31E,,,,277.00,Feet,North,LAKEWOOD DR,,,,0.00,N,Not at Intersection,N,Non-Junction,None,,,         ,Chad,Mahoney,Cloudy,Not Collision with Motor Vehicle in Transport,no,no,no,no,no,False
102005545,METROPOLITAN NASHVILLE POLICE DEPT,20180413616,Davidson,Nashville,5/10/2018 5:33:00 AM,1,0,0,36.149040,-86.774220,I 40,,,,0.00,,,,,,,210.15,N,Not at Intersection,N,Non-Junction,None,,,         ,Steven,Wiser,Rain,Not Collision with Motor Vehicle in Transport,no,no,no,no,no,False
102005565,METROPOLITAN NASHVILLE POLICE DEPT,20180413480,Davidson,Nashville,5/10/2018 4:30:00 AM,2,1,0,36.160500,-86.760510,I 24,,,,0.00,,,,,,,49.45,N,Not at Intersection,N,Non-Junction,None,,,         ,Daniel,Russett,Rain,"Sideswipe, Same Direction",no,no,no,no,yes,False
102005580,METROPOLITAN NASHVILLE POLICE DEPT,20180403928,Davidson,Nashville,5/7/2018 12:10:00 PM,3,2,0,36.194680,-86.832360,CLARKSVILLE PKE,,,,0.00,,,,,,,0.00,,,N,Non-Junction,None,,,         ,Brent,Hedgcoth,Clear,Front to Rear,no,no,no,yes,yes,False
102005584,METROPOLITAN NASHVILLE POLICE DEPT,20180413564,Davidson,Nashville,5/10/2018 4:51:00 AM,1,0,0,36.065390,-86.677240,REEVES RD,,,,0.00,,,LORI DR,,,,0.00,Y,T-Intersection,N,Non-Junction,None,,,         ,David,Simmonds,Clear,Not Collision with Motor Vehicle in Transport,no,no,no,no,no,False
102005591,METROPOLITAN NASHVILLE POLICE DEPT,20180413739,Davidson,Nashville,5/10/2018 6:46:00 AM,2,0,0,36.219560,-86.774890,I 65,,,,0.00,,,,,,,88.25,N,Not at Intersection, ,Non-Junction,None,,,         ,Ronald,Bright,Rain,Front to Rear,no,no,no,no,no,False
102005602,Nashville Airport Police,2018-01713,Davidson,Nashville,5/7/2018 10:00:00 AM,2,0,0,36.109690,-86.671460,KNAPP BLVD,,,,0.00,,,DONELSON PKE,,,,0.00,Y,Four-Way, ,Non-Junction,None,,,         ,William,Green,Clear,"Sideswipe, Same Direction",no,no,no,no,no,False
102005604,METROPOLITAN NASHVILLE POLICE DEPT,20180413745,Davidson,Not in City Limit,5/10/2018 6:55:00 AM,2,1,0,36.080910,-86.955770,HIGHWAY 70S,,,,166.00,Feet,East,I40 E ENT RAMP,,,,0.00,N,Not at Intersection, ,Non-Junction,None,,,         ,Curtis,Rich,Cloudy,Front to Rear,no,no,no,no,no,False
102005615,METROPOLITAN NASHVILLE POLICE DEPT,20180413779,Davidson,Nashville,5/10/2018 7:00:00 AM,2,0,0,36.199770,-86.776600,I 65,,,,0.00,,,,,,,86.85,N,Not at Intersection,N,Non-Junction,None,,,         ,Royce,McLester,Cloudy,Front to Rear,no,no,no,no,yes,False
102005618,METROPOLITAN NASHVILLE POLICE DEPT,20180413743,Davidson,Nashville,5/10/2018 6:30:00 AM,2,0,0,36.040030,-86.649550,I 24,,,,0.00,,,,,,,60.00,N,Not at Intersection, ,Non-Junction,None,,,         ,Eric,Wegener,Rain,Front to Rear,no,no,no,no,no,False
102005630,METROPOLITAN NASHVILLE POLICE DEPT,20180413859,Davidson,Not in City Limit,5/10/2018 7:49:00 AM,2,0,0,36.112320,-86.929630,CHARLOTTE PKE PVTDR,,,,0.00,,,SAWYER BROWN RD,,,,0.00,Y,Four-Way, ,Intersection,None,,,         ,Curtis,Rich,Cloudy,Front to Rear,no,no,no,no,yes,False
102005631,METROPOLITAN NASHVILLE POLICE DEPT,20180413845,Davidson,Nashville,5/10/2018 8:00:00 AM,2,0,0,36.052210,-86.644910,EAGLE VIEW BLVD,,,,0.00,,,BELL RD,,,,0.00,Y,T-Intersection, ,,None,,,         ,Steven,Williams,,,no,no,no,no,no,False
102005635,METROPOLITAN NASHVILLE POLICE DEPT,20180413797,Davidson,Nashville,5/10/2018 7:30:00 AM,2,0,0,36.156730,-86.803330,20TH AVN,,,,0.00,,,ARENA PL,,,,0.00,Y,T-Intersection, ,Non-Junction,None,,,         ,Walter,Cothran,Clear,Angle,no,no,no,no,no,False
102005642,METROPOLITAN NASHVILLE POLICE DEPT,20180413873,Davidson,Nashville,5/10/2018 7:52:00 AM,2,1,0,36.218960,-86.748860,ELLINGTON PKWY S EXT RAMP,,,,0.00,,,HART LN,,,,0.00,Y,T-Intersection,N,Entrance/Exit Ramp Related,None,,,         ,Nicholas,Smith,Cloudy,Front to Rear,no,no,no,no,yes,False
102005643,METROPOLITAN NASHVILLE POLICE DEPT,20180413885,Davidson,Nashville,5/10/2018 7:58:00 AM,2,0,0,36.124990,-86.752200,ROSEDALE AV,,,,0.00,,,NOLENSVILLE PKE,,,,0.00,Y,T-Intersection, ,Intersection,None,,,         ,Jason,Hees,Clear,Angle,no,no,no,no,no,False
102005648,METROPOLITAN NASHVILLE POLICE DEPT,20180413880,Davidson,Nashville,5/10/2018 7:54:00 AM,3,0,0,36.226180,-86.602110,SAUNDERSVILLE RD,,,,324.00,Feet,East,SHUTE LN,,,,0.00,N,Not at Intersection, ,Non-Junction,None,,,         ,Michael,Dance,Clear,Front to Rear,no,no,no,no,no,False
102005661,METROPOLITAN NASHVILLE POLICE DEPT,20180413756,Davidson,Nashville,5/10/2018 7:00:00 AM,2,0,0,36.072570,-86.683190,ANTIOCH PKE,,,,157.00,Feet,North,CHEROKEE PL,,,,0.00,N,Not at Intersection, ,Non-Junction,None,,,         ,Amy,Hirschmann,Cloudy,"Sideswipe, Same Direction",no,no,no,no,no,False
102005665,METROPOLITAN NASHVILLE POLICE DEPT,20180413882,Davidson,Nashville,5/10/2018 7:57:00 AM,2,0,0,36.200510,-86.603180,HIGHLAND VIEW CT,,,,440.00,Feet,West,BATON ROUGE DR,,,,0.00,N,Not at Intersection,N,"Driveway, Alley Access, etc",None,,,         ,Michael,Dance,Clear,Front to Rear,no,no,no,no,no,False
102005668,METROPOLITAN NASHVILLE POLICE DEPT,20180413954,Davidson,Nashville,5/10/2018 7:30:00 AM,2,0,0,36.042360,-86.837380,OLD HICKORY BLVD,,,,0.00,,,DERBY GLEN LN,,,,0.00,Y,T-Intersection, ,Intersection,None,,,         ,Earl,Davis,Cloudy,Angle,no,no,no,no,no,False
102005669,METROPOLITAN NASHVILLE POLICE DEPT,20180414034,Davidson,Nashville,5/10/2018 8:29:00 AM,2,0,0,36.145500,-86.809800,NATCHEZ TRC,,,,189.00,Feet,North,KENSINGTON PL,,,,0.00,N,Not at Intersection, ,Non-Junction,None,,,         ,Dakota,Vermillion,Clear,Angle,no,no,no,no,no,Campus
102005672,METROPOLITAN NASHVILLE POLICE DEPT,20180413910,Davidson,Nashville,5/10/2018 7:49:00 AM,2,0,0,36.218540,-86.836650,KINGS LN,,,,113.00,Feet,East,CLARKSVILLE PKE,,,,0.00,N,Not at Intersection, ,Non-Junction,None,,,         ,Victor,Alexander,Cloudy,Front to Rear,no,no,no,no,no,False
102005675,METROPOLITAN NASHVILLE POLICE DEPT,20180413775,Davidson,Nashville,5/10/2018 7:30:00 AM,1,1,0,36.119270,-86.912920,I 40,,,,0.00,,,,,,,200.00,N,Not at Intersection,N,Non-Junction,None,,,         ,Jack,Crouch,Clear,Not Collision with Motor Vehicle in Transport,no,no,no,no,no,False
102005676,METROPOLITAN NASHVILLE POLICE DEPT,20180413730,Davidson,Nashville,5/10/2018 6:42:00 AM,1,1,0,36.232170,-86.826650,BRILEY PKWYW,,,,450.00,Feet,West,BRILEY PKWYE,,,,0.00,N,Not at Intersection,N,Unknown,None,,,         ,Zachary,Carter,Cloudy,Not Collision with Motor Vehicle in Transport,no,no,no,no,no,False
102005683,METROPOLITAN NASHVILLE POLICE DEPT,20180414022,Davidson,Nashville,5/10/2018 8:48:00 AM,1,1,0,36.094290,-86.758250,SIDCO DR,,,,0.00,,,POWELL AV,,,,0.00,Y,T-Intersection,N,Intersection,Maintenance Zone,Laneclosure,Activity Area,         ,Eric,McCoy,Clear,Not Collision with Motor Vehicle in Transport,yes,no,no,no,no,False
102005685,METROPOLITAN NASHVILLE POLICE DEPT,20180413848,Davidson,Nashville,5/10/2018 7:41:00 AM,2,0,0,36.148310,-86.777560,I 40,,,,0.00,,,,,,,210.00,N,Not at Intersection,N,Non-Junction,None,,,         ,Walter,Cothran,Clear,Front to Rear,no,no,no,no,no,False
102005706,METROPOLITAN NASHVILLE POLICE DEPT,20180413734,Davidson,Nashville,5/10/2018 6:25:00 AM,2,0,0,36.123980,-86.747160,I 440,,,,0.00,,,,,,,6.50,N,Not at Intersection, ,Non-Junction,None,,,         ,Jessie,Meadows,Rain,Front to Rear,no,no,no,no,no,False
102005707,METROPOLITAN NASHVILLE POLICE DEPT,20180413805,Davidson,Nashville,5/10/2018 6:30:00 AM,3,0,0,36.123980,-86.747160,I 440,,,,0.00,,,,,,,6.50,N,Not at Intersection,N,Non-Junction,None,,,         ,Jessie,Meadows,Rain,Front to Rear,no,no,no,no,yes,False
102005717,THP District 3 - Nashville,318028383,Davidson,Nashville,5/7/2018 1:40:00 PM,2,0,0,36.117600,-86.667810,DONELSON PKE,,,,341.00,Feet,North,HANGAR LN,,,,0.00,N,Not at Intersection, ,Non-Junction,None,,,         ,Kevin,Smith,Clear,Front to Rear,no,no,no,no,no,False
102005729,GOODLETTSVILLE POLICE DEPT,18-15679,Davidson,Goodlettsville,5/2/2018 8:20:00 PM,1,1,0,36.310000,-86.687840,VIETNAM VETERANS BLVDS,,,,755.00,Feet,East,VIETNAM VETERANS BLVD SB EXT R,,,,0.00,N,Not at Intersection,N,Non-Junction,None,,,         ,Jason,Ayers,Clear,Not Collision with Motor Vehicle in Transport,no,no,no,no,no,False
102005787,METROPOLITAN NASHVILLE POLICE DEPT,20180414128,Davidson,Nashville,5/10/2018 9:45:00 AM,1,1,0,36.158190,-86.863360,BRILEY PKWYS,,,,97.00,Feet,South,BRILEY PKWYN,,,,0.00,N,Not at Intersection,N,Non-Junction,None,,,         ,Darren,Key,Cloudy,Not Collision with Motor Vehicle in Transport,no,no,no,no,no,False
102005788,METROPOLITAN NASHVILLE POLICE DEPT,20180414285,Davidson,Nashville,5/10/2018 10:55:00 AM,3,0,0,36.134240,-86.889240,CHARLOTTE PKE,,,,288.00,Feet,East,HILLWOOD PRIVATE CV,,,,0.00,N,Not at Intersection, ,Non-Junction,None,,,         ,Curtis,Rich,Cloudy,Front to Rear,no,no,no,no,no,False
102005795,METROPOLITAN NASHVILLE POLICE DEPT,20180414090,Davidson,Not in City Limit,5/10/2018 9:25:00 AM,2,0,0,36.272570,-86.736080,I 65,,,,0.00,,,,,,,92.80,N,Not at Intersection, ,Non-Junction,None,,,         ,Spencer,Pittman,Cloudy,Front to Rear,no,no,no,no,no,False
102005796,METROPOLITAN NASHVILLE POLICE DEPT,20180414270,Davidson,Nashville,5/10/2018 10:53:00 AM,2,0,0,36.140740,-86.726650,I 40,,,,0.00,,,,,,,213.30,N,Not at Intersection, ,,None,,,         ,Ralph,Harvey,,,no,no,no,no,no,False