master_record_number,agency,agency_tracking_number,county,city,collision_date,vehicles_involved,number_injured,number_dead,latitude,longitude,roadway_name,roadway_suffix,roadway_number,roadway_local_id,distance_from_reference,miles-feet_indicator,direction_from_reference,intersection_road_name,intersection_road_name_suffix,intersection_road_number,intersection_local_id,mile_marker,intersection_indicator,intersect_type,interchange_related_indicator,relation_to_junction,work_zone_type,construction_maintenance_zone,construction_maintenance_zone_location,fatal_case_number,officer_first_name,officer_last_name,weather_condition(s),manner_of_crash,pedestrian,bicycle,scooter,parking,hitrun,mou
102008432,METROPOLITAN NASHVILLE POLICE DEPT,20180420947,Davidson,Nashville,5/12/2018 12:22:00 PM,2,0,0,36.176360,-86.774580,N 1ST ST,,,,201.00,Feet,South,I24 E ENT RAMP,,,,0.00,N,Not at Intersection, ,OtherLocation,None,,,         ,Daryl,Howard,Clear,"Sideswipe, Same Direction",no,no,no,yes,yes,False
102008470,METROPOLITAN NASHVILLE POLICE DEPT,20180420988,Davidson,Antioch,5/12/2018 2:00:00 PM,2,0,0,36.043450,-86.605550,HOBSON PKE,,,,369.00,Feet,East,MURFREESBORO PKE,,,,0.00,N,Not at Intersection, ,,None,,,         ,Amy,Hirschmann,,,no,no,no,no,no,False
102008476,METROPOLITAN NASHVILLE POLICE DEPT,20180408097,Davidson,Nashville,5/8/2018 5:10:00 PM,2,0,0,36.168640,-86.766020,I 24,,,,0.00,,,,,,,48.80,N,Not at Intersection, ,Non-Junction,None,,,         ,Randall,Smith,Clear,Front to Rear,no,no,no,no,no,False
102008484,METROPOLITAN NASHVILLE POLICE DEPT,20180420973,Davidson,Nashville,5/12/2018 1:52:00 PM,2,1,0,36.168510,-86.813460,I40 E EXT RAMP,,,,0.00,Feet,East,I 40,,,,0.00,N,Not at Intersection,N,Entrance/Exit Ramp Related,None,,,         ,Royce,McLester,Cloudy,Front to Rear,no,no,no,no,no,False
102008540,METROPOLITAN NASHVILLE POLICE DEPT,20180421033,Davidson,Nashville,5/12/2018 1:15:00 PM,1,1,0,36.162160,-86.750870,DAVIDSON ST,,,,281.00,Feet,West,S 12TH ST,,,,0.00,N,Not at Intersection,N,Non-Junction,None,,,         ,Randall,Smith,Clear,Not Collision with Motor Vehicle in Transport,no,no,no,no,no,False
102008552,METROPOLITAN NASHVILLE POLICE DEPT,20180421133,Davidson,Nashville,5/12/2018 3:05:00 PM,2,3,0,36.168100,-86.814970,I 40,,,,0.00,,,,,,,206.80,N,Not at Intersection,N,Entrance/Exit Ramp Related,None,,,         ,Katelin,Ehrhardt,Clear,Front to Rear,no,no,no,no,no,False
102008560,METROPOLITAN NASHVILLE POLICE DEPT,20180421165,Davidson,Nashville,5/12/2018 1:30:00 PM,2,0,0,36.229670,-86.760840,EWING DR,,,,472.00,Feet,West,BROADMOOR DR,,,,0.00,N,Not at Intersection, ,Non-Junction,None,,,         ,Gordon,Stovall,Clear,Angle,no,no,no,no,no,False
102008561,METROPOLITAN NASHVILLE POLICE DEPT,20180421087,Davidson,Goodlettsville,5/12/2018 2:40:00 PM,2,0,0,36.298900,-86.697500,GALLATIN PKEN,,,,417.00,Feet,South,CUDE LN,,,,0.00,N,Not at Intersection, ,Non-Junction,None,,,         ,Harold,Willmore IV,Clear,Angle,no,no,no,no,no,False
102008572,METROPOLITAN NASHVILLE POLICE DEPT,20180421082,Davidson,Nashville,5/12/2018 12:00:00 AM,2,0,0,36.153500,-86.774320,LEA AV,,,,130.00,Feet,West,5TH AVS,,,,0.00,N,Not at Intersection,N,Non-Junction,None,,,         ,Trevor,Taylor,Clear,"Sideswipe, Same Direction",no,no,no,no,yes,False
102008574,METROPOLITAN NASHVILLE POLICE DEPT,20180421163,Davidson,Nashville,5/12/2018 3:43:00 PM,1,1,0,36.136580,-86.795150,WEDGEWOOD AV,,,,0.00,,,MAGNOLIA BLVD,,,,0.00,Y,Four-Way,N,Intersection,None,,,         ,Ryan,Cagle,Clear,Not Collision with Motor Vehicle in Transport,no,yes,no,no,no,False
102008583,METROPOLITAN NASHVILLE POLICE DEPT,20180421137,Davidson,Nashville,5/12/2018 1:23:00 PM,2,0,0,36.230680,-86.759060,DICKERSON PKE,,,,220.00,Feet,South,OAK VALLEY DR,,,,0.00,N,Not at Intersection, ,,None,,,         ,Gordon,Stovall,,,no,no,no,no,no,False
102008584,METROPOLITAN NASHVILLE POLICE DEPT,20180421102,Davidson,Nashville,5/12/2018 3:05:00 PM,2,1,0,36.196740,-86.828680,BUENA VISTA PKE,,,,0.00,,,,,,,0.00,,,N,Non-Junction,None,,,         ,Brian,Woodard,Clear,Angle,no,no,no,yes,yes,False
102008589,METROPOLITAN NASHVILLE POLICE DEPT,20180421257,Davidson,Nashville,5/12/2018 4:17:00 PM,2,0,0,36.131620,-86.779590,SOUTH DOUGLAS AV,,,,188.00,Feet,West,8TH AVS,,,,0.00,N,Not at Intersection, ,Non-Junction,None,,,         ,Jed,Baldoni,Clear,HeadOn,no,no,no,no,no,False
102008599,METROPOLITAN NASHVILLE POLICE DEPT,20180421225,Davidson,Nashville,5/12/2018 4:08:00 PM,2,0,0,36.161540,-86.775970,3RD AVS,,,,0.00,,,BROADWAY,,,,0.00,Y,Four-Way, ,Non-Junction,None,,,         ,Seth,Quiles,Clear,"Sideswipe, Same Direction",no,no,no,no,no,False
102008607,METROPOLITAN NASHVILLE POLICE DEPT,20180421068,Davidson,Not in City Limit,5/12/2018 3:00:00 PM,2,1,0,36.044550,-86.955700,HIGHWAY 100,,,,158.00,Feet,East,OLD HARDING PKE,,,,0.00,N,Not at Intersection,N,Non-Junction,None,,,         ,Steven,Fisher,Clear,Angle,no,no,no,no,no,False
102008613,METROPOLITAN NASHVILLE POLICE DEPT,20180421104,Davidson,Nashville,5/12/2018 3:24:00 PM,1,1,0,36.244410,-86.782560,BRICK CHURCH LN,,,,5.00,Feet,East,BRILEY PARK BLVDN,,,,0.00,N,Not at Intersection,Y,Non-Junction,None,,,         ,Bradley,Fort,Clear,Not Collision with Motor Vehicle in Transport,no,no,no,no,no,False
102008615,METROPOLITAN NASHVILLE POLICE DEPT,20180421391,Davidson,Nashville,5/12/2018 5:05:00 PM,2,0,0,36.118200,-86.748890,NOLENSVILLE PKE,,,,170.00,Feet,North,LUTIE ST,,,,0.00,N,Not at Intersection, ,Non-Junction,None,,,         ,Randall,Ward,Clear,Angle,no,no,no,no,no,False
102008619,METROPOLITAN NASHVILLE POLICE DEPT,20180421373,Davidson,Nashville,5/12/2018 12:00:00 AM,2,0,0,36.158820,-86.791780,I 40,,,,0.00,,,,,,,208.90,N,Not at Intersection, ,Non-Junction,None,,,         ,Trevor,Taylor,Clear,"Sideswipe, Same Direction",no,no,no,no,no,False
102008624,METROPOLITAN NASHVILLE POLICE DEPT,20180421324,Davidson,Nashville,5/12/2018 4:12:00 PM,3,1,0,36.091620,-86.651520,MURFREESBORO PKE,,,,154.00,Feet,North,BRITISH WOODS DR,,,,0.00,N,Not at Intersection,N,Non-Junction,None,,,         ,YUNUS,ADAK,Clear,Front to Rear,no,no,no,no,no,False
102008631,METROPOLITAN NASHVILLE POLICE DEPT,20180421048,Davidson,Nashville,5/12/2018 2:20:00 PM,2,0,0,36.194390,-86.622530,LEBANON PKE,,,,456.00,Feet,South,BONNAFORD DR,,,,0.00,N,Not at Intersection,N,Non-Junction,None,,,         ,Abbey,Sawl,Clear,Angle,no,no,no,no,no,False
102008636,METROPOLITAN NASHVILLE POLICE DEPT,20180421264,Davidson,Not in City Limit,5/12/2018 4:07:00 PM,5,0,0,36.022010,-86.629260,I 24,,,,0.00,,,,,,,61.85,N,Not at Intersection,N,Non-Junction,None,,,         ,Andrew,Brazee,Clear,Not Collision with Motor Vehicle in Transport,no,no,no,no,no,False
102008684,BERRY HILL POLICE DEPT,18-1573,Davidson,Berry Hill,5/12/2018 6:15:00 PM,2,0,0,36.125860,-86.766740,CRAIGHEAD ST,,,,258.00,Feet,West,BRANSFORD AV,,,,0.00,N,Not at Intersection, ,Non-Junction,None,,,         ,Stephen,Reece,Clear,Angle,no,no,no,no,no,False
102008706,METROPOLITAN NASHVILLE POLICE DEPT,20180421329,Davidson,Nashville,5/12/2018 12:00:00 AM,2,0,0,36.201960,-86.689590,OPRY MILLS DR,,,,631.00,Feet,North,BRILEY PKWYS,,,,0.00,N,Not at Intersection,N,Non-Junction,None,,,         ,Darci,Stechman,Clear,"Sideswipe, Same Direction",no,no,no,yes,yes,False
102008712,METROPOLITAN NASHVILLE POLICE DEPT,20180421406,Davidson,Nashville,5/12/2018 5:31:00 PM,3,0,0,36.133260,-86.727130,I 24,,,,0.00,,,,,,,52.00,N,Not at Intersection,N,Non-Junction,None,,,         ,Je-Marc,Sears,Clear,Front to Rear,no,no,no,no,no,False
102008715,METROPOLITAN NASHVILLE POLICE DEPT,20180421623,Davidson,Nashville,5/12/2018 12:00:00 AM,2,0,0,36.156010,-86.788850,BROADWAY,,,,0.00,,,I40 W ENT RAMP,,,,0.00,Y,Four-Way, ,Non-Junction,None,,,         ,Trevor,Taylor,Clear,"Sideswipe, Same Direction",no,no,no,no,no,False
102008718,METROPOLITAN NASHVILLE POLICE DEPT,20180421595,Davidson,Not in City Limit,5/12/2018 7:19:00 PM,1,1,0,36.358630,-86.849190,RIDGEWOOD RD,,,,0.53,Miles,North,WINDING RIDGE RD,,,,0.00,N,Not at Intersection,N,Non-Junction,None,,,         ,Thomas,Miller,Clear,Not Collision with Motor Vehicle in Transport,no,no,no,no,no,False
102008722,METROPOLITAN NASHVILLE POLICE DEPT,20180421544,Davidson,Not in City Limit,5/12/2018 6:52:00 PM,1,1,0,36.313340,-86.865790,OLD CLARKSVILLE PKE,,,,284.00,Feet,West,WHITES CREEK PKE,,,,0.00,N,Not at Intersection,N,Non-Junction,None,,,         ,Jason,Hogan,Clear,Not Collision with Motor Vehicle in Transport,no,no,no,no,no,False
102008734,METROPOLITAN NASHVILLE POLICE DEPT,20180421094,Davidson,Nashville,5/12/2018 2:30:00 PM,2,0,0,36.105760,-86.813940,HILLSBORO PKE,,,,39.00,Feet,South,ABBOTT MARTIN RD,,,,0.00,N,Not at Intersection,N,Non-Junction,None,,,         ,Akira,McSwain,Clear,Angle,no,no,no,no,yes,False
102008735,METROPOLITAN NASHVILLE POLICE DEPT,20180421575,Davidson,Nashville,5/12/2018 7:10:00 PM,2,0,0,36.076850,-86.734010,OVERCREST DR,,,,110.00,Feet,South,HARDING PL,,,,0.00,N,Not at Intersection,N,Non-Junction,None,,,         ,Akira,McSwain,Clear,Front to Rear,no,no,no,no,no,False
102008800,METROPOLITAN NASHVILLE POLICE DEPT,20180421638,Davidson,Nashville,5/12/2018 5:10:00 PM,2,0,0,36.094300,-86.653130,OLD MURFREESBORO PKE,,,,87.00,Feet,East,MURFREESBORO PKE,,,,0.00,N,Not at Intersection,N,Non-Junction,None,,,         ,Cheri,Cox,Clear,Front to Rear,no,no,no,no,yes,False
102008817,METROPOLITAN NASHVILLE POLICE DEPT,20180421659,Davidson,Nashville,5/12/2018 7:00:00 PM,2,0,0,36.181280,-86.803400,10TH AVN,,,,314.00,Feet,North,BUCHANAN ST,,,,0.00,N,Not at Intersection, ,Non-Junction,None,,,         ,Katelin,Ehrhardt,Clear,Angle,no,no,no,no,yes,False
102008838,METROPOLITAN NASHVILLE POLICE DEPT,20180421780,Davidson,Nashville,5/12/2018 9:00:00 PM,2,0,0,36.059610,-86.716310,NOLENSVILLE PKE,,,,177.00,Feet,South,STRASSER DR,,,,0.00,N,Not at Intersection, ,Non-Junction,None,,,         ,Akira,McSwain,Clear,Front to Rear,no,no,no,no,no,False
102008869,METROPOLITAN NASHVILLE POLICE DEPT,20180421889,Davidson,Nashville,5/12/2018 8:45:00 PM,2,0,0,36.150940,-86.804550,LOUISE AV,,,,0.00,,,ELLISTON PL,,,,0.00,Y,T-Intersection,Y,Intersection-Related,None,,,         ,Gary,Peters,Clear,Front to Rear,no,no,no,no,yes,Campus
102008887,METROPOLITAN NASHVILLE POLICE DEPT,20180421916,Davidson,Nashville,5/12/2018 10:05:00 PM,1,0,0,36.108990,-86.804880,HILLMONT DR,,,,428.00,Feet,North,GLEN ECHO PL,,,,0.00,N,Not at Intersection, ,Non-Junction,None,,,         ,Randall,Ward,Clear,Not Collision with Motor Vehicle in Transport,no,no,no,no,no,False
102008924,METROPOLITAN NASHVILLE POLICE DEPT,20180421791,Davidson,Nashville,5/12/2018 8:20:00 PM,2,0,0,36.128010,-86.907510,CHARLOTTE PKE,,,,272.00,Feet,West,RIVER RD,,,,0.00,N,Not at Intersection,N,Non-Junction,None,,,         ,Steven,Fisher,Clear,Front to Rear,no,no,no,yes,yes,False
102008969,METROPOLITAN NASHVILLE POLICE DEPT,20180421528,Davidson,Nashville,5/12/2018 6:42:00 PM,1,1,0,36.152530,-86.765320,CARROLL ST,,,,100.00,Feet,East,UNIVERSITY CT,,,,0.00,N,Not at Intersection,N,Non-Junction,None,,,         ,Trenton,Searcy,,Not Collision with Motor Vehicle in Transport,yes,no,no,no,no,False
102008970,METROPOLITAN NASHVILLE POLICE DEPT,20180421973,Davidson,Nashville,5/12/2018 9:50:00 PM,1,0,0,36.035930,-86.657090,CANE RIDGE RD,,,,47.00,Feet,North,PRESTON RD,,,,0.00,N,Not at Intersection,N,Non-Junction,None,,,         ,Kevin,Breeding,Clear,Not Collision with Motor Vehicle in Transport,no,no,no,no,no,False
102008982,METROPOLITAN NASHVILLE POLICE DEPT,20180421998,Davidson,Nashville,5/12/2018 10:58:00 PM,2,0,0,36.157440,-86.770530,HERMITAGE AV,,,,0.00,Feet,,PEABODY ST,,,,0.00,Y,Four-Way,N,Intersection,None,,,         ,Brenna,Hosey,Clear,Angle,no,no,no,no,no,False
102009000,METROPOLITAN NASHVILLE POLICE DEPT,20180422092,Davidson,Nashville,5/12/2018 9:10:00 PM,2,0,0,36.076820,-86.596410,DAISY TRL,,,,0.00,Feet,East,PHILHALL PKWY,,,,0.00,N,Not at Intersection,N,Non-Junction,None,,,         ,Jefferson,Hughes,Clear,Unknown,no,no,no,no,yes,False
102009015,METROPOLITAN NASHVILLE POLICE DEPT,20180422200,Davidson,Nashville,5/13/2018 12:33:00 AM,2,2,0,36.074480,-86.638650,MURFREESBORO PKE,,,,0.00,,,RURAL HILL RD,,,,0.00,Y,Four-Way,Y,Intersection,None,,,         ,Kevin,Breeding,Clear,Angle,no,no,no,no,no,False
102009022,METROPOLITAN NASHVILLE POLICE DEPT,20180422344,Davidson,Nashville,5/13/2018 12:00:00 AM,1,0,0,36.151380,-86.751190,I 40,,,,0.00,,,,,,,211.50,N,Not at Intersection,N,Non-Junction,None,,,         ,Courtney,Hester,Clear,Not Collision with Motor Vehicle in Transport,no,no,no,no,no,False
102009027,METROPOLITAN NASHVILLE POLICE DEPT,20180422346,Davidson,Nashville,5/13/2018 1:50:00 AM,2,1,0,36.192050,-86.780970,I 65,,,,0.00,,,,,,,86.30,N,Not at Intersection,N,Non-Junction,None,,,         ,Jacob,Dick,Clear,"Sideswipe, Same Direction",no,no,no,no,yes,False
102009030,METROPOLITAN NASHVILLE POLICE DEPT,20180422020,Davidson,Nashville,5/12/2018 11:09:00 PM,3,2,0,36.134250,-86.775500,WEDGEWOOD AV,,,,258.00,Feet,East,I65 N ENT RAMP,,,,0.00,N,Not at Intersection,N,Non-Junction,None,,,         ,Joshua,Billotte,Clear,Front to Rear,no,no,no,no,no,False
102009035,METROPOLITAN NASHVILLE POLICE DEPT,20180422417,Davidson,Nashville,5/13/2018 2:54:00 AM,1,0,0,36.136470,-86.727210,I24 E EXT RAMP,,,,0.00,,,I 24,,,,0.00,Y,Y-Intersection,Y,Entrance/Exit Ramp Related,None,,,         ,Erik,Dabbs,Clear,Not Collision with Motor Vehicle in Transport,no,no,no,no,yes,False
102009045,METROPOLITAN NASHVILLE POLICE DEPT,20180422523,Davidson,Nashville,5/13/2018 4:29:00 AM,1,0,0,36.149040,-86.652380,MCCRORY CREEK RD,,,,35.00,Feet,West,BOULDER PARK DR,,,,0.00,N,Not at Intersection, ,Non-Junction,None,,,         ,Kyle,Berkheiser,Clear,Not Collision with Motor Vehicle in Transport,no,no,no,no,no,False
102009052,METROPOLITAN NASHVILLE POLICE DEPT,20180422374,Davidson,Nashville,5/13/2018 2:08:00 AM,1,0,0,36.065870,-86.698830,EAST RIDGE DR,,,,889.00,Feet,South,CREEKSIDE DR,,,,0.00,N,Not at Intersection,N,"Driveway, Alley Access, etc",None,,,         ,Sharissa,Perez,Clear,Not Collision with Motor Vehicle in Transport,no,no,no,no,yes,False
102009054,METROPOLITAN NASHVILLE POLICE DEPT,20180422484,Davidson,Nashville,5/13/2018 3:52:00 AM,2,0,0,36.110450,-86.717830,BRILEY PKWYN,,,,332.00,Feet,East,BRILEY PKWYS,,,,0.00,N,Not at Intersection,N,Non-Junction,None,,,         ,Erik,Dabbs,Clear,Front to Rear,no,no,no,no,yes,False
102009063,METROPOLITAN NASHVILLE POLICE DEPT,20180422499,Davidson,Nashville,5/13/2018 3:45:00 AM,3,0,0,36.165180,-86.756790,DEW ST,,,,87.00,Feet,East,CAYCE PLACE PVTDR,,,,0.00,N,Not at Intersection,N,Non-Junction,None,,,         ,Edward,Holden,Clear,Front to Rear,no,no,no,no,yes,False
102009075,METROPOLITAN NASHVILLE POLICE DEPT,20180422438,Davidson,Nashville,5/13/2018 3:00:00 AM,1,2,0,36.151690,-86.627090,BLACKWOOD DR,,,,627.00,Feet,West,BELL RD,,,,0.00,N,Not at Intersection,N,Non-Junction,None,,,         ,Meghan,Pope,Clear,Not Collision with Motor Vehicle in Transport,yes,no,no,yes,no,False
102009076,METROPOLITAN NASHVILLE POLICE DEPT,20180422413,Davidson,Nashville,5/13/2018 1:28:00 AM,2,0,0,36.157980,-86.772640,2ND AVS,,,,0.00,,,KOREAN VETERANS BLVD,,,,0.00,Y,Four-Way,N,Intersection,None,,,         ,Brenna,Hosey,Clear,Angle,no,no,no,no,no,False
102009090,METROPOLITAN NASHVILLE POLICE DEPT,20180422321,Davidson,Nashville,5/13/2018 1:48:00 AM,2,0,0,36.160670,-86.776180,SYMPHONY PL,,,,0.00,,,,,,,0.00,,,N,Non-Junction,None,,,         ,Daniel,Russett,Clear,Front to Rear,no,no,no,yes,yes,False
102009109,METROPOLITAN NASHVILLE POLICE DEPT,20180421385,Davidson,Nashville,5/12/2018 5:28:00 PM,2,0,0,36.212750,-86.693200,OPRYLAND DR,,,,0.00,,,,,,,0.00,,,N,Non-Junction,None,,,         ,Darren,White,Clear,Angle,no,no,no,yes,yes,False
102009134,THP District 3 - Nashville,318027895,Davidson,Not in City Limit,5/5/2018 3:13:00 PM,2,0,0,36.350910,-86.935180,I 24,,,,0.00,,,,,,,30.75,N,Not at Intersection,N,Non-Junction,None,,,         ,Chantilly,Worling,Rain,Front to Rear,no,no,no,no,yes,False
102009136,METROPOLITAN NASHVILLE POLICE DEPT,20180422397,Davidson,Nashville,5/13/2018 2:38:00 AM,2,2,0,36.117130,-86.773630,I 65,,,,0.00,,,,,,,80.25,N,Not at Intersection,N,Non-Junction,None,,,         ,Joshua,Billotte,Clear,Angle,no,no,no,no,yes,False
102009148,METROPOLITAN NASHVILLE POLICE DEPT,20180422558,Davidson,Nashville,5/13/2018 5:00:00 AM,3,1,0,36.117440,-86.699260,BRILEY PKWY N EXT RAMP,,,,0.00,,,MURFREESBORO PKE,,,,0.00,Y,Four-Way,N,Intersection-Related,None,,,         ,Bradley,Pope,Clear,HeadOn,no,no,no,no,no,False
102009155,METROPOLITAN NASHVILLE POLICE DEPT,2018-0422668,Davidson,Nashville,5/13/2018 4:09:00 AM,1,1,0,36.068900,-86.703030,LOCUSTWOOD DR,,,,44.00,Feet,East,HAYWOOD LN,,,,0.00,N,Not at Intersection,N,Non-Junction,None,,,         ,Stanley,Collins,Clear,Not Collision with Motor Vehicle in Transport,no,no,no,no,yes,False
102009179,THP District 3 - Nashville,318027899,Davidson,Not in City Limit,5/5/2018 3:49:00 PM,2,0,0,36.348340,-86.930960,I 24,,,,0.00,,,,,,,31.05,N,Not at Intersection,N,Non-Junction,None,,,         ,Chantilly,Worling,Rain,Front to Rear,no,no,no,no,no,False
102009235,METROPOLITAN NASHVILLE POLICE DEPT,2018422858,Davidson,Nashville,5/13/2018 9:00:00 AM,2,0,0,36.052650,-86.894830,OLD HICKORY BLVD,,,,0.00,Feet,East,GAUCHO ROAD PVTDR,,,,0.00,N,Not at Intersection, ,Non-Junction,None,,,         ,Terrence,Bradley,Clear,Front to Rear,no,no,no,no,no,False
102009249,METROPOLITAN NASHVILLE POLICE DEPT,2018-0422873,Davidson,Nashville,5/13/2018 9:16:00 AM,2,0,0,36.131870,-86.770770,BENTON AV,,,,144.00,Feet,East,THURMAN ST,,,,0.00,N,Not at Intersection, ,Non-Junction,None,,,         ,Erik,Wagner,Clear,HeadOn,no,no,no,no,no,False
102009251,METROPOLITAN NASHVILLE POLICE DEPT,20180422798,Davidson,Nashville,5/13/2018 6:00:00 AM,1,0,0,36.158980,-86.643800,HICKORY HILL CT,,,,74.00,Feet,North,HICKORY PL,,,,0.00,N,Not at Intersection,N,OtherLocation,None,,,         ,Michael,Brooks,Clear,Not Collision with Motor Vehicle in Transport,no,no,no,no,no,False
102009253,METROPOLITAN NASHVILLE POLICE DEPT,20180422890,Davidson,Nashville,5/13/2018 9:25:00 AM,3,1,0,36.045310,-86.701780,OLD HICKORY BLVD,,,,31.00,Feet,West,BELL RD,,,,0.00,N,Not at Intersection,N,Non-Junction,None,,,         ,Brandon,Evans,Clear,Front to Rear,no,no,no,no,no,False
102009254,METROPOLITAN NASHVILLE POLICE DEPT,20180422688,Davidson,Nashville,5/13/2018 7:23:00 AM,1,1,0,36.163960,-86.754790,S 7TH ST,,,,91.00,Feet,North,DAVIDSON ST,,,,0.00,N,Not at Intersection,N,Non-Junction,None,,,         ,Faye,Denson,Clear,Not Collision with Motor Vehicle in Transport,no,no,no,no,no,False
102009263,METROPOLITAN NASHVILLE POLICE DEPT,20180422926,Davidson,Nashville,5/13/2018 3:00:00 AM,1,0,0,36.089100,-86.720860,PARAGON MILLS RD,,,,40.00,Feet,West,DEWAIN DR,,,,0.00,N,Not at Intersection, ,,None,,,         ,Charles,Wakefield,,,no,no,no,no,no,False
102009264,METROPOLITAN NASHVILLE POLICE DEPT,20180422954,Davidson,Nashville,5/13/2018 10:10:00 AM,2,0,0,36.163870,-86.786620,CHARLOTTE AV,,,,0.00,,,ROSA L PARKS BLVD,,,,0.00,Y,Four-Way, ,Intersection,None,,,         ,Daryl,Howard,Clear,"Sideswipe, Same Direction",no,no,no,no,no,False
102009274,METROPOLITAN NASHVILLE POLICE DEPT,20180422967,Davidson,Nashville,5/13/2018 10:25:00 AM,1,2,0,36.121710,-86.727490,I24 E ENT RAMP,,,,0.00,,East,I 24,,,,0.00,N,Not at Intersection,N,Non-Junction,None,,,         ,James,Jarvis,Clear,Not Collision with Motor Vehicle in Transport,no,no,no,no,no,False
102009280,METROPOLITAN NASHVILLE POLICE DEPT,20180422934,Davidson,Nashville,5/13/2018 9:59:00 AM,2,0,0,36.150420,-86.856820,CHARLOTTE PKE,,,,169.00,Feet,East,ORLANDO AV,,,,0.00,N,Not at Intersection,N,"Driveway, Alley Access, etc",None,,,         ,Walter,Gray II,Clear,Angle,no,no,no,no,no,False
102009338,METROPOLITAN NASHVILLE POLICE DEPT,20180423085,Davidson,Not in City Limit,5/13/2018 11:15:00 AM,2,0,0,36.018980,-87.029100,HIGHWAY 100,,,,4.00,Feet,South,OLD HARDING PKE,,,,0.00,N,Not at Intersection, ,Non-Junction,None,,,         ,Douglas,Atwood,Clear,"Sideswipe, Same Direction",no,no,no,no,no,False
102009367,METROPOLITAN NASHVILLE POLICE DEPT,20180423152,Davidson,Nashville,5/13/2018 12:22:00 PM,2,2,0,36.167010,-86.779520,3RD AVN,,,,52.00,Feet,North,CHARLOTTE AV,,,,0.00,N,Not at Intersection,N,Non-Junction,None,,,         ,Daryl,Howard,Clear,Angle,no,no,no,no,yes,False
102009377,METROPOLITAN NASHVILLE POLICE DEPT,2018-0423076,Davidson,Nashville,5/13/2018 11:15:00 AM,2,0,0,36.047150,-86.714680,NOLENSVILLE PKE,,,,669.00,Feet,South,HICKORYVIEW DR,,,,0.00,N,Not at Intersection,N,Non-Junction,None,,,         ,Erik,Wagner,Cloudy,Unknown,no,no,no,yes,yes,False
102009406,METROPOLITAN NASHVILLE POLICE DEPT,20180423153,Davidson,Nashville,5/13/2018 12:24:00 PM,2,0,0,36.171110,-86.798560,I 40,,,,0.00,,,,,,,207.95,N,Not at Intersection,N,Non-Junction,None,,,         ,Patrick,Taylor,Clear,Angle,no,no,no,no,yes,False
102009434,METROPOLITAN NASHVILLE POLICE DEPT,20180423137,Davidson,Nashville,5/13/2018 12:14:00 PM,3,1,0,36.189180,-86.614420,OLD HICKORY BLVD,,,,594.00,Feet,West,OLD LEBANON DIRT RD,,,,0.00,N,Not at Intersection,N,Non-Junction,None,,,         ,Michael,Brooks,Clear,Front to Rear,no,no,no,no,no,False
102009435,METROPOLITAN NASHVILLE POLICE DEPT,20180423108,Davidson,Nashville,5/13/2018 12:02:00 PM,2,1,0,36.047550,-86.655930,HICKORY HOLLOW PKWY,,,,0.00,,,BELL RD,,,,0.00,Y,Four-Way,N,Intersection,None,,,         ,Jason,Hees,Clear,Angle,no,no,no,no,no,False
102009445,METROPOLITAN NASHVILLE POLICE DEPT,20180423169,Davidson,Nashville,5/13/2018 12:27:00 PM,2,0,0,36.169360,-86.679890,LEBANON PKE,,,,0.00,,,MCGAVOCK PKE,,,,0.00,Y,Four-Way, ,Intersection,None,,,         ,Lee,Davis,Clear,Front to Rear,no,no,no,no,no,False
102009448,METROPOLITAN NASHVILLE POLICE DEPT,20180423064,Davidson,Nashville,5/13/2018 11:33:00 AM,1,1,0,36.168570,-86.813360,I40 E EXT RAMP,,,,0.00,Feet,East,I 40,,,,0.00,N,Not at Intersection,N,Entrance/Exit Ramp Related,None,,,         ,Zachary,Goodall,Clear,Not Collision with Motor Vehicle in Transport,no,no,no,no,no,False
102009463,METROPOLITAN NASHVILLE POLICE DEPT,20180423210,Davidson,Nashville,5/13/2018 12:55:00 PM,2,0,0,36.046590,-86.647740,MT VIEW RD,,,,187.00,Feet,South,BELL FORGE LNE,,,,0.00,N,Not at Intersection, ,Non-Junction,None,,,         ,Brandon,Evans,Clear,Front to Rear,no,no,no,no,no,False
102009466,METROPOLITAN NASHVILLE POLICE DEPT,20180423170,Davidson,Nashville,5/13/2018 12:40:00 PM,4,0,0,36.163720,-86.762570,I 24,,,,0.00,,,,,,,49.20,N,Not at Intersection, ,Non-Junction,None,,,         ,James,Thornton,Clear,Front to Rear,no,no,no,no,no,False
102009496,METROPOLITAN NASHVILLE POLICE DEPT,20180423278,Davidson,Nashville,5/13/2018 2:08:00 AM,2,0,0,36.154120,-86.785890,12TH AVS,,,,199.00,Feet,South,DEMONBREUN ST,,,,0.00,N,Not at Intersection, ,,None,,,         ,Daryl,Howard,,,no,no,no,no,no,False
102009519,METROPOLITAN NASHVILLE POLICE DEPT,20180423165,Davidson,Nashville,5/13/2018 12:40:00 PM,2,0,0,36.167040,-86.761910,S 5TH ST,,,,215.00,Feet,North,SYLVAN ST,,,,0.00,N,Not at Intersection, ,Non-Junction,None,,,         ,Faye,Denson,Clear,"Sideswipe, Same Direction",no,no,no,no,no,False
102009589,METROPOLITAN NASHVILLE POLICE DEPT,20180423409,Davidson,Nashville,5/13/2018 12:00:00 AM,2,0,0,36.151800,-86.771250,4TH AVS,,,,0.00,,,LAFAYETTE ST,,,,0.00,Y,Four-Way, ,Intersection-Related,None,,,         ,Trevor,Taylor,Clear,"Sideswipe, Same Direction",no,no,no,no,no,False