master_record_number,agency,agency_tracking_number,county,city,collision_date,vehicles_involved,number_injured,number_dead,latitude,longitude,roadway_name,roadway_suffix,roadway_number,roadway_local_id,distance_from_reference,miles-feet_indicator,direction_from_reference,intersection_road_name,intersection_road_name_suffix,intersection_road_number,intersection_local_id,mile_marker,intersection_indicator,intersect_type,interchange_related_indicator,relation_to_junction,work_zone_type,construction_maintenance_zone,construction_maintenance_zone_location,fatal_case_number,officer_first_name,officer_last_name,weather_condition(s),manner_of_crash,pedestrian,bicycle,scooter,parking,hitrun,mou
102012641,METROPOLITAN NASHVILLE POLICE DEPT,20180432610,Davidson,Nashville,5/16/2018 2:00:00 PM,2,0,0,36.152700,-86.842240,46TH AVN,,,,180.00,Feet,North,CHARLOTTE AV,,,,0.00,N,Not at Intersection,N,Non-Junction,None,,,         ,Steven,Fisher,Clear,Front to Rear,no,no,no,no,yes,False
102012652,METROPOLITAN NASHVILLE POLICE DEPT,20180432551,Davidson,Nashville,5/16/2018 2:59:00 PM,2,0,0,36.153920,-86.756400,HERMITAGE AV,,,,50.00,Feet,West,FAIRFIELD AV,,,,0.00,N,Not at Intersection,N,Non-Junction,None,,,         ,Johnathan,Pannell,Clear,Front to Rear,no,no,no,no,yes,False
102012654,METROPOLITAN NASHVILLE POLICE DEPT,20180432550,Davidson,Nashville,5/16/2018 2:58:00 PM,2,1,0,36.122090,-86.807160,I440 E ENT RAMP,,,,0.00,,,I 440,,,,0.00,Y,OTHER,Y,Intersection-Related,None,,,         ,Douglas,Sykes,Clear,HeadOn,no,no,no,no,no,False
102012659,METROPOLITAN NASHVILLE POLICE DEPT,20180432615,Davidson,Nashville,5/16/2018 3:44:00 PM,2,0,0,36.097480,-86.738350,NOLENSVILLE PKE,,,,99.00,Feet,South,VERITAS ST,,,,0.00,N,Not at Intersection,N,Non-Junction,None,,,         ,YUNUS,ADAK,Clear,Angle,no,no,no,no,no,False
102012663,METROPOLITAN NASHVILLE POLICE DEPT,20180432706,Davidson,Nashville,5/16/2018 12:00:00 AM,2,0,0,36.157880,-86.800390,CHARLOTTE AV,,,,138.00,Feet,West,DR D B TODD JR BLVD,,,,0.00,N,Not at Intersection, ,Non-Junction,None,,,         ,Melvin,Taylor,Clear,Angle,no,no,no,no,no,False
102012669,METROPOLITAN NASHVILLE POLICE DEPT,20180432518,Davidson,Nashville,5/16/2018 2:50:00 PM,2,0,0,36.165840,-86.765730,I24 E ENT RAMP,,,,0.00,Feet,East,I 24,,,,0.00,N,Not at Intersection, ,Non-Junction,None,,,         ,Reginald,Pierre-Paul,Clear,Front to Rear,no,no,no,no,no,False
102012670,METROPOLITAN NASHVILLE POLICE DEPT,20180432673,Davidson,Nashville,5/16/2018 3:58:00 PM,3,0,0,36.226310,-86.603190,SAUNDERSVILLE RD,,,,0.00,,,SHUTE LN,,,,0.00,Y,T-Intersection,Y,Intersection,None,,,         ,Craig,Gentry,Clear,HeadOn,no,no,no,no,no,False
102012671,METROPOLITAN NASHVILLE POLICE DEPT,20180432711,Davidson,Nashville,5/16/2018 4:01:00 PM,2,0,0,36.231250,-86.724930,HAYSBORO AV,,,,0.00,,,GALLATIN PKE,,,,0.00,Y,Four-Way, ,Intersection,None,,,         ,Richard,Conger,Clear,Front to Rear,no,no,no,no,no,False
102012673,METROPOLITAN NASHVILLE POLICE DEPT,20180432710,Davidson,Nashville,5/16/2018 4:16:00 PM,2,1,0,36.154480,-86.764930,LINDSLEY AV,,,,0.00,,,,,,,0.00,,,N,Non-Junction,None,,,         ,Seth,Quiles,Clear,"Sideswipe, Same Direction",no,no,no,no,no,False
102012678,METROPOLITAN NASHVILLE POLICE DEPT,20180429996,Davidson,Nashville,5/15/2018 4:35:00 PM,2,0,0,36.032510,-86.640500,I 24,,,,0.00,,,,,,,60.80,N,Not at Intersection, ,Non-Junction,None,,,         ,John,Roberson,Clear,Front to Rear,no,no,no,no,no,False
102012681,METROPOLITAN NASHVILLE POLICE DEPT,20180432654,Davidson,Old Hickory,5/16/2018 4:00:00 PM,2,0,0,36.255970,-86.654180,ROBINSON RD,,,,70.00,Feet,West,MERRITT ST,,,,0.00,N,Not at Intersection, ,,None,,,         ,Noah,Melton,,,no,no,no,no,no,False
102012683,METROPOLITAN NASHVILLE POLICE DEPT,20180432677,Davidson,Nashville,5/16/2018 3:20:00 PM,2,0,0,36.089130,-86.614850,CASTLEGATE DR,,,,0.00,,,SMITH SPRINGS RD,,,,0.00,Y,T-Intersection,N,Intersection,None,,,         ,Cheri,Cox,Clear,Front to Rear,no,no,no,no,yes,False
102012698,METROPOLITAN NASHVILLE POLICE DEPT,20180432595,Davidson,Nashville,5/16/2018 3:35:00 PM,2,0,0,36.151350,-86.751100,I 40,,,,0.00,,,,,,,211.55,N,Not at Intersection, ,,None,,,         ,Johnathan,Pannell,,,no,no,no,no,no,False
102012700,METROPOLITAN NASHVILLE POLICE DEPT,20180432857,Davidson,Nashville,5/16/2018 5:03:00 PM,2,0,0,36.160760,-86.793690,14TH AVN,,,,0.00,,,CHARLOTTE AV,,,,0.00,Y,Four-Way, ,Intersection,None,,,         ,Eric,Burford,Clear,Front to Rear,no,no,no,no,no,False
102012704,METROPOLITAN NASHVILLE POLICE DEPT,20180432602,Davidson,Nashville,5/16/2018 12:00:00 AM,2,0,0,36.081550,-86.625920,WHORLEY DR,,,,0.00,,,MOSSDALE DR,,,,0.00,Y,Four-Way,N,Intersection-Related,None,,,         ,Kimberly,Annson,Clear,Front to Rear,no,no,no,no,yes,False
102012740,METROPOLITAN NASHVILLE POLICE DEPT,20180432960,Davidson,Nashville,5/16/2018 5:39:00 PM,2,0,0,36.041190,-86.776690,OLD HICKORY BLVD,,,,142.00,Feet,West,BRENTWOOD TRC,,,,0.00,N,Not at Intersection, ,Non-Junction,None,,,         ,Edin,Plancic,Clear,Front to Rear,no,no,no,no,no,False
102012741,METROPOLITAN NASHVILLE POLICE DEPT,20180432975,Davidson,Nashville,5/16/2018 5:32:00 PM,2,0,0,36.134240,-86.776370,I65 S ENT RAMP,,,,0.00,,,I65 S EXT RAMP,,,,0.00,Y,Four-Way,N,Intersection,None,,,         ,Ryan,Storm,Clear,HeadOn,no,no,no,no,no,False
102012761,METROPOLITAN NASHVILLE POLICE DEPT,20180432446,Davidson,Nashville,5/16/2018 2:30:00 PM,2,1,0,36.032560,-86.768700,CLOVERLAND DR,,,,0.00,,,JONES PKWY,,,,0.00,Y,Four-Way,N,Intersection-Related,None,,,         ,Jacob,Paul,Clear,Front to Rear,no,no,no,no,no,False
102012765,METROPOLITAN NASHVILLE POLICE DEPT,20180432935,Davidson,Nashville,5/16/2018 4:40:00 PM,2,0,0,36.058910,-86.716210,NOLENSVILLE PKE,,,,57.00,Feet,South,TUSCULUM RD,,,,0.00,N,Not at Intersection,N,Non-Junction,None,,,         ,YUNUS,ADAK,Clear,Front to Rear,no,no,no,no,no,False
102012773,METROPOLITAN NASHVILLE POLICE DEPT,20180433076,Davidson,Nashville,5/16/2018 5:16:00 PM,2,0,0,36.124080,-86.751660,I440 W EXT RAMP,,,,0.00,,,I 440,,,,0.00,Y,OTHER, ,Entrance/Exit Ramp Related,None,,,         ,Douglas,Sykes,Clear,"Sideswipe, Same Direction",no,no,no,no,no,False
102012776,METROPOLITAN NASHVILLE POLICE DEPT,20180433024,Davidson,Nashville,5/16/2018 6:28:00 PM,2,0,0,36.155010,-86.627110,STEWARTS FERRY PKE,,,,0.00,,,I40 E EXT RAMP,,,,0.00,Y,OTHER,N,Intersection-Related,None,,,         ,Kimberly,Annson,Clear,Other,no,no,no,no,no,False
102012779,VANDERBILT UNIVERSITY POLICE,180432878,Davidson,Nashville,5/16/2018 4:55:00 PM,2,0,0,36.141540,-86.778130,CHESTNUT ST,,,,0.00,,,,,,,0.00,,,N,Non-Junction,None,,,         ,Lydell,Reedy,Cloudy,Unknown,no,no,no,yes,yes,False
102012783,METROPOLITAN NASHVILLE POLICE DEPT,20180432627,Davidson,Nashville,5/16/2018 3:49:00 PM,2,1,0,36.145500,-86.626190,LINCOYA BAY DR,,,,0.00,,,BELL RD,,,,0.00,Y,Four-Way,N,Intersection,None,,,         ,Dontaveous,Eubanks,Clear,Other,no,no,no,no,no,False
102012788,METROPOLITAN NASHVILLE POLICE DEPT,20180432938,Davidson,Nashville,5/16/2018 5:57:00 PM,2,0,0,36.129450,-86.854570,WHITE BRIDGE PKE,,,,0.00,,,TARGET PVTDR,,,,0.00,Y,Four-Way,N,Intersection,None,,,         ,Kelby,Dumond,Clear,Angle,no,no,no,no,no,False
102012789,METROPOLITAN NASHVILLE POLICE DEPT,20180433100,Davidson,Nashville,5/16/2018 4:57:00 PM,2,0,0,36.139570,-86.700810,KAREN DR,,,,20.00,Feet,West,ENVIOUS LN,,,,0.00,N,Not at Intersection, ,Non-Junction,None,,,         ,Cheri,Cox,Clear,Front to Rear,no,no,no,no,no,False
102012790,METROPOLITAN NASHVILLE POLICE DEPT,20180433091,Davidson,Nashville,5/16/2018 12:00:00 AM,1,0,0,36.150770,-86.771380,MULBERRY ST,,,,193.00,Feet,East,5TH AVS,,,,0.00,N,Not at Intersection,N,Non-Junction,None,,,         ,Derek,Betty,Clear,Not Collision with Motor Vehicle in Transport,no,no,no,no,yes,False
102012793,METROPOLITAN NASHVILLE POLICE DEPT,20180433051,Davidson,Not in City Limit,5/16/2018 6:30:00 PM,2,0,0,36.325790,-86.868770,I24 W EXT RAMP,,,,0.00,Feet,East,I 24,,,,0.00,N,Not at Intersection, ,Non-Junction,None,,,         ,Jerry,Pirtle,Cloudy,Front to Rear,no,no,no,no,no,False
102012803,METROPOLITAN NASHVILLE POLICE DEPT,20180433201,Davidson,Nashville,5/16/2018 4:43:00 PM,2,0,0,36.118530,-86.726300,I 24,,,,0.00,,,,,,,53.00,N,Not at Intersection,N,Non-Junction,None,,,         ,YUNUS,ADAK,Clear,"Sideswipe, Same Direction",no,no,no,no,yes,False
102012804,METROPOLITAN NASHVILLE POLICE DEPT,20180432832,Davidson,Nashville,5/16/2018 3:55:00 PM,2,0,0,36.121310,-86.727250,I 24,,,,0.00,,,,,,,52.80,N,Not at Intersection, ,Non-Junction,None,,,         ,Patrick,Martin,Clear,"Sideswipe, Same Direction",no,no,no,no,no,False
102012807,METROPOLITAN NASHVILLE POLICE DEPT,20180432563,Davidson,Nashville,5/16/2018 3:18:00 PM,2,0,0,36.106230,-86.718860,I 24,,,,0.00,,,,,,,54.00,N,Not at Intersection,N,Non-Junction,None,,,         ,Johnathon,Birdwell,Clear,Front to Rear,no,no,no,no,no,False
102012809,METROPOLITAN NASHVILLE POLICE DEPT,20180432496,Davidson,Nashville,5/16/2018 2:43:00 PM,2,0,0,36.076580,-86.749170,WAUFORD DR,,,,137.00,Feet,North,W LONGDALE DR,,,,0.00,N,Not at Intersection,N,Non-Junction,None,,,         ,Akira,McSwain,Clear,Angle,no,no,no,yes,no,False
102012810,METROPOLITAN NASHVILLE POLICE DEPT,20180432720,Davidson,Nashville,5/16/2018 3:44:00 PM,2,0,0,36.157590,-86.801430,19TH AVN,,,,0.00,,,CHARLOTTE AV,,,,0.00,Y,T-Intersection,N,Non-Junction,None,,,         ,Akira,McSwain,Clear,Front to Rear,no,no,no,no,yes,False
102012811,METROPOLITAN NASHVILLE POLICE DEPT,20180432792,Davidson,Nashville,5/16/2018 12:00:00 AM,2,2,0,36.156380,-86.794800,CHURCH ST,,,,91.00,Feet,West,16TH AVN,,,,0.00,N,Not at Intersection,N,Non-Junction,None,,,         ,Akira,McSwain,Clear,Front to Rear,no,no,no,no,no,False
102012812,METROPOLITAN NASHVILLE POLICE DEPT,20180433042,Davidson,Nashville,5/16/2018 5:37:00 PM,2,0,0,36.131370,-86.774130,I 65,,,,0.00,,,,,,,81.15,N,Not at Intersection, ,Non-Junction,None,,,         ,Akira,McSwain,Clear,Front to Rear,no,no,no,no,no,False
102012814,METROPOLITAN NASHVILLE POLICE DEPT,20180432995,Davidson,Nashville,5/16/2018 6:22:00 PM,2,1,0,36.148050,-86.807790,ELLISTON PL,,,,0.00,,,REIDHURST AV,,,,0.00,Y,T-Intersection,N,Intersection-Related,None,,,         ,Eric,Burford,Clear,Angle,no,no,no,no,no,Campus
102012815,METROPOLITAN NASHVILLE POLICE DEPT,20180432836,Davidson,Nashville,5/16/2018 5:06:00 PM,2,1,0,36.201230,-86.617760,LEBANON PKE,,,,0.00,,,TYLER DR,,,,0.00,Y,T-Intersection,N,Intersection,None,,,         ,Abbey,Sawl,Clear,Angle,no,no,no,no,no,False
102012819,METROPOLITAN NASHVILLE POLICE DEPT,20180432884,Davidson,Nashville,5/16/2018 5:05:00 PM,2,0,0,36.233810,-86.625380,OLD HICKORY BLVD,,,,298.00,Feet,South,MONTCHANIN RD,,,,0.00,N,Not at Intersection, ,Non-Junction,None,,,         ,Craig,Gentry,Clear,"Sideswipe, Same Direction",no,no,no,no,no,False
102012827,METROPOLITAN NASHVILLE POLICE DEPT,20180432796,Davidson,Nashville,5/16/2018 5:00:00 PM,2,0,0,36.093010,-86.762740,I 65,,,,0.00,,,,,,,78.55,N,Not at Intersection, ,Non-Junction,None,,,         ,Jacob,Paul,Clear,Front to Rear,no,no,no,no,no,False
102012831,VANDERBILT UNIVERSITY POLICE,20180432616,Davidson,Nashville,5/16/2018 12:00:00 AM,2,0,0,36.139470,-86.804080,CHILDRENS WAY,,,,0.00,,,25TH AVE S,,,,0.00,,Not at Intersection, ,OtherLocation,None,,,         ,Lakisha,Chandler,Clear,Unknown,no,no,no,yes,yes,Campus
102012833,METROPOLITAN NASHVILLE POLICE DEPT,20180433180,Davidson,Nashville,5/16/2018 7:40:00 PM,2,0,0,36.249190,-86.734460,DUE WEST AVW,,,,0.00,,,S GRAYCROFT AV,,,,0.00,Y,Four-Way,N,Intersection,None,,,         ,Christopher,Littles,Cloudy,Angle,no,no,no,no,no,False
102012852,METROPOLITAN NASHVILLE POLICE DEPT,20180433022,Davidson,Nashville,5/16/2018 6:14:00 PM,3,2,0,36.074570,-86.693150,I 24,,,,0.00,,,,,,,56.60,N,Not at Intersection,N,Non-Junction,None,,,         ,Jedidayah,Merriweather,Clear,Front to Rear,no,no,no,no,no,False
102012855,METROPOLITAN NASHVILLE POLICE DEPT,20180423160,Davidson,Nashville,5/13/2018 12:29:00 PM,2,0,0,36.142080,-86.860370,DEMOSS RD,,,,293.00,Feet,West,OCEOLA AV,,,,0.00,N,Not at Intersection, ,Non-Junction,None,,,         ,Christopher,Augustin,Clear,Angle,no,no,no,yes,no,False
102012858,METROPOLITAN NASHVILLE POLICE DEPT,20180433104,Davidson,Nashville,5/16/2018 6:32:00 PM,2,0,0,36.140570,-86.723850,I 40,,,,0.00,,,,,,,213.45,N,Not at Intersection, ,Non-Junction,None,,,         ,Samuel,Sundra,Clear,"Sideswipe, Same Direction",no,no,no,no,no,False
102012859,METROPOLITAN NASHVILLE POLICE DEPT,20180433372,Davidson,Nashville,5/16/2018 8:49:00 PM,1,0,0,36.036610,-86.648560,I24 E EXT RAMP,,,,0.00,,,I 24,,,,0.00,Y,OTHER, ,Non-Junction,None,,,         ,Patrick,Martin,Rain,Not Collision with Motor Vehicle in Transport,no,no,no,no,no,False
102012891,METROPOLITAN NASHVILLE POLICE DEPT,20180432901,Davidson,Nashville,5/16/2018 5:37:00 PM,2,2,0,36.077060,-86.823700,TYNE BLVD,,,,760.00,Feet,South,STUART GLEN DR,,,,0.00,N,Not at Intersection,N,Non-Junction,None,,,         ,Jacob,Paul,Clear,HeadOn,no,no,no,no,no,False
102012921,METROPOLITAN NASHVILLE POLICE DEPT,20180432936,Davidson,Nashville,5/16/2018 5:58:00 PM,3,0,0,36.220840,-86.761980,DICKERSON PKE,,,,151.00,Feet,South,PINE RIDGE DR,,,,0.00,N,Not at Intersection,N,Non-Junction,None,,,         ,Joshua,Lackey,Clear,Front to Rear,no,no,no,no,no,False
102012922,METROPOLITAN NASHVILLE POLICE DEPT,20180433409,Davidson,Nashville,5/16/2018 9:12:00 PM,2,0,0,36.136210,-86.698990,BRILEY PKWY,,,,94.00,Feet,North,BRILEY PKWYS,,,,0.00,N,Not at Intersection, ,Non-Junction,None,,,         ,Dontaveous,Eubanks,Rain,Front to Rear,no,no,no,no,no,False
102012923,METROPOLITAN NASHVILLE POLICE DEPT,20180419528,Davidson,Nashville,5/11/2018 11:00:00 PM,1,0,0,36.149710,-86.857930,WHITE BRIDGE PKE,,,,160.00,Feet,South,CHARLOTTE PKE,,,,0.00,N,Not at Intersection,N,Non-Junction,None,,,         ,Melvin,Foster,Clear,Not Collision with Motor Vehicle in Transport,no,no,no,no,yes,False
102012925,METROPOLITAN NASHVILLE POLICE DEPT,20180433465,Davidson,Nashville,5/16/2018 9:33:00 PM,1,0,0,36.061600,-86.681560,I 24,,,,0.00,,,,,,,57.70,N,Not at Intersection, ,Non-Junction,None,,,         ,Marcus,Darden,Rain,Not Collision with Motor Vehicle in Transport,no,no,no,no,no,False
102012927,METROPOLITAN NASHVILLE POLICE DEPT,20180433562,Davidson,Nashville,5/16/2018 9:38:00 PM,1,1,0,36.067440,-86.636700,BELL RD,,,,322.00,Feet,North,MORRIS GENTRY BLVD,,,,0.00,N,Not at Intersection,N,Non-Junction,None,,,         ,YUNUS,ADAK,Rain,Not Collision with Motor Vehicle in Transport,no,no,no,no,no,False
102012934,METROPOLITAN NASHVILLE POLICE DEPT,20180433363,Davidson,Nashville,5/16/2018 9:10:00 PM,2,1,0,36.126770,-86.753080,NOLENSVILLE PKE,,,,45.00,Feet,South,VIVELLE AV,,,,0.00,N,Not at Intersection,N,Non-Junction,None,,,         ,Aimee,Ortiz,Rain,Front to Rear,no,no,no,no,no,False
102012939,METROPOLITAN NASHVILLE POLICE DEPT,20180432974,Davidson,Nashville,5/16/2018 6:12:00 PM,2,1,0,36.091270,-86.696400,ANTIOCH PKE,,,,0.00,,,HARDING INDUSTRIAL DR,,,,0.00,Y,OTHER,N,"Driveway, Alley Access, etc",None,,,         ,Christopher,Augustin,Cloudy,Angle,no,no,no,no,no,False
102012944,METROPOLITAN NASHVILLE POLICE DEPT,20180432934,Davidson,Nashville,5/16/2018 5:47:00 PM,4,4,0,36.140510,-86.886860,I 40,,,,0.00,,,,,,,202.05,N,Not at Intersection,N,Non-Junction,None,,,         ,Jonathan,Nicholson,Clear,Front to Rear,no,no,no,no,no,False
102012947,METROPOLITAN NASHVILLE POLICE DEPT,20180433521,Davidson,Nashville,5/16/2018 9:30:00 PM,2,0,0,36.069650,-86.689530,I 24,,,,0.00,,,,,,,57.00,N,Not at Intersection,N,Non-Junction,None,,,         ,Richard,Olive,Rain,Front to Rear,no,no,no,no,yes,False
102012952,METROPOLITAN NASHVILLE POLICE DEPT,20180433596,Davidson,Nashville,5/16/2018 7:26:00 PM,3,0,0,36.074330,-86.724700,NOLENSVILLE PKE,,,,103.00,Feet,North,GOINS RD,,,,0.00,N,Not at Intersection,N,Non-Junction,None,,,         ,Brandon,Hughes,Rain,Front to Rear,no,no,no,no,yes,False
102012959,METROPOLITAN NASHVILLE POLICE DEPT,20180433585,Davidson,Nashville,5/16/2018 9:27:00 PM,2,0,0,36.049280,-86.651730,BELL RD,,,,0.00,,,HICKORY HOLLOW LN,,,,0.00,Y,Four-Way,N,Intersection,None,,,         ,Patrick,Martin,Rain,Angle,no,no,no,no,yes,False
102012960,METROPOLITAN NASHVILLE POLICE DEPT,20180433581,Davidson,Not in City Limit,5/16/2018 10:22:00 PM,2,2,0,36.263760,-86.712400,OLD TIME VILLAGE PVTDR,,,,0.00,Feet,East,STATE RT 45,,,,0.00,N,Not at Intersection,N,OtherLocation,None,,,         ,Christopher,Littles,Cloudy,Angle,no,no,no,no,no,False
102012961,METROPOLITAN NASHVILLE POLICE DEPT,20180433185,Davidson,Nashville,5/16/2018 7:10:00 PM,2,0,0,36.061530,-86.716710,NOLENSVILLE PKE,,,,85.00,Feet,North,MCMURRAY DR,,,,0.00,N,Not at Intersection, ,Non-Junction,None,,,         ,Aimee,Ortiz,Rain,Front to Rear,no,no,no,no,no,False
102012994,METROPOLITAN NASHVILLE POLICE DEPT,20180433615,Davidson,Nashville,5/16/2018 10:45:00 PM,2,0,0,36.141430,-86.885610,I 40,,,,0.00,,,,,,,202.15,N,Not at Intersection, ,Non-Junction,None,,,         ,Kevin,McGinniss,Clear,"Sideswipe, Same Direction",no,no,no,no,no,False
102012998,METROPOLITAN NASHVILLE POLICE DEPT,20180433646,Davidson,Nashville,5/16/2018 10:30:00 PM,1,0,0,36.024320,-86.742380,EDMONSON,PIKE,,,0.00,,,,,,,0.00,,,N,Non-Junction,None,,,         ,Joshua,Dickall,Rain,Not Collision with Motor Vehicle in Transport,no,no,no,no,no,False
102013002,METROPOLITAN NASHVILLE POLICE DEPT,20180433719,Davidson,Nashville,5/16/2018 10:24:00 PM,2,1,0,36.167660,-86.663320,LEBANON PKE,,,,0.00,,,DONELSON PKE,,,,0.00,Y,T-Intersection,N,Intersection,None,,,         ,Joseph,Zambardi,Clear,Angle,no,no,no,no,no,False
102013046,METROPOLITAN NASHVILLE POLICE DEPT,20180434062,Davidson,Nashville,5/17/2018 1:55:00 AM,2,4,0,36.171840,-86.764770,S 5TH ST,,,,0.00,Feet,,WOODLAND ST,,,,0.00,Y,Four-Way,N,Intersection,None,,,         ,Douglas,Smith,Clear,Angle,no,no,no,no,no,False
102013093,METROPOLITAN NASHVILLE POLICE DEPT,20180434416,Davidson,Nashville,5/17/2018 4:50:00 AM,1,0,0,36.102660,-86.765670,I 65,,,,0.00,,,,,,,79.25,N,Not at Intersection,N,Non-Junction,None,,,         ,Joshua,Billotte,Clear,Not Collision with Motor Vehicle in Transport,no,no,no,no,yes,False
102013129,METROPOLITAN NASHVILLE POLICE DEPT,20180434501,Davidson,Nashville,5/17/2018 5:26:00 AM,2,0,0,36.144310,-86.693710,I 40,,,,0.00,,,,,,,215.10,N,Not at Intersection, ,Non-Junction,None,,,         ,Kyle,Berkheiser,Clear,"Sideswipe, Same Direction",no,no,no,no,no,False
102013131,METROPOLITAN NASHVILLE POLICE DEPT,20180433624,Davidson,Nashville,5/16/2018 12:00:00 AM,2,1,0,36.009150,-86.621710,OLD HICKORY BLVD,,,,0.00,,,OCTOBER WOODS DR,,,,0.00,Y,T-Intersection,N,Intersection,None,,,         ,Michael,Baggech,Rain,"Sideswipe, Opposite Direction",no,no,no,no,yes,False
102013132,Nashville Airport Police,2018-01825,Davidson,Nashville,5/15/2018 12:00:00 AM,3,0,0,36.108200,-86.668300,KNAPP BLVD,,,,0.00,,,KNAPP BLVD,,,,0.00,,Not at Intersection,N,OtherLocation,None,,,         ,Kristina,Morrow,Clear,"Sideswipe, Same Direction",no,no,no,yes,no,False
102013133,METROPOLITAN NASHVILLE POLICE DEPT,2018-0434615,Davidson,Nashville,5/17/2018 6:14:00 AM,1,1,0,36.143720,-86.873570,CHARLOTTE PKE,,,,195.00,Feet,West,WATTS LN,,,,0.00,N,Not at Intersection,N,Non-Junction,None,,,         ,William,McDaniel,Clear,Not Collision with Motor Vehicle in Transport,no,no,no,no,no,False
102013136,METROPOLITAN NASHVILLE POLICE DEPT,20180432413,Davidson,Nashville,5/16/2018 2:00:00 PM,2,0,0,36.045610,-86.658480,BELL RD,,,,0.00,,,I24 W ENT RAMP,,,,0.00,Y,Four-Way,Y,Intersection,None,,,         ,Eric,Wegener,Clear,Angle,no,no,no,no,no,False
102013164,METROPOLITAN NASHVILLE POLICE DEPT,20180434681,Davidson,Nashville,5/17/2018 6:59:00 AM,2,0,0,36.141010,-86.659810,I 40,,,,0.00,,,,,,,218.00,N,Not at Intersection, ,Non-Junction,None,,,         ,Michael,Dance,Clear,Front to Rear,no,no,no,no,no,False
102013166,METROPOLITAN NASHVILLE POLICE DEPT,20180434567,Davidson,Nashville,5/17/2018 5:48:00 AM,2,1,0,36.058620,-86.678170,I 24,,,,0.00,,,,,,,58.00,N,Not at Intersection,N,Non-Junction,None,,,         ,Kevin,Breeding,Clear,Front to Rear,no,no,no,no,no,False
102013175,METROPOLITAN NASHVILLE POLICE DEPT,20180434675,Davidson,Nashville,5/17/2018 6:45:00 AM,2,0,0,36.248770,-86.742360,I 65,,,,0.00,,,,,,,91.10,N,Not at Intersection,N,Non-Junction,None,,,         ,Nicholas,Smith,Clear,"Sideswipe, Same Direction",no,no,no,no,yes,False
102013183,METROPOLITAN NASHVILLE POLICE DEPT,20180434664,Davidson,Nashville,5/17/2018 6:42:00 AM,2,0,0,36.143400,-86.686990,I 40,,,,0.00,,,,,,,215.45,N,Not at Intersection, ,,None,,,         ,Michael,Dance,,,no,no,no,no,no,False
102013192,METROPOLITAN NASHVILLE POLICE DEPT,20180434605,Davidson,Nashville,5/17/2018 6:09:00 AM,2,0,0,36.191880,-86.783100,I 65,,,,0.00,,,,,,,86.15,N,Not at Intersection,N,Non-Junction,None,,,         ,Jamel,Griffin,Cloudy,"Sideswipe, Same Direction",no,no,no,no,yes,False
102013210,METROPOLITAN NASHVILLE POLICE DEPT,20180434724,Davidson,Nashville,5/17/2018 7:27:00 AM,2,0,0,36.151690,-86.770930,LAFAYETTE ST,,,,102.00,Feet,East,4TH AVS,,,,0.00,N,Not at Intersection, ,Non-Junction,None,,,         ,Tony,Folad,Cloudy,"Sideswipe, Same Direction",no,no,no,no,no,False
102013217,METROPOLITAN NASHVILLE POLICE DEPT,20180434794,Davidson,Nashville,5/17/2018 7:47:00 AM,2,0,0,36.229660,-86.759230,DICKERSON PKE,,,,105.00,Feet,North,BROADMOOR DR,,,,0.00,N,Not at Intersection,N,Non-Junction,None,,,         ,Nicholas,Smith,Clear,Front to Rear,no,no,no,no,yes,False
102013218,METROPOLITAN NASHVILLE POLICE DEPT,20180434714,Davidson,Old Hickory,5/17/2018 7:15:00 AM,1,0,0,36.276570,-86.672740,KEETON AV,,,,0.00,,,SCENIC VIEW RD,,,,0.00,Y,T-Intersection,N,Intersection-Related,None,,,         ,William,Mckay,Clear,Not Collision with Motor Vehicle in Transport,no,no,no,no,no,False
102013223,METROPOLITAN NASHVILLE POLICE DEPT,20180434636,Davidson,Nashville,5/17/2018 6:10:00 AM,5,0,0,36.198620,-86.776420,I 65,,,,0.00,,,,,,,86.80,N,Not at Intersection,N,Non-Junction,None,,,         ,Jean,McCormack,Clear,Front to Rear,no,no,no,no,no,False
102013229,METROPOLITAN NASHVILLE POLICE DEPT,20180434856,Davidson,Nashville,5/17/2018 8:31:00 AM,2,0,0,36.090330,-86.626500,SMITH SPRINGS RD,,,,0.00,,,BELL RD,,,,0.00,Y,Four-Way, ,,None,,,         ,Michael,Dance,,,no,no,no,no,no,False
102013230,METROPOLITAN NASHVILLE POLICE DEPT,20180434803,Davidson,Nashville,5/17/2018 7:57:00 AM,2,0,0,36.119620,-86.753560,CRUZEN ST,,,,0.00,,,MELROSE AV,,,,0.00,Y,Four-Way,N,Intersection,None,,,         ,Nathan,Kemp,Cloudy,Front to Rear,no,no,no,no,no,False
102013257,METROPOLITAN NASHVILLE POLICE DEPT,20180434728,Davidson,Nashville,5/17/2018 7:26:00 AM,2,0,0,36.055100,-86.742660,MCMURRAY DR,,,,0.00,,,EDMONDSON PKE,,,,0.00,Y,Four-Way,N,Intersection,None,,,         ,Jon,Mcvey,Cloudy,Angle,no,no,no,no,yes,False
102013258,METROPOLITAN NASHVILLE POLICE DEPT,20180434891,Davidson,Nashville,5/17/2018 8:40:00 AM,3,1,0,36.108260,-86.769100,I 65,,,,0.00,,,,,,,79.60,N,Not at Intersection,N,Non-Junction,None,,,         ,Jon,Mcvey,Cloudy,Front to Rear,no,no,no,no,yes,False
102013271,METROPOLITAN NASHVILLE POLICE DEPT,20180434781,Davidson,Antioch,5/17/2018 8:05:00 AM,2,0,0,36.066880,-86.599780,MT VIEW RD,,,,0.00,,,TRU LONG DR,,,,0.00,Y,T-Intersection, ,,None,,,         ,Steven,Williams,,,no,no,no,no,no,False