master_record_number,agency,agency_tracking_number,county,city,collision_date,vehicles_involved,number_injured,number_dead,latitude,longitude,roadway_name,roadway_suffix,roadway_number,roadway_local_id,distance_from_reference,miles-feet_indicator,direction_from_reference,intersection_road_name,intersection_road_name_suffix,intersection_road_number,intersection_local_id,mile_marker,intersection_indicator,intersect_type,interchange_related_indicator,relation_to_junction,work_zone_type,construction_maintenance_zone,construction_maintenance_zone_location,fatal_case_number,officer_first_name,officer_last_name,weather_condition(s),manner_of_crash,pedestrian,bicycle,scooter,parking,hitrun,mou
102013801,METROPOLITAN NASHVILLE POLICE DEPT,20180435767,Davidson,Nashville,5/17/2018 2:18:00 PM,2,0,0,36.139450,-86.734190,MURFREESBORO PKE,,,,307.00,Feet,West,ARLINGTON AV,,,,0.00,N,Not at Intersection,N,Non-Junction,None,,,         ,Samuel,Sundra,Clear,Front to Rear,no,no,no,no,no,False
102013802,METROPOLITAN NASHVILLE POLICE DEPT,20180435955,Davidson,Nashville,5/17/2018 3:48:00 PM,3,0,0,36.142730,-86.735870,I 40,,,,0.00,,,,,,,212.75,N,Not at Intersection,N,Non-Junction,None,,,         ,Samuel,Sundra,Cloudy,Front to Rear,no,no,no,no,yes,False
102013803,METROPOLITAN NASHVILLE POLICE DEPT,20180436176,Davidson,Nashville,5/17/2018 5:33:00 PM,2,2,0,36.155200,-86.680230,LAKELAND DR,,,,429.00,Feet,South,MCGAVOCK PKE,,,,0.00,N,Not at Intersection,N,Non-Junction,None,,,         ,Samuel,Sundra,Rain,HeadOn,no,no,no,no,no,False
102013804,METROPOLITAN NASHVILLE POLICE DEPT,20180436214,Davidson,Nashville,5/17/2018 5:44:00 PM,2,0,0,36.155200,-86.680230,LAKELAND DR,,,,429.00,Feet,South,MCGAVOCK PKE,,,,0.00,N,Not at Intersection,N,Non-Junction,None,,,         ,Samuel,Sundra,Rain,HeadOn,no,no,no,no,no,False
102013810,METROPOLITAN NASHVILLE POLICE DEPT,20180436323,Davidson,Nashville,5/17/2018 5:48:00 PM,1,0,0,36.170290,-86.765540,S 4TH ST,,,,0.00,,,RUSSELL ST,,,,0.00,Y,OTHER,N,Intersection,None,,,         ,Tyler,Adcock,Rain,Not Collision with Motor Vehicle in Transport,no,no,no,no,no,False
102013812,METROPOLITAN NASHVILLE POLICE DEPT,20180436301,Davidson,Not in City Limit,5/17/2018 6:16:00 PM,2,1,0,36.325910,-86.868970,I24 W EXT RAMP,,,,0.00,,,I 24,,,,0.00,Y,T-Intersection, ,Intersection-Related,None,,,         ,Andrey,Volfson,Cloudy,Front to Rear,no,no,no,no,no,False
102013816,METROPOLITAN NASHVILLE POLICE DEPT,20180436239,Davidson,Not in City Limit,5/17/2018 5:45:00 PM,1,1,0,36.298440,-86.887960,CLARKSVILLE PKE,,,,210.00,Feet,South,KOLZ LN,,,,0.00,N,Not at Intersection,N,Non-Junction,None,,,         ,Jerry,Pirtle,Cloudy,Not Collision with Motor Vehicle in Transport,no,no,no,no,no,False
102013829,METROPOLITAN NASHVILLE POLICE DEPT,20180436245,Davidson,Nashville,5/17/2018 5:52:00 PM,3,1,0,36.078590,-86.805690,OVERTON LEA RD,,,,0.00,,,GRANNY WHITE PKE,,,,0.00,Y,T-Intersection,N,Intersection-Related,None,,,         ,Brandon,Hughes,Rain,Angle,no,no,no,no,no,False
102013837,METROPOLITAN NASHVILLE POLICE DEPT,20180436418,Davidson,Not in City Limit,5/17/2018 6:36:00 PM,2,2,0,36.294440,-86.887300,CLARKSVILLE PKE,,,,618.00,Feet,South,OLD CLARKSVILLE PKE,,,,0.00,N,Not at Intersection,N,Non-Junction,None,,,         ,Brian,Woodard,Cloudy,Angle,no,no,no,no,no,False
102013843,THP District 3 - Nashville,318031358,Davidson,Nashville,5/17/2018 4:59:00 PM,2,0,0,36.030660,-86.783580,I 65,,,,0.00,,,,,,,74.00,N,Not at Intersection, ,Non-Junction,None,,,         ,Andrew,Perez,Rain,Front to Rear,no,no,no,no,no,False
102013860,METROPOLITAN NASHVILLE POLICE DEPT,20180436101,Davidson,Nashville,5/17/2018 4:47:00 PM,3,0,0,36.122950,-86.751510,I 440,,,,0.00,,,,,,,6.30,N,Not at Intersection, ,Non-Junction,None,,,         ,Jacob,Paul,Rain,Front to Rear,no,no,no,no,no,False
102013868,METROPOLITAN NASHVILLE POLICE DEPT,20180436585,Davidson,Nashville,5/17/2018 8:09:00 PM,1,0,0,36.153480,-86.787520,I40 W EXT RAMP,,,,0.00,Feet,East,I 40,,,,0.00,N,Not at Intersection,N,Entrance/Exit Ramp Related,None,,,         ,Derek,Betty,Clear,Not Collision with Motor Vehicle in Transport,no,no,no,no,no,False
102013869,METROPOLITAN NASHVILLE POLICE DEPT,20180436376,Davidson,Nashville,5/17/2018 6:48:00 PM,1,1,0,36.121020,-86.718000,EAST THOMPSON LN,,,,19.00,Feet,North,BROWNING RD,,,,0.00,N,Not at Intersection,N,Non-Junction,None,,,         ,Patrick,Martin,Cloudy,Not Collision with Motor Vehicle in Transport,no,no,no,no,no,False
102013889,METROPOLITAN NASHVILLE POLICE DEPT,20180433155,Davidson,Nashville,5/16/2018 5:45:00 PM,2,0,0,36.088920,-86.689520,HARDING PL,,,,384.00,Feet,West,HARDING INDUSTRIAL DR,,,,0.00,N,Not at Intersection,N,Non-Junction,None,,,         ,John,Roberson,Clear,Front to Rear,no,no,no,no,yes,False
102013890,METROPOLITAN NASHVILLE POLICE DEPT,20180433255,Davidson,Nashville,5/16/2018 4:45:00 PM,2,0,0,36.069270,-86.692170,I24 E EXT RAMP,,,,0.00,,,HAYWOOD LN,,,,0.00,Y,OTHER, ,Entrance/Exit Ramp Related,None,,,         ,John,Roberson,Clear,Front to Rear,no,no,no,no,no,False
102013891,METROPOLITAN NASHVILLE POLICE DEPT,20180436386,Davidson,Nashville,5/17/2018 6:10:00 PM,2,0,0,36.142800,-86.744360,FESSLERS LN,,,,0.00,,,MURFREESBORO PKE,,,,0.00,Y,Four-Way,N,Intersection,None,,,         ,John,Roberson,Clear,"Sideswipe, Same Direction",no,no,no,no,yes,False
102013892,METROPOLITAN NASHVILLE POLICE DEPT,20180436266,Davidson,Nashville,5/17/2018 4:45:00 PM,3,0,0,36.051340,-86.673240,BLUE HOLE RD,,,,210.00,Feet,North,TIMBERLAKE WAY,,,,0.00,N,Not at Intersection, ,Non-Junction,None,,,         ,William,Durham,Rain,Front to Rear,no,no,no,no,no,False
102013903,METROPOLITAN NASHVILLE POLICE DEPT,20180436460,Davidson,Nashville,5/17/2018 12:00:00 AM,2,0,0,36.154930,-86.634800,CENTERVIEW DR,,,,1081.00,Feet,North,PERCY PRIEST DR,,,,0.00,N,Not at Intersection, ,,None,,,         ,Jessica,Johann,,,no,no,no,yes,no,False
102013918,METROPOLITAN NASHVILLE POLICE DEPT,20180436648,Davidson,Not in City Limit,5/17/2018 8:41:00 PM,1,1,0,36.138780,-86.945020,RIVER ROAD PKE,,,,2259.00,Feet,West,OLD RIVER RD,,,,0.00,N,Not at Intersection,N,Non-Junction,None,,,         ,Ryan,Allen,Clear,Not Collision with Motor Vehicle in Transport,no,no,no,no,no,False
102013919,METROPOLITAN NASHVILLE POLICE DEPT,20180436097,Davidson,Nashville,5/17/2018 3:34:00 PM,5,0,0,36.153990,-86.790460,MCGAVOCK ST,,,,315.00,Feet,West,15TH AVS,,,,0.00,N,Not at Intersection,N,Non-Junction,None,,,         ,Jacob,Paul,Rain,"Sideswipe, Opposite Direction",no,no,no,no,yes,False
102013920,METROPOLITAN NASHVILLE POLICE DEPT,20180436719,Davidson,Nashville,5/17/2018 9:01:00 PM,2,0,0,36.161060,-86.775660,3RD AVS,,,,239.00,Feet,North,SHELBY ST PEDESTRIAN BRIDGE GR,,,,0.00,N,Not at Intersection, ,,None,,,         ,Joseph,Bingham,,,no,no,no,no,no,False
102013924,METROPOLITAN NASHVILLE POLICE DEPT,20180436575,Davidson,Not in City Limit,5/17/2018 5:04:00 PM,2,0,0,36.013550,-86.672920,OLD HICKORY BLVD,,,,1870.00,Feet,East,BROKEN BOW DR,,,,0.00,N,Not at Intersection,N,Non-Junction,None,,,         ,YUNUS,ADAK,Clear,"Sideswipe, Opposite Direction",no,no,no,no,yes,False
102013930,METROPOLITAN NASHVILLE POLICE DEPT,20180436788,Davidson,Nashville,5/17/2018 9:32:00 PM,2,0,0,36.248340,-86.720130,GALLATIN PKES,,,,150.00,Feet,North,DUE WEST AVE,,,,0.00,N,Not at Intersection, ,Non-Junction,None,,,         ,Christopher,Littles,Cloudy,"Sideswipe, Opposite Direction",no,no,no,no,no,False
102013932,METROPOLITAN NASHVILLE POLICE DEPT,20180436397,Davidson,Nashville,5/17/2018 7:19:00 PM,2,0,0,36.134280,-86.779090,WEDGEWOOD AV,,,,0.00,,,8TH AVS,,,,0.00,Y,Four-Way, ,,None,,,         ,Derek,Sibley,,,no,no,no,no,no,False
102013936,METROPOLITAN NASHVILLE POLICE DEPT,20180435713,Davidson,Nashville,5/17/2018 2:00:00 PM,2,1,0,36.025470,-86.713050,NOLENSVILLE PKE,,,,0.00,,,LENOX VILLAGE DR,,,,0.00,Y,Four-Way,N,Intersection,None,,,         ,Akira,McSwain,Clear,Front to Rear,no,no,no,no,no,False
102013938,METROPOLITAN NASHVILLE POLICE DEPT,20180435936,Davidson,Nashville,5/17/2018 3:11:00 PM,2,0,0,36.109950,-86.770240,I 65,,,,0.00,,,,,,,79.75,N,Not at Intersection,N,Non-Junction,None,,,         ,Akira,McSwain,Clear,Front to Rear,no,no,no,no,yes,False
102013939,METROPOLITAN NASHVILLE POLICE DEPT,20180436412,Davidson,Nashville,5/17/2018 12:00:00 AM,1,0,0,36.034840,-86.768730,CLOVERLAND DR,,,,118.00,Feet,South,VALLEY VIEW RD,,,,0.00,N,Not at Intersection,N,Non-Junction,None,,,         ,Akira,McSwain,Rain,Not Collision with Motor Vehicle in Transport,no,no,no,no,no,False
102013940,METROPOLITAN NASHVILLE POLICE DEPT,20180436619,Davidson,Nashville,5/17/2018 12:00:00 AM,1,0,0,36.158810,-86.798160,17TH AVN,,,,0.00,Feet,,CHARLOTTE AV,,,,0.00,Y,Four-Way,N,Intersection,None,,,         ,Akira,McSwain,Clear,Not Collision with Motor Vehicle in Transport,no,no,no,no,yes,False
102013978,METROPOLITAN NASHVILLE POLICE DEPT,20180436876,Davidson,Nashville,5/17/2018 10:10:00 PM,1,0,0,36.163130,-86.761620,I 24,,,,0.00,,,,,,,49.25,N,Not at Intersection,N,Non-Junction,None,,,         ,Hunter,Fikes,Clear,Not Collision with Motor Vehicle in Transport,no,no,no,no,no,False
102013981,METROPOLITAN NASHVILLE POLICE DEPT,20180435871,Davidson,Nashville,5/17/2018 3:30:00 PM,2,0,0,36.124330,-86.743200,I 440,,,,0.00,,,,,,,6.65,N,Not at Intersection,N,Non-Junction,None,,,         ,John,Roberson,Clear,Front to Rear,no,no,no,no,no,False
102013991,METROPOLITAN NASHVILLE POLICE DEPT,20180436491,Davidson,Nashville,5/17/2018 7:33:00 PM,3,0,0,36.160760,-86.793690,14TH AVN,,,,0.00,Feet,West,CHARLOTTE AV,,,,0.00,N,Not at Intersection, ,Non-Junction,None,,,         ,Paxton,Montgomery,Clear,Rear to Rear,no,no,no,no,no,False
102013999,METROPOLITAN NASHVILLE POLICE DEPT,20180436542,Davidson,Nashville,5/17/2018 7:40:00 PM,3,0,0,36.068200,-86.719110,NOLENSVILLE PKE,,,,0.00,,,HAYWOOD LN,,,,0.00,Y,Four-Way,N,Intersection,None,,,         ,William,King,Clear,Angle,no,no,no,no,no,False
102014000,METROPOLITAN NASHVILLE POLICE DEPT,20180436342,Davidson,Nashville,5/17/2018 6:38:00 PM,2,0,0,36.082750,-86.698090,I 24,,,,0.00,,,,,,,56.00,N,Not at Intersection, ,Non-Junction,None,,,         ,Aimee,Ortiz,Rain,Front to Rear,no,no,no,no,no,False
102014033,METROPOLITAN NASHVILLE POLICE DEPT,20180436653,Davidson,Nashville,5/17/2018 6:16:00 PM,2,0,0,36.160670,-86.793880,CHARLOTTE AV,,,,10.00,Feet,West,14TH AVN,,,,0.00,N,Not at Intersection, ,Non-Junction,None,,,         ,Eric,Burford,Clear,"Sideswipe, Same Direction",no,no,no,no,no,False
102014046,METROPOLITAN NASHVILLE POLICE DEPT,20180437070,Davidson,Nashville,5/17/2018 11:20:00 PM,2,2,0,36.154830,-86.763340,LINDSLEY AV,,,,0.00,,,HERMITAGE AV,,,,0.00,Y,Four-Way,N,Intersection-Related,None,,,         ,John,Anderson,Clear,Angle,no,no,no,no,no,False
102014049,BELLE MEADE POLICE DEPT,18-0136,Davidson,Belle Meade,5/17/2018 9:27:00 PM,2,0,0,36.093050,-86.848750,HARDING PL,,,,0.00,,,LYNNWOOD BLVD,,,,0.00,Y,Four-Way, ,Intersection-Related,None,,,         ,Tyler,Parrish,Clear,"Sideswipe, Same Direction",no,no,no,no,no,False
102014061,METROPOLITAN NASHVILLE POLICE DEPT,20180437138,Davidson,Nashville,5/18/2018 12:18:00 AM,2,0,0,36.149750,-86.748110,I 40,,,,0.00,,,,,,,211.75,N,Not at Intersection, ,Non-Junction,Work Zone,,,         ,Joseph,Patricio,Clear,Angle,no,no,no,no,no,False
102014112,METROPOLITAN NASHVILLE POLICE DEPT,20180437014,Davidson,Nashville,5/17/2018 8:58:00 PM,2,0,0,36.125910,-86.805020,21ST AVS,,,,15.00,Feet,North,SWEETBRIAR AV,,,,0.00,N,Not at Intersection,N,Non-Junction,None,,,         ,Eugene,Martino,Clear,Front to Rear,no,no,no,no,yes,False
102014140,METROPOLITAN NASHVILLE POLICE DEPT,20180437593,Davidson,Nashville,5/18/2018 5:18:00 AM,1,1,0,36.143310,-86.649630,I 40,,,,0.00,,,,,,,217.40,N,Not at Intersection,N,Non-Junction,None,,,         ,Patrick,Lancaster,Rain,Not Collision with Motor Vehicle in Transport,no,no,no,no,no,False
102014141,METROPOLITAN NASHVILLE POLICE DEPT,20180437609,Davidson,Nashville,5/18/2018 4:31:00 AM,2,0,0,36.157720,-86.760420,I 24,,,,0.00,,,,,,,49.60,N,Not at Intersection,N,Non-Junction,None,,,         ,Brenton,Adcox,Rain,Front to Rear,no,no,no,no,yes,False
102014142,METROPOLITAN NASHVILLE POLICE DEPT,20180437551,Davidson,Nashville,5/18/2018 3:48:00 AM,2,0,0,36.148280,-86.778460,I 40,,,,0.00,,,,,,,209.90,N,Not at Intersection,Y,Non-Junction,Construction Zone,Laneclosure,Transition Area,         ,Steven,Wiser,Rain,Front to Rear,no,no,no,no,no,False
102014144,METROPOLITAN NASHVILLE POLICE DEPT,20180437745,Davidson,Goodlettsville,5/18/2018 5:33:00 AM,2,0,0,36.289310,-86.724000,I 65,,,,0.00,,,,,,,94.15,N,Not at Intersection, ,Non-Junction,None,,,         ,Patrick,McGinnis,Rain,"Sideswipe, Same Direction",no,no,no,no,yes,False
102014154,METROPOLITAN NASHVILLE POLICE DEPT,20180437731,Davidson,Nashville,5/18/2018 5:33:00 AM,2,0,0,36.074480,-86.920940,OLD HICKORY BLVD,,,,0.00,,,HIGHWAY 70S,,,,0.00,Y,Four-Way, ,Intersection-Related,None,,,         ,Joanna,D'Agostino,Clear,Front to Rear,no,no,no,no,no,False
102014200,METROPOLITAN NASHVILLE POLICE DEPT,20180437878,Davidson,Nashville,5/18/2018 6:55:00 AM,2,0,0,36.138420,-86.881370,CHARLOTTE PKE,,,,335.00,Feet,West,HILLWOOD BLVD,,,,0.00,N,Not at Intersection, ,Non-Junction,None,,,         ,Curtis,Rich,Cloudy,Front to Rear,no,no,no,no,yes,False
102014214,METROPOLITAN NASHVILLE POLICE DEPT,20180437871,Davidson,Nashville,5/18/2018 6:15:00 AM,2,0,0,36.150290,-86.794460,18TH AVS,,,,0.00,,,ROY ACUFF PL,,,,0.00,Y,T-Intersection, ,Intersection-Related,Unknown,,,         ,David,Lang,Clear,Not Collision with Motor Vehicle in Transport,no,no,no,no,no,False
102014219,METROPOLITAN NASHVILLE POLICE DEPT,20180437855,Davidson,Nashville,5/18/2018 6:33:00 AM,2,0,0,36.169550,-86.600980,OLD HICKORY BLVD,,,,0.00,,,I40 E ENT RAMP,,,,0.00,Y,OTHER, ,Entrance/Exit Ramp Related,None,,,         ,Michael,Brooks,Cloudy,Angle,no,no,no,no,no,False
102014221,METROPOLITAN NASHVILLE POLICE DEPT,20180437845,Davidson,Nashville,5/18/2018 5:55:00 AM,2,0,0,36.150370,-86.785270,I 40,,,,0.00,,,,,,,209.50,N,Not at Intersection, ,Non-Junction,None,,,         ,Jon,Mcvey,Rain,"Sideswipe, Same Direction",no,no,no,no,no,False
102014224,GOODLETTSVILLE POLICE DEPT,18-17526,Davidson,Goodlettsville,5/18/2018 6:00:00 AM,2,1,0,36.323100,-86.707580,LONG HOLLOW PKE,,,,0.00,,,S CARTWRIGHT ST,,,,0.00,Y,Four-Way,N,Intersection,None,,,         ,Jeremy,Baker,Rain,Angle,no,no,no,no,no,False
102014226,METROPOLITAN NASHVILLE POLICE DEPT,20180437882,Davidson,Nashville,5/18/2018 7:01:00 AM,1,1,0,36.169780,-86.606490,I40 E EXT RAMP,,,,0.00,Feet,East,I 40,,,,0.00,N,Not at Intersection,Y,Non-Junction,None,,,         ,Ralph,Harvey,Cloudy,Not Collision with Motor Vehicle in Transport,no,no,no,no,no,False
102014227,METROPOLITAN NASHVILLE POLICE DEPT,20180437907,Davidson,Nashville,5/18/2018 7:23:00 AM,2,1,0,36.077140,-86.737420,HARDING PL,,,,233.00,Feet,West,SHADESCREST DR,,,,0.00,N,Not at Intersection,N,Non-Junction,None,,,         ,Raymond,Flaherty,Clear,Angle,no,no,no,no,yes,False
102014235,METROPOLITAN NASHVILLE POLICE DEPT,20180437923,Davidson,Nashville,5/18/2018 7:13:00 AM,1,0,0,36.176230,-86.765860,ELLINGTON PKWYN,,,,135.00,Feet,East,SPRING ST,,,,0.00,N,Not at Intersection,N,Non-Junction,None,,,         ,Joseph,Progar,Cloudy,Not Collision with Motor Vehicle in Transport,no,no,no,no,no,False
102014238,METROPOLITAN NASHVILLE POLICE DEPT,20180437996,Davidson,Nashville,5/18/2018 8:00:00 AM,2,0,0,36.153930,-86.857490,URBANDALE AV,,,,0.00,,,BRILEY PKWYN,,,,0.00,Y,Four-Way, ,,None,,,         ,Curtis,Rich,,,no,no,no,no,no,False
102014247,METROPOLITAN NASHVILLE POLICE DEPT,20180438029,Davidson,Nashville,5/18/2018 8:00:00 AM,2,0,0,36.073760,-86.734720,BLACKMAN RD,,,,110.00,Feet,South,OVERCREST DR,,,,0.00,N,Not at Intersection, ,Non-Junction,None,,,         ,Earl,Davis,Cloudy,Front to Rear,no,no,no,no,no,False
102014255,METROPOLITAN NASHVILLE POLICE DEPT,20180437903,Davidson,Nashville,5/18/2018 7:05:00 AM,2,1,0,36.025190,-86.664750,PETTUS RD,,,,0.00,,,PRESTON RD,,,,0.00,Y,T-Intersection,N,Intersection-Related,None,,,         ,Charles,Coe,Cloudy,Angle,no,no,no,no,no,False
102014256,METROPOLITAN NASHVILLE POLICE DEPT,20180437969,Davidson,Nashville,5/18/2018 7:15:00 AM,2,0,0,36.244210,-86.780340,BRICK CHURCH PKE,,,,0.00,Feet,,BRICK CHURCH LN,,,,0.00,Y,T-Intersection, ,Intersection,None,,,         ,Samuel,Kersten,Cloudy,Angle,no,no,no,no,no,False
102014264,METROPOLITAN NASHVILLE POLICE DEPT,20180437980,Davidson,Nashville,5/18/2018 7:51:00 AM,2,0,0,36.044120,-86.661570,CANE RIDGE RD,,,,80.00,Feet,South,TARGET DR,,,,0.00,N,Not at Intersection, ,Non-Junction,None,,,         ,Brandon,Vance,Clear,Angle,no,no,no,no,no,False
102014284,GOODLETTSVILLE POLICE DEPT,18-17535,Davidson,Goodlettsville,5/18/2018 8:46:00 AM,2,0,0,36.310560,-86.703880,I65 S EXT RAMP,,,,360.00,Feet,East,RIVERGATE PKWY,,,,0.00,N,Not at Intersection, ,Non-Junction,None,,,         ,Jeremy,Baker,Cloudy,Front to Rear,no,no,no,no,no,False
102014300,METROPOLITAN NASHVILLE POLICE DEPT,20180437989,Davidson,Nashville,5/18/2018 7:40:00 AM,2,0,0,36.123080,-86.751090,I 440,,,,0.00,,,,,,,6.30,N,Not at Intersection, ,Entrance/Exit Ramp Related,None,,,         ,Michael,Dudley,Cloudy,Front to Rear,no,no,no,no,no,False
102014304,METROPOLITAN NASHVILLE POLICE DEPT,20180437937,Davidson,Nashville,5/18/2018 7:36:00 AM,2,0,0,36.145360,-86.711240,MASSMAN DR,,,,21.00,Feet,South,METCOM CENTER PVTDR,,,,0.00,N,Not at Intersection, ,Non-Junction,None,,,         ,Ty,Cummings,Cloudy,Front to Rear,no,no,no,no,no,False
102014307,METROPOLITAN NASHVILLE POLICE DEPT,20180438038,Davidson,Nashville,5/18/2018 8:21:00 AM,2,0,0,36.154080,-86.837620,I 40,,,,0.00,,,,,,,205.10,N,Not at Intersection, ,,None,,,         ,William,Loucks Jr.,,,no,no,no,no,no,False
102014312,METROPOLITAN NASHVILLE POLICE DEPT,20180438042,Davidson,Nashville,5/18/2018 8:22:00 AM,2,0,0,36.136310,-86.876690,FLEETWOOD DR,,,,57.00,Feet,North,HILLWOOD BLVD,,,,0.00,N,Not at Intersection, ,Non-Junction,None,,,         ,Gardiner,Bradley,Rain,Front to Rear,no,no,no,no,no,False
102014318,METROPOLITAN NASHVILLE POLICE DEPT,20180437992,Davidson,Nashville,5/18/2018 8:00:00 AM,2,0,0,36.163720,-86.782940,UNION ST,,,,0.00,,,CAPITOL BLVD,,,,0.00,Y,OTHER, ,OtherLocation,None,,,         ,Frank,Campbell,Cloudy,"Sideswipe, Same Direction",no,no,no,no,no,False
102014322,METROPOLITAN NASHVILLE POLICE DEPT,20180437881,Davidson,Nashville,5/18/2018 7:10:00 AM,2,0,0,36.073870,-86.724570,NOLENSVILLE PKE,,,,67.00,Feet,South,GOINS RD,,,,0.00,N,Not at Intersection, ,Non-Junction,None,,,         ,Jessie,Meadows,Clear,Front to Rear,no,no,no,no,no,False
102014323,METROPOLITAN NASHVILLE POLICE DEPT,20180437939,Davidson,Antioch,5/17/2018 10:15:00 PM,2,0,0,36.031650,-86.580180,SHADYVIEW DR,,,,493.00,Feet,East,SUNNYVALE DR,,,,0.00,N,Not at Intersection,N,Non-Junction,None,,,         ,Jessie,Meadows,Clear,Angle,no,no,no,no,yes,False
102014324,METROPOLITAN NASHVILLE POLICE DEPT,20180438041,Davidson,Nashville,5/18/2018 7:59:00 AM,2,0,0,36.119730,-86.726500,I 24,,,,0.00,,,,,,,52.95,N,Not at Intersection,N,Non-Junction,None,,,         ,Jessie,Meadows,Clear,"Sideswipe, Same Direction",no,no,no,no,no,False
102014345,METROPOLITAN NASHVILLE POLICE DEPT,20180437927,Davidson,Nashville,5/18/2018 7:32:00 AM,2,2,0,36.234200,-86.720300,BRILEY PKWY E ENT RAMP,,,,0.00,Feet,East,BRILEY PKWYE,,,,0.00,N,Not at Intersection,Y,Entrance/Exit Ramp Related,None,,,         ,Erik,Nash,Cloudy,Not Collision with Motor Vehicle in Transport,no,no,no,no,no,False
102014347,THP District 3 - Nashville,318031357,Davidson,Nashville,5/17/2018 4:58:00 PM,3,1,0,36.034210,-86.783380,I 65,,,,0.00,,,,,,,74.25,N,Not at Intersection,N,Non-Junction,None,,,         ,Charles,Spires,Cloudy,Angle,no,no,no,no,no,False
102014360,METROPOLITAN NASHVILLE POLICE DEPT,20180438024,Davidson,Nashville,5/18/2018 8:10:00 AM,1,0,0,36.090990,-86.606340,ANDERSON RD,,,,124.00,Feet,North,PRIEST LAKE DR,,,,0.00,N,Not at Intersection,N,Non-Junction,None,,,         ,Ron,Longino,Cloudy,Not Collision with Motor Vehicle in Transport,no,no,no,no,no,False
102014363,METROPOLITAN NASHVILLE POLICE DEPT,20180437974,Davidson,Nashville,5/18/2018 7:45:00 AM,2,0,0,36.196330,-86.746750,MCCLURKAN AV,,,,0.00,,,EMMETT AV,,,,0.00,Y,T-Intersection, ,Intersection-Related,None,,,         ,Russell,Freeman,Clear,"Sideswipe, Same Direction",no,no,no,no,no,False
102014368,METROPOLITAN NASHVILLE POLICE DEPT,20180438285,Davidson,Nashville,5/18/2018 9:40:00 AM,2,0,0,36.140760,-86.726970,I 40,,,,0.00,,,,,,,213.30,N,Not at Intersection, ,Non-Junction,None,,,         ,Thomas,Odom,Clear,"Sideswipe, Same Direction",no,no,no,no,no,False
102014386,METROPOLITAN NASHVILLE POLICE DEPT,20180438258,Davidson,Nashville,5/18/2018 10:11:00 AM,2,0,0,36.214130,-86.730760,GALLATIN PKE,,,,0.00,,,GILLOCK ST,,,,0.00,Y,T-Intersection,N,Non-Junction,None,,,         ,David,Collins,Clear,"Sideswipe, Same Direction",no,no,no,no,yes,False
102014392,METROPOLITAN NASHVILLE POLICE DEPT,20180437964,Davidson,Nashville,5/18/2018 7:52:00 AM,4,2,0,36.148520,-86.745610,I 40,,,,0.00,,,,,,,211.90,N,Not at Intersection,N,Non-Junction,None,,,         ,Lee,Davis,Clear,Front to Rear,no,no,no,no,no,False
102014423,METROPOLITAN NASHVILLE POLICE DEPT,20180438188,Davidson,Nashville,5/18/2018 9:15:00 AM,2,1,0,36.087960,-86.649340,MURFREESBORO PKE,,,,445.00,Feet,North,NASHBORO BLVD,,,,0.00,N,Not at Intersection,N,"Driveway, Alley Access, etc",None,,,         ,Charles,Coe,Cloudy,Angle,no,no,no,no,no,False
102014441,METROPOLITAN NASHVILLE POLICE DEPT,20180438403,Davidson,Nashville,5/18/2018 10:35:00 AM,2,0,0,36.106540,-86.764560,POWELL AV,,,,0.00,,,POWELL PL,,,,0.00,Y,Four-Way,N,Intersection,None,,,         ,Jon,Mcvey,Cloudy,Angle,no,no,no,no,no,False
102014459,METROPOLITAN NASHVILLE POLICE DEPT,20180416894,Davidson,Nashville,5/11/2018 4:21:00 AM,2,1,1,36.002230,-87.024740,HIGHWAY 96,,,,47.00,Feet,North,LITTLE EAST FORK RD,,,,0.00,N,Not at Intersection,N,Non-Junction,None,,,18-0279  ,Kevin,Coleman,Clear,Angle,no,no,no,no,no,False
102014468,METROPOLITAN NASHVILLE POLICE DEPT,20180438355,Davidson,Nashville,5/18/2018 10:48:00 AM,2,0,0,36.068200,-86.719110,NOLENSVILLE PKE,,,,0.00,,,HAYWOOD LN,,,,0.00,Y,T-Intersection, ,Non-Junction,None,,,         ,Alex,Moore,Clear,"Sideswipe, Same Direction",no,no,no,no,no,False
102014469,METROPOLITAN NASHVILLE POLICE DEPT,20180438106,Davidson,Nashville,5/18/2018 8:48:00 AM,2,0,0,36.168030,-86.687920,BRILEY PKWY N EXT RAMP,,,,0.00,Feet,East,BRILEY PKWYN,,,,0.00,N,Not at Intersection, ,,None,,,         ,Ralph,Harvey,,,no,no,no,no,no,False
102014495,METROPOLITAN NASHVILLE POLICE DEPT,20180438618,Davidson,Nashville,5/18/2018 12:03:00 PM,2,0,0,36.060070,-86.687270,CIMARRON WAY,,,,130.00,Feet,East,PANAMINT DR,,,,0.00,N,Not at Intersection, ,Non-Junction,None,,,         ,Jessie,Meadows,Clear,Rear to Side,no,no,no,no,no,False
102014514,GOODLETTSVILLE POLICE DEPT,18-17558,Davidson,Goodlettsville,5/18/2018 12:10:00 PM,2,0,0,36.303010,-86.701920,RIVERGATE PKWY,,,,0.00,,,WREN RD,,,,0.00,Y,T-Intersection, ,Intersection,None,,,         ,Jeremy,Baker,Clear,"Sideswipe, Same Direction",no,no,no,no,no,False
102014524,METROPOLITAN NASHVILLE POLICE DEPT,20180435342,Davidson,Nashville,5/18/2018 12:00:00 PM,2,0,0,36.160930,-86.777390,BROADWAY,,,,64.00,Feet,West,4TH AVN,,,,0.00,N,Not at Intersection, ,Non-Junction,None,,,         ,Cody,O'Quinn,Clear,Angle,no,no,no,no,no,False