master_record_number,agency,agency_tracking_number,county,city,collision_date,vehicles_involved,number_injured,number_dead,latitude,longitude,roadway_name,roadway_suffix,roadway_number,roadway_local_id,distance_from_reference,miles-feet_indicator,direction_from_reference,intersection_road_name,intersection_road_name_suffix,intersection_road_number,intersection_local_id,mile_marker,intersection_indicator,intersect_type,interchange_related_indicator,relation_to_junction,work_zone_type,construction_maintenance_zone,construction_maintenance_zone_location,fatal_case_number,officer_first_name,officer_last_name,weather_condition(s),manner_of_crash,pedestrian,bicycle,scooter,parking,hitrun,mou
102016003,METROPOLITAN NASHVILLE POLICE DEPT,20180442110,Davidson,Not in City Limit,5/19/2018 5:39:00 PM,2,0,0,36.269300,-86.756020,OLD HICKORY BLVD,,,,85.00,Feet,West,DICKERSON PKE,,,,0.00,N,Not at Intersection, ,Non-Junction,None,,,         ,Bradley,Campbell,Clear,Front to Rear,no,no,no,no,no,False
102016006,METROPOLITAN NASHVILLE POLICE DEPT,20180441915,Davidson,Nashville,5/19/2018 4:22:00 PM,2,2,0,36.215130,-86.600000,LEBANON PKE,,,,438.00,Feet,North,ANDREW JACKSON PKWY,,,,0.00,N,Not at Intersection,N,Non-Junction,None,,,         ,Zachariah,Bush,Clear,"Sideswipe, Same Direction",no,no,no,no,no,False
102016033,METROPOLITAN NASHVILLE POLICE DEPT,20180442228,Davidson,Nashville,5/19/2018 6:24:00 PM,1,1,0,36.132020,-86.818420,I 440,,,,0.00,,,,,,,1.85,N,Not at Intersection,N,Non-Junction,None,,,         ,FELIKS,ABRAHAMYAN,Clear,Not Collision with Motor Vehicle in Transport,no,no,no,no,no,False
102016037,METROPOLITAN NASHVILLE POLICE DEPT,20180442068,Davidson,Nashville,5/19/2018 5:20:00 PM,2,0,0,36.173800,-86.602590,CENTRAL PKE,,,,151.00,Feet,West,OLD HICKORY BLVD,,,,0.00,N,Not at Intersection,N,Non-Junction,None,,,         ,Keiara,Ward,Clear,Angle,no,no,no,no,yes,False
102016039,METROPOLITAN NASHVILLE POLICE DEPT,20180442151,Davidson,Nashville,5/19/2018 12:00:00 PM,2,0,0,36.130300,-86.797570,18TH AVS,,,,165.00,Feet,North,BLAIR BLVD,,,,0.00,N,Not at Intersection,N,Non-Junction,None,,,         ,Ryan,Cagle,Clear,"Sideswipe, Same Direction",no,no,no,no,yes,False
102016041,METROPOLITAN NASHVILLE POLICE DEPT,20180442164,Davidson,Nashville,5/19/2018 4:00:00 PM,2,0,0,36.134440,-86.726910,I24E,,,,732.00,Feet,South,I24 E ENT RAMP,,,,0.00,N,Not at Intersection,N,Non-Junction,None,,,         ,Aimee,Ortiz,Clear,Front to Rear,no,no,no,no,no,False
102016050,METROPOLITAN NASHVILLE POLICE DEPT,20180442018,Davidson,Nashville,5/19/2018 4:41:00 PM,2,0,0,36.181300,-86.606850,OLD HICKORY BLVD,,,,483.00,Feet,South,FRIST BLVD,,,,0.00,N,Not at Intersection,N,Non-Junction,None,,,         ,Zachariah,Bush,Clear,Front to Rear,no,no,no,no,yes,False
102016059,METROPOLITAN NASHVILLE POLICE DEPT,20180442193,Davidson,Nashville,5/19/2018 6:06:00 PM,2,0,0,36.147080,-86.877720,I 40,,,,0.00,,,,,,,202.75,N,Not at Intersection,N,Non-Junction,None,,,         ,Steven,Fisher,Clear,Front to Rear,no,no,no,no,no,False
102016060,METROPOLITAN NASHVILLE POLICE DEPT,20180442338,Davidson,Nashville,5/19/2018 12:00:00 AM,1,0,0,36.066230,-86.686080,I 24,,,,0.00,,,,,,,57.30,N,Not at Intersection, ,,None,,,         ,Phillip,Box,,,no,no,no,no,no,False
102016061,METROPOLITAN NASHVILLE POLICE DEPT,20180442221,Davidson,Nashville,5/19/2018 6:15:00 PM,2,2,0,36.236620,-86.758070,DICKERSON PKE,,,,0.00,,,I 65,,,,0.00,Y,T-Intersection,N,Intersection,None,,,         ,Kevin,Clausius,Clear,Front to Rear,no,no,no,no,no,False
102016063,METROPOLITAN NASHVILLE POLICE DEPT,20180442323,Davidson,Nashville,5/19/2018 7:14:00 PM,2,1,0,36.113050,-86.800030,WOODMONT BLVD,,,,0.00,,,BELMONT BLVD,,,,0.00,Y,Four-Way,N,Intersection,None,,,         ,Ryan,Storm,Clear,HeadOn,no,no,no,no,no,False
102016071,METROPOLITAN NASHVILLE POLICE DEPT,20180442368,Davidson,Nashville,5/19/2018 12:00:00 AM,2,0,0,36.130490,-86.802820,BLAIR BLVD,,,,242.00,Feet,West,21ST AVS,,,,0.00,N,Not at Intersection,N,Non-Junction,None,,,         ,Gary,Peters,Clear,Angle,no,no,no,yes,yes,False
102016074,METROPOLITAN NASHVILLE POLICE DEPT,20180442348,Davidson,Nashville,5/19/2018 7:30:00 PM,2,0,0,36.172840,-86.765340,JAMES ROBERTSON PKWY,,,,0.00,,,SPRING ST,,,,0.00,Y,Four-Way, ,Intersection-Related,None,,,         ,Joseph,Maeser,Clear,Angle,no,no,no,no,no,False
102016075,METROPOLITAN NASHVILLE POLICE DEPT,20180442258,Davidson,Nashville,5/19/2018 6:39:00 PM,2,1,0,36.217630,-86.844770,KINGS LN,,,,0.00,Feet,,TIMOTHY DR,,,,0.00,Y,T-Intersection,N,Intersection,None,,,         ,Jason,Hogan,Clear,Angle,no,no,no,no,no,False
102016079,METROPOLITAN NASHVILLE POLICE DEPT,20180442252,Davidson,Nashville,5/19/2018 6:38:00 PM,2,0,0,36.163860,-86.786630,CHARLOTTE AV,,,,2.00,Feet,West,ROSA L PARKS BLVD,,,,0.00,N,Not at Intersection, ,Non-Junction,None,,,         ,Anthony,Cucci,Clear,Angle,no,no,no,no,no,False
102016106,METROPOLITAN NASHVILLE POLICE DEPT,20180441760,Davidson,Nashville,5/19/2018 3:11:00 PM,1,0,0,36.067290,-86.730440,WHISPERING HILLS DR,,,,121.00,Feet,North,WHISPERING HILLS CT,,,,0.00,N,Not at Intersection,N,Non-Junction,None,,,         ,Brandon,Hughes,Clear,Not Collision with Motor Vehicle in Transport,no,no,no,no,no,False
102016129,METROPOLITAN NASHVILLE POLICE DEPT,20180442332,Davidson,Nashville,5/19/2018 4:47:00 PM,2,0,0,36.081570,-86.760050,HARDING PL,,,,525.00,Feet,East,TROUSDALE DR,,,,0.00,N,Not at Intersection,N,Non-Junction,None,,,         ,Nicholas,Carroll,Clear,Rear to Side,no,no,no,yes,yes,False
102016130,METROPOLITAN NASHVILLE POLICE DEPT,20180442508,Davidson,Nashville,5/19/2018 12:00:00 AM,2,0,0,36.157590,-86.760420,I 24,,,,0.00,,,,,,,49.60,N,Not at Intersection,N,Non-Junction,None,,,         ,Phillip,Box,Clear,Front to Rear,no,no,no,no,no,False
102016141,METROPOLITAN NASHVILLE POLICE DEPT,20180442319,Davidson,Nashville,5/19/2018 6:45:00 PM,2,0,0,36.203550,-86.738530,GALLATIN PKE,,,,0.00,,,E TRINITY LN,,,,0.00,Y,T-Intersection, ,Intersection-Related,None,,,         ,Alexander,Georgeson,Clear,Angle,no,no,no,no,no,False
102016172,METROPOLITAN NASHVILLE POLICE DEPT,20180442590,Davidson,Nashville,5/19/2018 8:20:00 PM,2,0,0,36.188700,-86.816710,25TH AVN,,,,131.00,Feet,North,DOWLAN ST,,,,0.00,N,Not at Intersection, ,,None,,,         ,Ian,Ward,,,no,no,no,no,no,False
102016175,METROPOLITAN NASHVILLE POLICE DEPT,20180442585,Davidson,Nashville,5/19/2018 8:57:00 PM,2,0,0,36.134340,-86.780980,WEDGEWOOD AV,,,,0.00,Feet,,ACKLEN AV,,,,0.00,Y,OTHER, ,Intersection,None,,,         ,Douglas,Sykes,Clear,"Sideswipe, Same Direction",no,no,no,no,no,False
102016199,METROPOLITAN NASHVILLE POLICE DEPT,20180442532,Davidson,Nashville,5/19/2018 6:10:00 PM,2,0,0,36.068580,-86.718290,HAYWOOD LN,,,,277.00,Feet,East,NOLENSVILLE PKE,,,,0.00,N,Not at Intersection, ,Non-Junction,None,,,         ,Ian,Swander,Cloudy,Front to Rear,no,no,no,no,no,False
102016202,METROPOLITAN NASHVILLE POLICE DEPT,20180442691,Davidson,Nashville,5/19/2018 8:12:00 PM,2,0,0,36.039960,-86.780920,OLD HICKORY BLVD,,,,7.00,Feet,North,I65 N EXT RAMP,,,,0.00,N,Not at Intersection,N,Non-Junction,None,,,         ,Nicholas,Carroll,Clear,"Sideswipe, Same Direction",no,no,no,no,yes,False
102016203,METROPOLITAN NASHVILLE POLICE DEPT,20180442584,Davidson,Nashville,5/19/2018 8:29:00 PM,2,1,0,36.170080,-86.804180,JEFFERSON ST,,,,143.00,Feet,East,17TH AVN,,,,0.00,N,Not at Intersection,N,Non-Junction,None,,,         ,Katelin,Ehrhardt,Clear,Angle,no,no,no,no,yes,False
102016204,METROPOLITAN NASHVILLE POLICE DEPT,20180442673,Davidson,Nashville,5/19/2018 9:07:00 PM,2,1,0,36.192320,-86.616300,JUAREZ DR,,,,0.00,,,OLD HICKORY BLVD,,,,0.00,Y,Four-Way, ,Intersection,None,,,         ,Craig,Gentry,Clear,"Sideswipe, Same Direction",no,no,no,no,no,False
102016205,METROPOLITAN NASHVILLE POLICE DEPT,20180442519,Davidson,Nashville,5/19/2018 8:30:00 PM,2,0,0,36.168090,-86.774620,WOODLAND ST,,,,421.00,Feet,North,JAMES ROBERTSON PKWY,,,,0.00,N,Not at Intersection,N,Non-Junction,None,,,         ,Madison,Meiss,Clear,Front to Rear,no,no,no,no,no,False
102016210,METROPOLITAN NASHVILLE POLICE DEPT,20180442613,Davidson,Not in City Limit,5/19/2018 9:28:00 PM,2,1,0,36.262370,-86.681010,E OLD HICKORY BLVD,,,,0.00,,,RIO VISTA DR,,,,0.00,Y,T-Intersection, ,Intersection-Related,None,,,         ,Bradley,Campbell,Clear,"Sideswipe, Opposite Direction",no,no,no,no,no,False
102016214,METROPOLITAN NASHVILLE POLICE DEPT,20180442625,Davidson,Nashville,5/19/2018 9:13:00 PM,2,0,0,36.068470,-86.674320,RICHARDS RD,,,,0.00,,,ARTELIA DR,,,,0.00,Y,T-Intersection, ,Intersection,None,,,         ,Jedidayah,Merriweather,Cloudy,Front to Rear,no,no,no,no,no,False
102016215,METROPOLITAN NASHVILLE POLICE DEPT,20180442687,Davidson,Nashville,5/19/2018 9:40:00 PM,2,0,0,36.114860,-86.719560,DRUMMOND DR,,,,0.00,,,EAST THOMPSON LN,,,,0.00,Y,Four-Way, ,Intersection,None,,,         ,Aimee,Ortiz,Cloudy,Angle,no,no,no,no,no,False
102016221,METROPOLITAN NASHVILLE POLICE DEPT,20180442568,Davidson,Not in City Limit,5/19/2018 8:56:00 PM,1,0,0,36.336320,-86.869960,WHITES CREEK PKE,,,,83.00,Feet,South,MORGAN RD,,,,0.00,N,Not at Intersection,N,OtherLocation,None,,,         ,Jason,Hogan,Clear,Not Collision with Motor Vehicle in Transport,no,no,no,no,no,False
102016224,METROPOLITAN NASHVILLE POLICE DEPT,20180442765,Davidson,Nashville,5/19/2018 10:12:00 PM,1,0,0,36.187410,-86.794730,I 65,,,,0.00,,,,,,,85.40,N,Not at Intersection, ,Non-Junction,None,,,         ,Kevin,Johnson,Clear,Not Collision with Motor Vehicle in Transport,no,no,no,no,no,False
102016225,METROPOLITAN NASHVILLE POLICE DEPT,20180442730,Davidson,Nashville,5/19/2018 9:35:00 PM,1,0,0,36.076170,-86.848960,BALBADE DR,,,,177.00,Feet,South,PARK RIDGE DR,,,,0.00,N,Not at Intersection, ,Non-Junction,None,,,         ,John,Hoesli,Clear,Not Collision with Motor Vehicle in Transport,no,no,no,no,no,False
102016249,METROPOLITAN NASHVILLE POLICE DEPT,20180442784,Davidson,Nashville,5/19/2018 10:22:00 PM,2,1,0,36.170120,-86.804020,JEFFERSON ST,,,,178.00,Feet,West,16TH AVN,,,,0.00,N,Not at Intersection,N,Non-Junction,None,,,         ,Joseph,Jakes,Clear,Angle,no,no,no,no,yes,False
102016254,METROPOLITAN NASHVILLE POLICE DEPT,20180442489,Davidson,Not in City Limit,5/19/2018 8:10:00 PM,2,0,0,36.264190,-86.691900,STATE RT 45,,,,127.00,Feet,West,MCARTHUR DR,,,,0.00,N,Not at Intersection,N,Non-Junction,None,,,         ,Harold,Willmore IV,Cloudy,Angle,no,no,no,no,yes,False
102016265,METROPOLITAN NASHVILLE POLICE DEPT,20180442862,Davidson,Goodlettsville,5/19/2018 10:09:00 PM,2,0,0,36.292040,-86.694610,MYATT DR,,,,0.00,,,,,,,0.00,,, ,Intersection-Related,None,,,         ,Patrick,McGinnis,Clear,Angle,no,no,no,no,yes,False
102016269,METROPOLITAN NASHVILLE POLICE DEPT,20180442657,Davidson,Nashville,5/19/2018 8:48:00 PM,2,0,0,36.249620,-86.719250,GALLATIN PKES,,,,95.00,Feet,North,E PALESTINE AV,,,,0.00,N,Not at Intersection,N,Non-Junction,None,,,         ,Harold,Willmore IV,Cloudy,Angle,no,no,no,no,yes,False
102016281,METROPOLITAN NASHVILLE POLICE DEPT,20180442145,Davidson,Nashville,5/19/2018 4:45:00 PM,2,0,0,36.084720,-86.699120,I 24,,,,0.00,,,,,,,55.85,N,Not at Intersection, ,Non-Junction,None,,,         ,Andrew,Brazee,Clear,Front to Rear,no,no,no,no,no,False
102016284,METROPOLITAN NASHVILLE POLICE DEPT,20180442867,Davidson,Nashville,5/19/2018 10:59:00 PM,1,0,0,36.155090,-86.785050,11TH AVS,,,,0.00,,,,,,,0.00,,,N,Non-Junction,None,,,         ,Stephen,Waterman,Clear,Not Collision with Motor Vehicle in Transport,no,no,no,yes,yes,False
102016285,METROPOLITAN NASHVILLE POLICE DEPT,20180442552,Davidson,Nashville,5/19/2018 8:45:00 PM,2,2,0,36.249620,-86.719250,GALLATIN PKES,,,,95.00,Feet,North,E PALESTINE AV,,,,0.00,N,Not at Intersection,N,Non-Junction,None,,,         ,Harold,Willmore IV,Cloudy,HeadOn,no,no,no,no,no,False
102016286,METROPOLITAN NASHVILLE POLICE DEPT,20180442928,Davidson,Not in City Limit,5/19/2018 9:35:00 PM,2,0,0,36.270350,-86.755160,DICKERSON PKE,,,,0.00,,,DICKERSON PKE,,,,0.00,,Not at Intersection, ,Non-Junction,None,,,         ,Thomas,Burns,Clear,"Sideswipe, Same Direction",no,no,no,no,no,False
102016294,METROPOLITAN NASHVILLE POLICE DEPT,20180442498,Davidson,Nashville,5/19/2018 12:00:00 AM,2,0,0,36.046650,-86.652930,HICKORY HOLLOW LN,,,,0.00,,,,,,,0.00,,,N,OtherLocation,None,,,         ,Andrew,Brazee,Clear,Other,no,no,no,yes,yes,False
102016304,METROPOLITAN NASHVILLE POLICE DEPT,20180443078,Davidson,Nashville,5/19/2018 10:44:00 PM,2,0,0,36.130480,-86.724120,PLUS PARK BLVD,,,,498.00,Feet,West,BUNKERHILL DR,,,,0.00,N,Not at Intersection,N,Non-Junction,None,,,         ,YUNUS,ADAK,Clear,"Sideswipe, Opposite Direction",no,no,no,no,yes,False
102016325,METROPOLITAN NASHVILLE POLICE DEPT,20180443063,Davidson,Nashville,5/20/2018 12:23:00 AM,2,0,0,36.070250,-86.670290,DOWDY DR,,,,14.00,Feet,East,DOWDY CT,,,,0.00,N,Not at Intersection, ,Non-Junction,None,,,         ,Nopel,Stella,Clear,Rear to Side,no,no,no,no,no,False
102016326,METROPOLITAN NASHVILLE POLICE DEPT,20180443173,Davidson,Nashville,5/20/2018 1:28:00 AM,1,1,0,36.132260,-86.895880,I40 E EXT RAMP,,,,0.00,Feet,East,I 40,,,,0.00,N,Not at Intersection,Y,Entrance/Exit Ramp Related,None,,,         ,Sekou,Samassi,Clear,Not Collision with Motor Vehicle in Transport,no,no,no,no,no,False
102016327,METROPOLITAN NASHVILLE POLICE DEPT,20180443284,Davidson,Nashville,5/19/2018 10:00:00 PM,2,0,0,36.111090,-86.742330,THOMPSON LN,,,,195.00,Feet,North,LOGAN ST,,,,0.00,N,Not at Intersection,N,Non-Junction,None,,,         ,YUNUS,ADAK,Clear,Angle,no,no,no,no,yes,False
102016335,METROPOLITAN NASHVILLE POLICE DEPT,20180443029,Davidson,Nashville,5/20/2018 12:00:00 AM,2,1,0,36.047300,-86.862740,OLD HICKORY BLVD,,,,0.00,Feet,,HILLSBORO PKE,,,,0.00,Y,Four-Way,Y,Intersection-Related,None,,,         ,Courtney,Hester,Clear,Front to Rear,no,no,no,no,yes,False
102016338,METROPOLITAN NASHVILLE POLICE DEPT,20180443330,Davidson,Nashville,5/20/2018 3:05:00 AM,2,0,0,36.132830,-86.727150,I 24,,,,0.00,,,,,,,52.00,N,Not at Intersection,N,Non-Junction,None,,,         ,David,Smith,Clear,"Sideswipe, Same Direction",no,no,no,no,yes,False
102016373,METROPOLITAN NASHVILLE POLICE DEPT,20180443246,Davidson,Nashville,5/20/2018 12:00:00 AM,2,0,0,36.159560,-86.774640,3RD AVS,,,,0.00,,,DEMONBREUN ST,,,,0.00,Y,Four-Way,N,Intersection,None,,,         ,Daniel,Russett,Clear,"Sideswipe, Same Direction",no,no,no,no,yes,False
102016381,METROPOLITAN NASHVILLE POLICE DEPT,20180443415,Davidson,Nashville,5/20/2018 4:00:00 AM,1,0,0,36.069470,-86.693080,HAYWOOD LN,,,,104.00,Feet,West,HAYWOOD SQUARE PVTDR,,,,0.00,N,Not at Intersection,N,Non-Junction,None,,,         ,Autumn,Manning,Clear,Not Collision with Motor Vehicle in Transport,no,no,no,yes,no,False
102016403,METROPOLITAN NASHVILLE POLICE DEPT,20180443475,Davidson,Nashville,5/20/2018 4:44:00 AM,2,0,0,36.013280,-86.620720,OLD HICKORY,BLVD,,,0.00,,,,,II-24,,0.00,Y,Four-Way,Y,Intersection,None,,,         ,Kevin,Breeding,Clear,Angle,no,no,no,no,no,False
102016472,METROPOLITAN NASHVILLE POLICE DEPT,20180443534,Davidson,Nashville,5/20/2018 6:00:00 AM,1,0,0,36.113750,-86.766770,BRANSFORD AV,,,,345.00,Feet,West,HEATHER PL,,,,0.00,N,Not at Intersection, ,Non-Junction,None,,,         ,Christopher,Dameron,Clear,Not Collision with Motor Vehicle in Transport,no,no,no,no,no,False
102016483,METROPOLITAN NASHVILLE POLICE DEPT,20180443592,Davidson,Nashville,5/20/2018 12:00:00 AM,2,0,0,36.179070,-86.811180,21ST AVN,,,,0.00,,,,,,,0.00,,,N,Non-Junction,None,,,         ,Brent,Hedgcoth,Unknown,Unknown,no,no,no,yes,yes,False
102016484,METROPOLITAN NASHVILLE POLICE DEPT,20180443305,Davidson,Nashville,5/20/2018 3:00:00 AM,2,1,0,36.133700,-86.727110,I 24,,,,0.00,,,,,,,52.05,N,Not at Intersection,Y,Non-Junction,None,,,         ,Zachary,Lang,Clear,Front to Rear,no,no,no,no,no,False
102016487,METROPOLITAN NASHVILLE POLICE DEPT,20180443574,Davidson,Nashville,5/20/2018 6:20:00 AM,1,0,0,36.055730,-86.642170,BELL RD,,,,290.00,Feet,North,THE OVERLOOK PVTDR,,,,0.00,N,Not at Intersection,N,Non-Junction,None,,,         ,Jason,Hees,Clear,Not Collision with Motor Vehicle in Transport,no,no,no,no,yes,False
102016530,METROPOLITAN NASHVILLE POLICE DEPT,20180443709,Davidson,Nashville,5/19/2018 12:00:00 AM,2,0,0,36.171610,-86.796890,11TH AVN,,,,104.00,Feet,South,JEFFERSON ST,,,,0.00,N,Not at Intersection,N,Non-Junction,None,,,         ,Patrick,Taylor,Clear,Rear to Side,no,no,no,no,yes,False
102016605,METROPOLITAN NASHVILLE POLICE DEPT,20180443841,Davidson,Nashville,5/20/2018 9:31:00 AM,2,2,0,36.128830,-86.900530,I 40,,,,0.00,,,,,,,200.90,N,Not at Intersection,N,Non-Junction,None,,,         ,Benjamin,Cantrell,Clear,"Sideswipe, Same Direction",no,no,no,no,no,False
102016616,VANDERBILT UNIVERSITY POLICE,20180443899,Davidson,Nashville,5/20/2018 12:00:00 AM,2,0,0,36.147520,-86.805570,WEST SIDE ROW,,,,167.00,Feet,East,24TH AVS,,,,0.00,N,Not at Intersection,N,Non-Junction,None,,,         ,Casey,Clark,Unknown,Unknown,no,no,no,yes,yes,Campus
102016624,METROPOLITAN NASHVILLE POLICE DEPT,20180443886,Davidson,Nashville,5/20/2018 10:00:00 AM,2,0,0,36.106210,-86.673060,MURFREESBORO PKE,,,,0.00,,,DONELSON PKE,,,,0.00,Y,Four-Way, ,Intersection-Related,None,,,         ,Bryce,Hatten,Clear,Front to Rear,no,no,no,no,no,False
102016631,METROPOLITAN NASHVILLE POLICE DEPT,20180443894,Davidson,Nashville,5/20/2018 10:05:00 AM,2,0,0,36.176910,-86.774580,SPRING ST,,,,0.00,,,N 1ST ST,,,,0.00,Y,Four-Way, ,Intersection,None,,,         ,Cody,O'Quinn,Cloudy,Angle,no,no,no,no,no,False
102016633,METROPOLITAN NASHVILLE POLICE DEPT,20180443850,Davidson,Not in City Limit,5/20/2018 9:40:00 AM,2,1,0,36.084970,-86.939990,SAWYER BROWN RD,,,,165.00,Feet,West,CROSS TIMBERS DR,,,,0.00,N,Not at Intersection,N,Non-Junction,None,,,         ,Terrence,Bradley,Clear,Angle,no,no,no,no,no,False
102016674,METROPOLITAN NASHVILLE POLICE DEPT,20180444010,Davidson,Nashville,5/20/2018 10:54:00 AM,2,0,0,36.220340,-86.774170,I 65,,,,0.00,,,,,,,88.30,N,Not at Intersection,Y,Non-Junction,None,,,         ,Robert,Schohn,Clear,"Sideswipe, Same Direction",no,no,no,no,yes,False
102016694,METROPOLITAN NASHVILLE POLICE DEPT,20180444045,Davidson,Nashville,5/20/2018 11:29:00 AM,2,0,0,36.169550,-86.600980,OLD HICKORY BLVD,,,,0.00,,,I40 E ENT RAMP,,,,0.00,Y,OTHER,Y,Entrance/Exit Ramp Related,None,,,         ,Michael,Brooks,Clear,Front to Rear,no,no,no,no,yes,False
102016715,METROPOLITAN NASHVILLE POLICE DEPT,2018-0444073,Davidson,Nashville,5/20/2018 11:40:00 AM,2,0,0,36.059820,-86.679710,I 24,,,,0.00,,,,,,,57.85,N,Not at Intersection, ,Non-Junction,None,,,         ,Stanley,Collins,Clear,Other,no,no,no,no,no,False
102016743,METROPOLITAN NASHVILLE POLICE DEPT,2018-0444174,Davidson,Nashville,5/20/2018 1:00:00 PM,2,0,0,36.235940,-86.763550,I 65,,,,0.00,,,,,,,89.60,N,Not at Intersection, ,Non-Junction,None,,,         ,Travis,Baxter,Clear,"Sideswipe, Same Direction",no,no,no,no,no,False
102016789,METROPOLITAN NASHVILLE POLICE DEPT,20180444224,Davidson,Nashville,5/20/2018 1:35:00 PM,2,0,0,36.207140,-86.839920,CLARKSVILLE PKE,,,,50.00,Feet,South,W HAMILTON AV,,,,0.00,N,Not at Intersection,N,Non-Junction,None,,,         ,Zachary,Goodall,Clear,Front to Rear,no,no,no,no,yes,False
102016826,METROPOLITAN NASHVILLE POLICE DEPT,20180444247,Davidson,Nashville,5/20/2018 2:06:00 PM,1,1,0,36.192460,-86.623850,LEBANON PKE,,,,0.00,,,,,,,0.00,,,N,Non-Junction,None,,,         ,Michael,Brooks,Clear,Not Collision with Motor Vehicle in Transport,no,no,no,no,no,False
102016832,METROPOLITAN NASHVILLE POLICE DEPT,20180444264,Davidson,Goodlettsville,5/20/2018 2:15:00 PM,2,0,0,36.293760,-86.703690,ALTA LOMA RD,,,,6.00,Feet,East,RIVERGATE SQUARE PVTDR,,,,0.00,N,Not at Intersection, ,,None,,,         ,Michelle,Steidl,,,no,no,no,no,no,False
102016845,METROPOLITAN NASHVILLE POLICE DEPT,20180442163,Davidson,Nashville,5/19/2018 5:35:00 PM,2,0,0,36.167770,-86.765500,I 24,,,,0.00,,,,,,,48.85,N,Not at Intersection, ,Non-Junction,None,,,         ,David,Snowden,Clear,Front to Rear,no,no,no,no,no,False
102016876,METROPOLITAN NASHVILLE POLICE DEPT,20180444358,Davidson,Nashville,5/20/2018 3:20:00 PM,3,0,0,36.182380,-86.812160,DR D B TODD JR BLVD,,,,89.00,Feet,South,CLAY ST,,,,0.00,N,Not at Intersection,N,Non-Junction,None,,,         ,Thomas,Miller,Clear,Front to Rear,no,no,no,no,yes,False
102016895,METROPOLITAN NASHVILLE POLICE DEPT,20180444275,Davidson,Nashville,5/20/2018 1:30:00 PM,2,0,0,36.152220,-86.841600,CHARLOTTE AV,,,,182.00,Feet,East,46TH AVN,,,,0.00,N,Not at Intersection, ,Non-Junction,None,,,         ,Torian,Cox,Clear,Front to Rear,no,no,no,no,no,False
102016913,GOODLETTSVILLE POLICE DEPT,18-17816,Davidson,Goodlettsville,5/20/2018 3:30:00 PM,2,0,0,36.327730,-86.714490,N MAIN ST,,,,139.00,Feet,South,LINDBERG AV,,,,0.00,N,Not at Intersection, ,Non-Junction,None,,,         ,George,Forbes,Clear,Angle,no,no,no,no,no,False
102016914,METROPOLITAN NASHVILLE POLICE DEPT,20180444389,Davidson,Nashville,5/20/2018 3:39:00 PM,2,0,0,36.158570,-86.790290,CHURCH ST,,,,113.00,Feet,East,GEORGE L DAVIS BLVD,,,,0.00,N,Not at Intersection,N,Non-Junction,None,,,         ,David,Snowden,Clear,Angle,no,no,no,no,no,False
102016915,METROPOLITAN NASHVILLE POLICE DEPT,20180444437,Davidson,Nashville,5/20/2018 3:44:00 PM,2,0,0,36.143190,-86.736850,I 40,,,,0.00,,,,,,,212.70,N,Not at Intersection, ,,None,,,         ,Trenton,Searcy,,,no,no,no,no,no,False
102016917,METROPOLITAN NASHVILLE POLICE DEPT,20180444420,Davidson,Nashville,5/20/2018 3:47:00 PM,2,1,0,36.087290,-86.723850,PARAGON MILLS RD,,,,39.00,Feet,East,CANTERBURY HALL CONDOS PVTDR,,,,0.00,N,Not at Intersection,N,Non-Junction,None,,,         ,YUNUS,ADAK,Clear,Angle,no,no,no,no,no,False
102016924,METROPOLITAN NASHVILLE POLICE DEPT,20180444460,Davidson,Nashville,5/20/2018 4:05:00 PM,2,0,0,36.206470,-86.736490,GALLATIN PKE,,,,217.00,Feet,South,MAYNOR AV,,,,0.00,N,Not at Intersection, ,Non-Junction,None,,,         ,Hunter,Fikes,Clear,Front to Rear,no,no,no,no,no,False
102016925,METROPOLITAN NASHVILLE POLICE DEPT,20180444353,Davidson,Nashville,5/20/2018 3:21:00 PM,2,1,0,36.154630,-86.779160,8TH AVS,,,,0.00,,,LAFAYETTE ST,,,,0.00,Y,Roundabout,N,Intersection,None,,,         ,Phillip,Box,Clear,Front to Rear,no,no,no,no,no,False
102016933,METROPOLITAN NASHVILLE POLICE DEPT,20180444297,Davidson,Nashville,5/20/2018 1:25:00 PM,2,0,0,36.205580,-86.768680,DICKERSON PKE,,,,116.00,Feet,South,E TRINITY LN,,,,0.00,N,Not at Intersection,N,Non-Junction,None,,,         ,Ethan,Usherwood,Clear,Front to Rear,no,no,no,no,yes,False
102016935,METROPOLITAN NASHVILLE POLICE DEPT,20180444421,Davidson,Nashville,5/20/2018 3:41:00 PM,2,1,0,36.180090,-86.769050,TREUTLAND AV,,,,0.00,Feet,,MERIDIAN ST,,,,0.00,Y,Four-Way,N,Intersection,None,,,         ,Ethan,Usherwood,Clear,Angle,no,no,no,no,no,False
102016937,METROPOLITAN NASHVILLE POLICE DEPT,20180444431,Davidson,Nashville,5/20/2018 3:43:00 PM,2,0,0,36.141910,-86.640990,ELM HILL PKE,,,,108.00,Feet,East,PATIO DR,,,,0.00,N,Not at Intersection, ,,None,,,         ,Seth,Vaughn,,,no,no,no,no,no,False
102016947,GOODLETTSVILLE POLICE DEPT,18-17753,Davidson,Goodlettsville,5/20/2018 12:00:00 AM,1,0,0,36.302210,-86.710276,VIETNAM VETERANS,BLVD,SR386,,150.00,Feet,East,,,I65 SOUT,,95.00,N,Not at Intersection,Y,Non-Junction,None,,,         ,Alexander,Bardill,Clear,Not Collision with Motor Vehicle in Transport,no,no,no,no,yes,False