master_record_number,agency,agency_tracking_number,county,city,collision_date,vehicles_involved,number_injured,number_dead,latitude,longitude,roadway_name,roadway_suffix,roadway_number,roadway_local_id,distance_from_reference,miles-feet_indicator,direction_from_reference,intersection_road_name,intersection_road_name_suffix,intersection_road_number,intersection_local_id,mile_marker,intersection_indicator,intersect_type,interchange_related_indicator,relation_to_junction,work_zone_type,construction_maintenance_zone,construction_maintenance_zone_location,fatal_case_number,officer_first_name,officer_last_name,weather_condition(s),manner_of_crash,pedestrian,bicycle,scooter,parking,hitrun,mou
102018919,METROPOLITAN NASHVILLE POLICE DEPT,20180450748,Davidson,Nashville,5/22/2018 5:36:00 PM,2,1,0,36.129840,-86.695160,BRILEY PKWYS,,,,31.00,Feet,West,AIRWAYS BLVD,,,,0.00,N,Not at Intersection,N,Non-Junction,None,,,         ,Brady,Reynolds,Rain,Front to Rear,no,no,no,no,no,False
102018937,METROPOLITAN NASHVILLE POLICE DEPT,20180450683,Davidson,Nashville,5/22/2018 5:05:00 PM,1,1,0,36.048800,-86.686150,BENZING RD,,,,900.00,Feet,North,BRENTRIDGE DR,,,,0.00,N,Not at Intersection,N,Non-Junction,None,,,         ,Matthew,Turppa,Rain,Not Collision with Motor Vehicle in Transport,no,no,no,no,no,False
102018942,METROPOLITAN NASHVILLE POLICE DEPT,20180450582,Davidson,Nashville,5/22/2018 4:39:00 PM,3,1,0,36.174400,-86.774190,OLDHAM ST,,,,0.00,,,N 1ST ST,,,,0.00,Y,Four-Way,N,Intersection,None,,,         ,Reginald,Pierre-Paul,Clear,Angle,no,no,no,no,no,False
102018943,METROPOLITAN NASHVILLE POLICE DEPT,20180450071,Davidson,Nashville,5/22/2018 1:00:00 PM,3,0,0,36.176880,-86.776180,COWAN ST,,,,0.00,,,SPRING ST,,,,0.00,Y,Four-Way,N,Intersection-Related,None,,,         ,Gregory,Julia,Cloudy,Front to Rear,no,no,no,no,no,False
102018945,METROPOLITAN NASHVILLE POLICE DEPT,20180450724,Davidson,Nashville,5/22/2018 5:31:00 PM,3,0,0,36.173290,-86.764160,MAIN ST,,,,73.00,Feet,West,YEAMAN PL,,,,0.00,N,Not at Intersection,N,Non-Junction,None,,,         ,James,Smith,Rain,Front to Rear,no,no,no,no,no,False
102018951,METROPOLITAN NASHVILLE POLICE DEPT,20180450625,Davidson,Nashville,5/22/2018 4:52:00 PM,2,0,0,36.151190,-86.774240,6TH AVS,,,,0.00,,,DIVISION ST,,,,0.00,Y,Four-Way,N,Intersection,None,,,         ,Joseph,Bingham,Cloudy,Front to Rear,no,no,no,no,no,False
102018955,METROPOLITAN NASHVILLE POLICE DEPT,20180450682,Davidson,Nashville,5/22/2018 5:05:00 PM,2,0,0,36.243500,-86.756670,DICKERSON PKE,,,,148.00,Feet,South,SKYLINE MEMORIAL CT,,,,0.00,N,Not at Intersection, ,Non-Junction,None,,,         ,Jason,Dudley,Clear,Angle,no,no,no,no,no,False
102018966,METROPOLITAN NASHVILLE POLICE DEPT,20180450903,Davidson,Nashville,5/22/2018 6:42:00 PM,2,0,0,36.154450,-86.626170,STEWARTS FERRY PKE,,,,0.00,,,I40 E ENT RAMP,,,,0.00,Y,T-Intersection, ,Intersection-Related,None,,,         ,Kimberly,Annson,Rain,Front to Rear,no,no,no,no,no,False
102018971,METROPOLITAN NASHVILLE POLICE DEPT,20180450926,Davidson,Nashville,5/22/2018 12:00:00 AM,2,0,0,36.155100,-86.822530,I440 W EXT RAMP,,,,0.00,Feet,East,I 440,,,,0.00,N,Not at Intersection, ,Non-Junction,None,,,         ,Melvin,Taylor,Clear,Front to Rear,no,no,no,no,yes,False
102018974,METROPOLITAN NASHVILLE POLICE DEPT,2018-0450929,Davidson,Nashville,5/22/2018 5:34:00 PM,2,0,0,36.071430,-86.841810,HILLSBORO PKE,,,,217.00,Feet,South,CASTLEWOOD CT,,,,0.00,N,Not at Intersection, ,Non-Junction,None,,,         ,Ryan,Allen,Rain,Front to Rear,no,no,no,no,no,False
102018975,METROPOLITAN NASHVILLE POLICE DEPT,20180450720,Davidson,Nashville,5/22/2018 5:00:00 PM,3,0,0,36.123880,-86.748060,I440 W EXT RAMP,,,,0.00,Feet,East,I 440,,,,0.00,N,Not at Intersection, ,Non-Junction,None,,,         ,Aimee,Ortiz,Rain,Front to Rear,no,no,no,no,no,False
102018980,METROPOLITAN NASHVILLE POLICE DEPT,20180450824,Davidson,Nashville,5/22/2018 5:57:00 PM,2,0,0,36.167790,-86.787850,ROSA L PARKS BLVD,,,,64.00,Feet,North,10TH CIRN,,,,0.00,N,Not at Intersection, ,Non-Junction,None,,,         ,Kevin,Johnson,Rain,Front to Rear,no,no,no,no,no,False
102018982,METROPOLITAN NASHVILLE POLICE DEPT,20180450848,Davidson,Not in City Limit,5/22/2018 6:15:00 PM,2,0,0,36.042730,-86.978190,MCCRORY LN,,,,47.00,Feet,East,INDIAN HILLS DR,,,,0.00,N,Not at Intersection,N,Non-Junction,None,,,         ,Steven,Fisher,Rain,"Sideswipe, Opposite Direction",no,no,no,no,no,False
102018983,METROPOLITAN NASHVILLE POLICE DEPT,20180450877,Davidson,Nashville,5/22/2018 6:05:00 PM,2,0,0,36.184000,-86.751290,W EASTLAND AV,,,,333.00,Feet,West,BAILEY ST,,,,0.00,N,Not at Intersection,N,Non-Junction,None,,,         ,Randall,Smith,Rain,Front to Rear,no,no,no,no,no,False
102019011,METROPOLITAN NASHVILLE POLICE DEPT,20180450802,Davidson,Nashville,5/22/2018 5:50:00 PM,2,1,0,36.113560,-86.922910,OLD HICKORY BLVD,,,,340.00,Feet,South,TIDWELL RD,,,,0.00,N,Not at Intersection,N,Non-Junction,None,,,         ,Wade,Johnson,Cloudy,Other,no,no,no,yes,no,False
102019032,METROPOLITAN NASHVILLE POLICE DEPT,20180450511,Davidson,Nashville,5/22/2018 4:11:00 PM,2,0,0,36.205150,-86.768780,DICKERSON PKE,,,,273.00,Feet,South,E TRINITY LN,,,,0.00,N,Not at Intersection, ,Non-Junction,None,,,         ,Joshua,Lackey,Cloudy,Angle,no,no,no,no,no,False
102019033,METROPOLITAN NASHVILLE POLICE DEPT,20180450876,Davidson,Nashville,5/22/2018 3:57:00 PM,2,0,0,36.086460,-86.698690,HARDING PL,,,,0.00,,,I 24,,,,0.00,Y,Four-Way,Y,Entrance/Exit Ramp Related,None,,,         ,Brittany,McElwee,Rain,Front to Rear,no,no,no,no,yes,False
102019034,METROPOLITAN NASHVILLE POLICE DEPT,20180450752,Davidson,Nashville,5/22/2018 5:17:00 PM,2,0,0,36.040680,-86.771920,OLD HICKORY BLVD,,,,252.00,Feet,West,SEVEN SPRINGS WAY PVTDR,,,,0.00,N,Not at Intersection, ,Non-Junction,None,,,         ,Brandon,Hughes,Rain,Front to Rear,no,no,no,no,no,False
102019039,METROPOLITAN NASHVILLE POLICE DEPT,20180450868,Davidson,Not in City Limit,5/22/2018 6:16:00 PM,2,0,0,36.261370,-86.738360,I 65,,,,0.00,,,,,,,92.00,N,Not at Intersection, ,Non-Junction,None,,,         ,Christopher,Littles,Rain,"Sideswipe, Same Direction",no,no,no,no,no,False
102019040,METROPOLITAN NASHVILLE POLICE DEPT,20180450916,Davidson,Nashville,5/22/2018 6:42:00 PM,2,0,0,36.250830,-86.717590,BRINK HAVEN AV,,,,216.00,Feet,East,GALLATIN PKES,,,,0.00,N,Not at Intersection,N,OtherLocation,None,,,         ,Christopher,Littles,Cloudy,Rear to Side,no,no,no,no,yes,False
102019041,METROPOLITAN NASHVILLE POLICE DEPT,20180451014,Davidson,Nashville,5/22/2018 7:03:00 PM,2,0,0,36.243890,-86.756580,SKYLINE MEMORIAL CT,,,,0.00,,,DICKERSON PKE,,,,0.00,Y,Four-Way,N,Intersection,None,,,         ,Christopher,Littles,Rain,HeadOn,no,no,no,no,no,False
102019044,METROPOLITAN NASHVILLE POLICE DEPT,2018-0451112,Davidson,Nashville,5/22/2018 6:33:00 PM,2,0,0,36.075210,-86.918710,BELLEVUE VALLEY PLAZA PVTDR,,,,0.00,,,HIGHWAY 70S,,,,0.00,Y,T-Intersection,N,"Driveway, Alley Access, etc",None,,,         ,Ryan,Allen,Rain,Angle,no,no,no,no,no,False
102019045,METROPOLITAN NASHVILLE POLICE DEPT,20180451136,Davidson,Nashville,5/22/2018 8:09:00 PM,1,0,0,36.149020,-86.762450,CHARLES E DAVIS BLVD,,,,65.00,Feet,North,LAFAYETTE ST,,,,0.00,N,Not at Intersection,N,Non-Junction,None,,,         ,Tyler,Conrads,Clear,Not Collision with Motor Vehicle in Transport,no,no,no,yes,yes,False
102019047,METROPOLITAN NASHVILLE POLICE DEPT,20180451118,Davidson,Nashville,5/22/2018 12:00:00 AM,1,0,0,36.114780,-86.631400,BELL RD,,,,1049.00,Feet,North,COUCHVILLE PKE,,,,0.00,N,Not at Intersection,N,Non-Junction,None,,,         ,Kimberly,Annson,Cloudy,Not Collision with Motor Vehicle in Transport,no,no,no,no,no,False
102019048,METROPOLITAN NASHVILLE POLICE DEPT,20180451002,Davidson,Nashville,5/22/2018 6:20:00 PM,2,0,0,36.133350,-86.779180,8TH AVS,,,,84.00,Feet,South,ROYCROFT PL,,,,0.00,N,Not at Intersection, ,,None,,,         ,Gregory,Scott,,,no,no,no,no,no,False
102019057,METROPOLITAN NASHVILLE POLICE DEPT,20180450844,Davidson,Nashville,5/22/2018 6:05:00 PM,2,0,0,36.040700,-86.779740,OLD HICKORY BLVD,,,,131.00,Feet,West,FRANKLIN PIKE CIR,,,,0.00,N,Not at Intersection, ,Non-Junction,None,,,         ,Brandon,Hughes,Rain,Front to Rear,no,no,no,no,no,False
102019078,METROPOLITAN NASHVILLE POLICE DEPT,20180450785,Davidson,Nashville,5/22/2018 5:50:00 PM,5,1,0,36.252550,-86.739570,I 65,,,,0.00,,,,,,,91.40,N,Not at Intersection,N,Non-Junction,None,,,         ,Jason,Dudley,Rain,"Sideswipe, Same Direction",no,no,no,no,yes,False
102019099,METROPOLITAN NASHVILLE POLICE DEPT,20180451294,Davidson,Not in City Limit,5/22/2018 12:00:00 AM,1,1,0,36.290380,-86.847780,WHITES CREEK PKE,,,,1687.00,Feet,West,LAWS RD,,,,0.00,N,Not at Intersection,N,Non-Junction,None,,,         ,Melvin,Taylor,Rain,Not Collision with Motor Vehicle in Transport,no,no,no,no,no,False
102019101,METROPOLITAN NASHVILLE POLICE DEPT,20180451400,Davidson,Nashville,5/22/2018 9:00:00 PM,2,0,0,36.184730,-86.748310,CHICAMAUGA AV,,,,102.00,Feet,West,GALLATIN AV,,,,0.00,N,Not at Intersection,N,Non-Junction,None,,,         ,Randall,Smith,Cloudy,Unknown,no,no,no,no,yes,False
102019102,METROPOLITAN NASHVILLE POLICE DEPT,20180451397,Davidson,Nashville,5/22/2018 9:31:00 PM,2,0,0,36.044890,-86.659970,BELL RD,,,,68.00,Feet,West,I24 E EXT RAMP,,,,0.00,N,Not at Intersection,N,Non-Junction,None,,,         ,Devonte,Coleman,Clear,Front to Rear,no,no,no,no,no,False
102019118,METROPOLITAN NASHVILLE POLICE DEPT,20180450251,Davidson,Nashville,5/22/2018 1:20:00 PM,1,0,0,36.137530,-86.800300,WEDGEWOOD AV,,,,135.00,Feet,East,21ST AVS,,,,0.00,N,Not at Intersection,N,Non-Junction,None,,,         ,Akira,McSwain,Clear,Not Collision with Motor Vehicle in Transport,no,no,no,no,no,Campus
102019119,METROPOLITAN NASHVILLE POLICE DEPT,20180450617,Davidson,Nashville,5/22/2018 4:52:00 PM,2,0,0,36.042170,-86.726510,OLD HICKORY BLVD,,,,49.00,Feet,South,WOODLANDS AV,,,,0.00,N,Not at Intersection, ,Non-Junction,None,,,         ,Akira,McSwain,Rain,Front to Rear,no,no,no,no,no,False
102019120,METROPOLITAN NASHVILLE POLICE DEPT,20180450770,Davidson,Nashville,5/22/2018 5:46:00 PM,3,2,0,36.033110,-86.774210,CHURCH STE,,,,273.00,Feet,West,PLUM ORCHARD DR,,,,0.00,N,Not at Intersection,N,Non-Junction,None,,,         ,Akira,McSwain,Rain,Front to Rear,no,no,no,no,no,False
102019121,METROPOLITAN NASHVILLE POLICE DEPT,20180450978,Davidson,Nashville,5/22/2018 5:05:00 PM,2,0,0,36.037380,-86.785860,WILSON PIKE CIR,,,,42.00,Feet,South,OLD HICKORY BLVD,,,,0.00,N,Not at Intersection, ,Non-Junction,None,,,         ,Akira,McSwain,Clear,Front to Rear,no,no,no,no,no,False
102019122,METROPOLITAN NASHVILLE POLICE DEPT,20180451100,Davidson,Nashville,5/22/2018 12:00:00 AM,2,0,0,36.058290,-86.716110,NOLENSVILLE PKE,,,,285.00,Feet,South,TUSCULUM RD,,,,0.00,N,Not at Intersection,N,Non-Junction,None,,,         ,Akira,McSwain,Clear,"Sideswipe, Same Direction",no,no,no,no,no,False
102019125,METROPOLITAN NASHVILLE POLICE DEPT,20180451396,Davidson,Nashville,5/22/2018 8:40:00 PM,2,0,0,36.167400,-86.607890,I40 E EXT RAMP,,,,0.00,Feet,East,I 40,,,,0.00,N,Not at Intersection,N,Non-Junction,None,,,         ,Abbey,Sawl,Clear,Front to Rear,no,no,no,no,yes,False
102019132,METROPOLITAN NASHVILLE POLICE DEPT,20180451498,Davidson,Nashville,5/22/2018 10:12:00 PM,2,0,0,36.166230,-86.765790,SHELBY AV,,,,0.00,,,I24 E EXT RAMP,,,,0.00,Y,Four-Way, ,Intersection,None,,,         ,Reginald,Pierre-Paul,Clear,Angle,no,no,no,no,no,False
102019151,METROPOLITAN NASHVILLE POLICE DEPT,20180451449,Davidson,Nashville,5/22/2018 9:48:00 PM,2,2,0,36.212340,-86.694890,OPRYLAND DR,,,,0.00,,,,,,,0.00,,,N,Non-Junction,None,,,         ,Darci,Stechman,Clear,Other,no,no,no,yes,no,False
102019162,METROPOLITAN NASHVILLE POLICE DEPT,20180451600,Davidson,Nashville,5/22/2018 10:55:00 PM,2,0,0,36.140740,-86.793640,HORTON AV,,,,0.00,,,16TH AVS,,,,0.00,Y,Four-Way, ,Intersection,None,,,         ,Eugene,Martino,Clear,Angle,no,no,no,no,no,False
102019217,METROPOLITAN NASHVILLE POLICE DEPT,20180451725,Davidson,Nashville,5/23/2018 12:10:00 AM,1,0,0,36.148550,-86.885960,ANNEX AV,,,,136.00,Feet,South,STARLINER DR,,,,0.00,N,Not at Intersection,N,Non-Junction,None,,,         ,Steven,Wiser,Clear,Not Collision with Motor Vehicle in Transport,no,no,no,no,yes,False
102019255,METROPOLITAN NASHVILLE POLICE DEPT,20180451625,Davidson,Nashville,5/22/2018 11:15:00 PM,1,1,0,36.045430,-86.703610,OLD HICKORY BLVD,,,,0.00,,,EULALA DR,,,,0.00,Y,Four-Way,N,Intersection,None,,,         ,William,Williams,Clear,Not Collision with Motor Vehicle in Transport,yes,no,no,no,yes,False
102019256,GOODLETTSVILLE POLICE DEPT,18-18098,Davidson,Goodlettsville,5/22/2018 6:40:00 PM,2,0,0,36.310830,-86.702100,I 65,,,,0.00,,,,,,,96.10,N,Not at Intersection,N,Non-Junction,None,,,         ,Jeffery,Hunter,Rain,Front to Rear,no,no,no,no,yes,False
102019257,THP District 3 - Nashville,318029499,Davidson,Nashville,5/10/2018 11:24:00 PM,2,0,0,36.041610,-86.749250,OLD HICKORY BLVD,,,,0.00,,,HILL RD,,,,0.00,Y,Four-Way,N,Intersection-Related,None,,,         ,David,Greene,Clear,Front to Rear,no,no,no,no,no,False
102019259,BELLE MEADE POLICE DEPT,18-0142,Davidson,Belle Meade,5/22/2018 4:19:00 AM,1,0,0,36.106890,-86.844670,LYNNWOOD BLVD,,,,1369.00,Feet,South,ABBOTT MARTIN RD,,,,0.00,N,Not at Intersection,N,Non-Junction,None,,,         ,Tyler,Parrish,Clear,Not Collision with Motor Vehicle in Transport,no,no,no,no,no,False
102019291,METROPOLITAN NASHVILLE POLICE DEPT,20180452199,Davidson,Nashville,5/23/2018 12:00:00 AM,2,0,0,36.225820,-86.744500,LEMONT DR,,,,133.00,Feet,North,WHITE OAK CT,,,,0.00,N,Not at Intersection,N,Non-Junction,None,,,         ,Juan,Gonzalez,Clear,HeadOn,no,no,no,no,yes,False
102019293,METROPOLITAN NASHVILLE POLICE DEPT,20180452192,Davidson,Not in City Limit,5/23/2018 4:44:00 AM,1,1,0,36.371350,-86.890760,WHITES CREEK PKE,,,,478.00,Feet,South,RILEY ADCOCK RD,,,,0.00,N,Not at Intersection,N,Non-Junction,None,,,         ,Armonty,Houston,Clear,Not Collision with Motor Vehicle in Transport,no,no,no,no,no,False
102019306,METROPOLITAN NASHVILLE POLICE DEPT,20180452300,Davidson,Nashville,5/23/2018 12:00:00 AM,1,0,0,36.110580,-86.723320,I24 E EXT RAMP,,,,0.00,,,I 24,,,,0.00,Y,OTHER,N,Entrance/Exit Ramp Related,None,,,         ,Robert,Erickson,Clear,Not Collision with Motor Vehicle in Transport,no,no,no,no,yes,False
102019312,METROPOLITAN NASHVILLE POLICE DEPT,20180452426,Davidson,Not in City Limit,5/23/2018 5:25:00 AM,1,0,0,36.311840,-86.827290,CLAY LICK RD,,,,2456.00,Feet,East,CLAY LICK CT,,,,0.00,N,Not at Intersection, ,,None,,,         ,James,Murphy,,,no,no,no,no,no,False
102019325,Nashville Airport Police,18-01904,Davidson,Nashville,5/23/2018 5:44:00 AM,2,0,0,36.136160,-86.667550,TERMINAL DR,,,,0.00,,,I40 E EXT RAMP,,,,0.00,Y,OTHER, ,Non-Junction,None,,,         ,Jerry,Lovell,Fog,"Sideswipe, Same Direction",no,no,no,no,no,False
102019368,METROPOLITAN NASHVILLE POLICE DEPT,20180452496,Davidson,Not in City Limit,5/23/2018 6:55:00 AM,2,0,0,36.077310,-87.030290,I 40,,,,0.00,,,,,,,192.00,N,Not at Intersection,N,Non-Junction,None,,,         ,Curtis,Rich,Clear,Front to Rear,no,no,no,no,no,False
102019374,BERRY HILL POLICE DEPT,18-1698,Davidson,Berry Hill,5/22/2018 10:51:00 AM,2,0,0,36.118860,-86.774590,FRANKLIN PKE,,,,0.00,,,BERRY RD,,,,0.00,Y,Four-Way,Y,Intersection,None,,,         ,Ronnie,Hill,Cloudy,Angle,no,no,no,no,no,False
102019379,METROPOLITAN NASHVILLE POLICE DEPT,20180452468,Davidson,Madison,5/23/2018 6:40:00 AM,2,0,0,36.263560,-86.712960,OLD TIME VILLAGE PVTDR,,,,0.00,Feet,East,OLD HICKORY BLVDW,,,,0.00,N,Not at Intersection,N,OtherLocation,None,,,         ,Brian,Otto,Clear,Angle,no,no,no,yes,no,False
102019398,METROPOLITAN NASHVILLE POLICE DEPT,20180452550,Davidson,Nashville,5/23/2018 7:41:00 AM,2,1,0,36.145080,-86.709040,ELM HILL PKE,,,,273.00,Feet,West,METCOM CENTER PVTDR,,,,0.00,N,Not at Intersection, ,Non-Junction,None,,,         ,Gerry,Hutcheson,Clear,Front to Rear,no,no,no,no,no,False
102019400,METROPOLITAN NASHVILLE POLICE DEPT,20180452611,Davidson,Nashville,5/23/2018 8:01:00 AM,2,0,0,36.081880,-86.761840,I65 N EXT RAMP,,,,0.00,,,HARDING PL,,,,0.00,Y,Four-Way, ,Non-Junction,None,,,         ,Earl,Davis,Clear,Front to Rear,no,no,no,no,no,False
102019406,METROPOLITAN NASHVILLE POLICE DEPT,20180452537,Davidson,Old Hickory,5/23/2018 7:30:00 AM,2,0,0,36.252610,-86.647940,OLD HICKORY BLVD,,,,0.00,,,HADLEY AV,,,,0.00,Y,Y-Intersection,N,Intersection,None,,,         ,Michael,Parman,Fog,Front to Rear,no,no,no,no,no,False
102019415,METROPOLITAN NASHVILLE POLICE DEPT,20180452599,Davidson,Nashville,5/23/2018 12:00:00 AM,2,0,0,36.176640,-86.771010,SPRING ST,,,,0.00,,,DICKERSON PKE,,,,0.00,Y,Y-Intersection,Y,Entrance/Exit Ramp Related,None,,,         ,John,Petriello,Clear,"Sideswipe, Same Direction",no,no,no,no,yes,False
102019418,METROPOLITAN NASHVILLE POLICE DEPT,20180452563,Davidson,Nashville,5/23/2018 7:30:00 AM,2,0,0,36.238320,-86.780290,BRILEY PKWYE,,,,49.00,Feet,South,BRILEY PKWYW,,,,0.00,N,Not at Intersection, ,Non-Junction,None,,,         ,Jeremy,Arrington,Clear,"Sideswipe, Same Direction",no,no,no,no,no,False
102019419,METROPOLITAN NASHVILLE POLICE DEPT,20180452563,Davidson,Nashville,5/23/2018 7:40:00 AM,2,1,0,36.252230,-86.785250,I 24,,,,0.00,,,,,,,42.40,N,Not at Intersection,N,Non-Junction,None,,,         ,Jared,Lemons,Clear,Front to Rear,no,no,no,no,no,False
102019420,METROPOLITAN NASHVILLE POLICE DEPT,20180452494,Davidson,Nashville,5/23/2018 7:05:00 AM,5,1,0,36.141220,-86.717290,I 40,,,,0.00,,,,,,,213.80,N,Not at Intersection,N,Non-Junction,None,,,         ,Michael,Dance,Clear,Front to Rear,no,no,no,no,yes,False
102019427,METROPOLITAN NASHVILLE POLICE DEPT,20180452520,Davidson,Nashville,5/23/2018 7:06:00 AM,2,0,0,36.238200,-86.781680,BRILEY PKWYE,,,,225.00,Feet,West,BRICK CHURCH PKE,,,,0.00,N,Not at Intersection,Y,Non-Junction,None,,,         ,DuJuan,Kendrick,Clear,"Sideswipe, Same Direction",no,no,no,no,yes,False
102019428,METROPOLITAN NASHVILLE POLICE DEPT,20180452616,Davidson,Nashville,5/23/2018 8:07:00 AM,2,1,0,36.171030,-86.803530,I 40,,,,0.00,,,,,,,207.70,N,Not at Intersection,N,Non-Junction,None,,,         ,Isaac,Wood,Clear,Front to Rear,no,no,no,no,no,False
102019431,METROPOLITAN NASHVILLE POLICE DEPT,20180452627,Davidson,Nashville,5/23/2018 7:30:00 AM,2,0,0,36.143090,-86.705860,I 40,,,,0.00,,,,,,,214.45,N,Not at Intersection, ,Non-Junction,None,,,         ,Michael,Dance,Clear,Front to Rear,no,no,no,no,no,False
102019432,METROPOLITAN NASHVILLE POLICE DEPT,20180452591,Davidson,Nashville,5/22/2018 5:50:00 PM,2,0,0,36.149980,-86.760970,CLAIBORNE ST,,,,323.00,Feet,South,CANNON ST,,,,0.00,N,Not at Intersection,N,Non-Junction,None,,,         ,Larry,Benz,Rain,Angle,no,no,no,no,yes,False
102019439,METROPOLITAN NASHVILLE POLICE DEPT,20180452787,Davidson,Nashville,5/23/2018 9:29:00 AM,1,2,0,36.092850,-86.876750,HIGHWAY 100,,,,18.00,Feet,South,ALTON RD,,,,0.00,N,Not at Intersection,N,Non-Junction,None,,,         ,Curtis,Rich,Clear,Not Collision with Motor Vehicle in Transport,no,no,no,no,no,False
102019446,METROPOLITAN NASHVILLE POLICE DEPT,20180452660,Davidson,Nashville,5/23/2018 8:17:00 AM,2,0,0,36.146750,-86.742900,I 40,,,,0.00,,,,,,,212.10,N,Not at Intersection, ,Non-Junction,None,,,         ,Michael,Dance,Clear,"Sideswipe, Same Direction",no,no,no,no,no,False
102019448,METROPOLITAN NASHVILLE POLICE DEPT,20180452833,Davidson,Madison,5/23/2018 9:35:00 AM,2,0,0,36.260540,-86.738260,I 65,,,,0.00,,,,,,,92.00,N,Not at Intersection,N,Non-Junction,None,,,         ,Brian,Otto,Clear,"Sideswipe, Same Direction",no,no,no,no,yes,False
102019450,METROPOLITAN NASHVILLE POLICE DEPT,20180446438,Davidson,Nashville,5/21/2018 11:15:00 AM,2,1,0,36.150370,-86.779200,8TH AVS,,,,0.00,,,DIVISION ST,,,,0.00,Y,T-Intersection,N,Intersection,None,,,         ,William,Vincion,Clear,Angle,no,no,no,no,no,False
102019465,METROPOLITAN NASHVILLE POLICE DEPT,20180452658,Davidson,Nashville,5/23/2018 8:19:00 AM,2,0,0,36.069800,-86.686200,HAYWOOD LN,,,,178.00,Feet,East,I24 W EXT RAMP,,,,0.00,N,Not at Intersection,N,Non-Junction,None,,,         ,Jessie,Meadows,Clear,"Sideswipe, Same Direction",no,no,no,no,no,False
102019466,METROPOLITAN NASHVILLE POLICE DEPT,2018-0452746,Davidson,Nashville,5/23/2018 8:56:00 AM,2,0,0,36.069520,-86.693270,HAYWOOD LN,,,,165.00,Feet,West,APACHE TRL,,,,0.00,N,Not at Intersection,N,Non-Junction,None,,,         ,Stanley,Collins,Clear,Angle,no,no,no,no,no,False
102019477,METROPOLITAN NASHVILLE POLICE DEPT,20180452560,Davidson,Nashville,5/23/2018 7:32:00 AM,2,1,0,36.075480,-86.745880,WAUFORD DR,,,,0.00,,,DANBY DR,,,,0.00,Y,Four-Way, ,Intersection,None,,,         ,Jon,Mcvey,Clear,Angle,no,no,no,no,no,False
102019478,METROPOLITAN NASHVILLE POLICE DEPT,20180452738,Davidson,Nashville,5/23/2018 8:54:00 AM,1,2,0,36.153400,-86.800840,20TH AVN,,,,0.00,,,CHURCH ST,,,,0.00,Y,Four-Way,N,Intersection,None,,,         ,Jon,Mcvey,Clear,Not Collision with Motor Vehicle in Transport,yes,no,no,no,no,Campus
102019480,METROPOLITAN NASHVILLE POLICE DEPT,20180452978,Davidson,Nashville,5/23/2018 10:22:00 AM,2,1,0,36.162130,-86.849120,51ST AVN,,,,0.00,,,LOUISIANA AV,,,,0.00,Y,Four-Way,N,Intersection-Related,None,,,         ,Curtis,Rich,Clear,Other,no,no,no,no,no,False
102019495,METROPOLITAN NASHVILLE POLICE DEPT,2018-0453005,Davidson,Nashville,5/23/2018 10:40:00 AM,2,0,0,36.277640,-86.751250,HUNTERS LN,,,,0.00,,,DICKERSON PKE,,,,0.00,Y,Four-Way, ,Intersection,None,,,         ,Travis,Baxter,Clear,Front to Rear,no,no,no,no,no,False
102019511,METROPOLITAN NASHVILLE POLICE DEPT,2018-0452977,Davidson,Nashville,5/23/2018 10:11:00 AM,2,0,0,36.152790,-86.778530,DREXEL ST,,,,230.00,Feet,East,8TH AVS,,,,0.00,N,Not at Intersection, ,,None,,,         ,Michael,Schlegel,,,no,no,no,no,no,False
102019520,METROPOLITAN NASHVILLE POLICE DEPT,20180453079,Davidson,Nashville,5/23/2018 11:15:00 AM,2,0,0,36.253220,-86.716800,GALLATIN PKES,,,,0.00,,,MADISON SQ,,,,0.00,Y,OTHER,N,Non-Junction,None,,,         ,Brian,Otto,Clear,Angle,no,no,no,yes,yes,False
102019522,METROPOLITAN NASHVILLE POLICE DEPT,20180453012,Davidson,Nashville,5/23/2018 10:15:00 AM,2,0,0,36.178200,-86.800950,I 65,,,,0.00,,,,,,,84.90,N,Not at Intersection,Y,Non-Junction,None,,,         ,John,Petriello,Clear,Front to Rear,no,no,no,no,no,False
102019527,METROPOLITAN NASHVILLE POLICE DEPT,20180453056,Davidson,Goodlettsville,5/23/2018 11:09:00 AM,2,0,0,36.306790,-86.694700,VIETNAM VETERANS BLVD NB EXT R,,,,0.00,Feet,East,VIETNAM VETERANS BLVD NB ENT R,,,,0.00,N,Not at Intersection, ,Non-Junction,None,,,         ,DuJuan,Kendrick,Clear,Front to Rear,no,no,no,no,no,False
102019536,METROPOLITAN NASHVILLE POLICE DEPT,20180452984,Davidson,Nashville,5/23/2018 10:40:00 AM,2,0,0,36.232060,-86.750920,WALTON LN,,,,0.00,,,MAPLEWOOD TRC,,,,0.00,Y,Four-Way,N,Intersection,None,,,         ,Nicholas,Smith,Clear,Front to Rear,no,no,no,no,no,False
102019541,METROPOLITAN NASHVILLE POLICE DEPT,20180452538,Davidson,Nashville,5/23/2018 7:50:00 AM,2,0,0,36.156550,-86.768480,HERMITAGE AV,,,,63.00,Feet,East,LEA AV,,,,0.00,N,Not at Intersection, ,Non-Junction,None,,,         ,Cody,O'Quinn,Clear,Front to Rear,no,no,no,no,no,False