master_record_number,agency,agency_tracking_number,county,city,collision_date,vehicles_involved,number_injured,number_dead,latitude,longitude,roadway_name,roadway_suffix,roadway_number,roadway_local_id,distance_from_reference,miles-feet_indicator,direction_from_reference,intersection_road_name,intersection_road_name_suffix,intersection_road_number,intersection_local_id,mile_marker,intersection_indicator,intersect_type,interchange_related_indicator,relation_to_junction,work_zone_type,construction_maintenance_zone,construction_maintenance_zone_location,fatal_case_number,officer_first_name,officer_last_name,weather_condition(s),manner_of_crash,pedestrian,bicycle,scooter,parking,hitrun,mou
102020192,METROPOLITAN NASHVILLE POLICE DEPT,20180453601,Davidson,Nashville,5/23/2018 1:42:00 PM,1,0,0,36.098260,-86.675220,OLD EZELL RD,,,,625.00,Feet,East,DONELSON PKE,,,,0.00,N,Not at Intersection,N,Non-Junction,None,,,         ,Shelby,Hughes,Clear,Not Collision with Motor Vehicle in Transport,no,no,no,no,yes,False
102020201,VANDERBILT UNIVERSITY POLICE,2018-0454839,Davidson,Nashville,5/23/2018 10:09:00 PM,2,0,0,36.143510,-86.811760,VANDERBILT PL,,,,0.00,,,,,,,0.00,,Not at Intersection, ,,None,,,         ,Frank,Looser Jr.,,,no,no,no,yes,no,Campus
102020203,METROPOLITAN NASHVILLE POLICE DEPT,20180454989,Davidson,Nashville,5/23/2018 11:54:00 PM,2,0,0,36.161020,-86.777200,BROADWAY,,,,0.00,Feet,,4TH AVN,,,,0.00,Y,Four-Way,N,Intersection,None,,,         ,Billy,Price,Clear,"Sideswipe, Same Direction",no,no,no,no,yes,False
102020210,METROPOLITAN NASHVILLE POLICE DEPT,20180454980,Davidson,Nashville,5/23/2018 11:49:00 PM,3,0,0,36.151110,-86.783120,MAGAZINE ST,,,,69.00,Feet,North,DIVISION ST,,,,0.00,N,Not at Intersection,N,Non-Junction,None,,,         ,Blake,Lutz,Clear,Angle,no,no,no,no,yes,False
102020211,METROPOLITAN NASHVILLE POLICE DEPT,20180455100,Davidson,Not in City Limit,5/24/2018 12:30:00 AM,2,0,0,36.077670,-87.002230,I 40,,,,0.00,,,,,,,193.50,N,Not at Intersection, ,,Construction Zone,,,         ,Jackson,Smythe,,,no,no,no,no,no,False
102020220,METROPOLITAN NASHVILLE POLICE DEPT,20180454984,Davidson,Nashville,5/24/2018 12:00:00 AM,2,1,0,36.176580,-86.770320,SPRING ST,,,,0.00,,,DICKERSON PKE,,,,0.00,Y,OTHER,N,Intersection,Construction Zone,Other,Transition Area,         ,Landon,Bagwell,Clear,Angle,no,no,no,no,no,False
102020225,METROPOLITAN NASHVILLE POLICE DEPT,20180455201,Davidson,Nashville,5/24/2018 1:34:00 AM,1,0,0,36.144390,-86.698950,I40 W ENT RAMP,,,,0.00,,,I 40,,,,0.00,Y,OTHER,N,Entrance/Exit Ramp Related,None,,,         ,Ralph,Smith IV,Clear,Not Collision with Motor Vehicle in Transport,no,no,no,no,yes,False
102020254,METROPOLITAN NASHVILLE POLICE DEPT,20180454952,Davidson,Nashville,5/23/2018 11:52:00 PM,2,1,0,36.153960,-86.818220,28TH AVN,,,,0.00,,,CHARLOTTE AV,,,,0.00,Y,Four-Way,N,Intersection,None,,,         ,Eugene,Martino,Clear,Angle,no,no,no,no,no,False
102020276,METROPOLITAN NASHVILLE POLICE DEPT,20180455190,Davidson,Nashville,5/24/2018 1:29:00 AM,1,1,0,36.073170,-86.639070,RURAL HILL RD,,,,492.00,Feet,South,MURFREESBORO PKE,,,,0.00,N,Not at Intersection,N,Non-Junction,None,,,         ,William,Williams,Clear,Not Collision with Motor Vehicle in Transport,no,no,no,no,no,False
102020297,METROPOLITAN NASHVILLE POLICE DEPT,20180455579,Davidson,Not in City Limit,5/24/2018 5:25:00 AM,2,1,0,36.077010,-87.014780,I 40,,,,0.00,,,,,,,192.85,N,Not at Intersection,N,Non-Junction,None,,,         ,Kevin,McGinniss,Clear,Front to Rear,no,no,no,no,no,False
102020298,METROPOLITAN NASHVILLE POLICE DEPT,20180455575,Davidson,Madison,5/24/2018 5:20:00 AM,1,1,0,36.309450,-86.673110,GALLATIN PKEN,,,,0.00,,,,,,,0.00,,,N,Non-Junction,None,,,         ,Coleman,McKellar,Clear,Not Collision with Motor Vehicle in Transport,no,no,no,no,no,False
102020334,METROPOLITAN NASHVILLE POLICE DEPT,20180455605,Davidson,Not in City Limit,5/24/2018 5:29:00 AM,2,0,0,36.273390,-86.709040,ANDERSON LN,,,,207.00,Feet,East,PIERCE RD,,,,0.00,N,Not at Intersection, ,Non-Junction,None,,,         ,Reuben,Hewit,Clear,Angle,no,no,no,no,no,False
102020335,METROPOLITAN NASHVILLE POLICE DEPT,20180455669,Davidson,Nashville,5/24/2018 6:20:00 AM,2,0,0,36.193190,-86.777120,I 65,,,,0.00,,,,,,,86.50,N,Not at Intersection,N,Non-Junction,None,,,         ,Geoffrey,Daugherty,Clear,Front to Rear,no,no,no,no,no,False
102020344,METROPOLITAN NASHVILLE POLICE DEPT,20180455759,Davidson,Nashville,5/24/2018 7:17:00 AM,2,0,0,36.195990,-86.742610,GALLATIN AV,,,,0.00,,,CAHAL AV,,,,0.00,Y,T-Intersection, ,Intersection,None,,,         ,David,Collins,Clear,Angle,no,no,no,no,no,False
102020349,METROPOLITAN NASHVILLE POLICE DEPT,20180455787,Davidson,Nashville,5/24/2018 7:40:00 AM,2,0,0,36.187620,-86.862600,BRILEY PKWYS,,,,1.00,Feet,North,COUNTY HOSPITAL RD,,,,0.00,N,Not at Intersection, ,Non-Junction,None,,,         ,George,Spencer,Clear,"Sideswipe, Same Direction",no,no,no,no,yes,False
102020351,METROPOLITAN NASHVILLE POLICE DEPT,20180455767,Davidson,Nashville,5/24/2018 7:15:00 AM,2,1,0,36.132450,-86.726750,I 24,,,,0.00,,,,,,,52.00,N,Not at Intersection, ,Non-Junction,None,,,         ,Stephen,Soule,Clear,Front to Rear,no,no,no,no,no,False
102020354,METROPOLITAN NASHVILLE POLICE DEPT,20180452704,Davidson,Nashville,5/23/2018 8:15:00 AM,2,0,0,36.154780,-86.784860,11TH AVS,,,,289.00,Feet,North,LAUREL ST,,,,0.00,N,Not at Intersection,N,Non-Junction,None,,,         ,Cory,West,Clear,Angle,no,no,no,no,no,False
102020355,METROPOLITAN NASHVILLE POLICE DEPT,20180455818,Davidson,Nashville,5/24/2018 7:30:00 AM,1,1,0,36.251670,-86.762320,MULBERRY DOWNS CIR,,,,1005.00,Feet,East,MULBERRY WAY,,,,0.00,N,Not at Intersection,N,Non-Junction,None,,,         ,Brian,Otto,Clear,Not Collision with Motor Vehicle in Transport,no,no,no,yes,no,False
102020361,METROPOLITAN NASHVILLE POLICE DEPT,20180455826,Davidson,Not in City Limit,5/24/2018 7:45:00 AM,2,0,0,36.109630,-86.933580,CHARLOTTE PKE,,,,512.00,Feet,East,WOODLAND WAY,,,,0.00,N,Not at Intersection, ,Non-Junction,None,,,         ,Benjamin,Cantrell,Clear,Front to Rear,no,no,no,no,no,False
102020364,METROPOLITAN NASHVILLE POLICE DEPT,20180455757,Davidson,Nashville,5/24/2018 7:29:00 AM,2,0,0,36.152160,-86.858990,I 40,,,,0.00,,,,,,,203.90,N,Not at Intersection,N,Non-Junction,None,,,         ,Curtis,Rich,Cloudy,Angle,no,no,no,no,no,False
102020365,METROPOLITAN NASHVILLE POLICE DEPT,20180455819,Davidson,Nashville,5/24/2018 7:30:00 AM,2,0,0,36.192320,-86.616300,JUAREZ DR,,,,0.00,,,OLD HICKORY BLVD,,,,0.00,Y,Four-Way, ,Intersection-Related,None,,,         ,William,Mckay,Clear,Front to Rear,no,no,no,no,no,False
102020366,METROPOLITAN NASHVILLE POLICE DEPT,20180455781,Davidson,Nashville,5/24/2018 7:05:00 AM,2,0,0,36.153310,-86.724640,LEBANON PKE,,,,920.00,Feet,West,SPENCE LN,,,,0.00,N,Not at Intersection, ,"Driveway, Alley Access, etc",None,,,         ,Michael,Dance,Clear,Angle,no,no,no,no,no,False
102020379,METROPOLITAN NASHVILLE POLICE DEPT,20180455816,Davidson,Nashville,5/24/2018 7:35:00 AM,2,0,0,36.093620,-86.652740,MURFREESBORO PKE,,,,98.00,Feet,South,OLD MURFREESBORO PKE,,,,0.00,N,Not at Intersection, ,Non-Junction,None,,,         ,Trevor,Jones,Clear,Front to Rear,no,no,no,no,no,False
102020381,THP District 9 - Administrative,318032392,Davidson,Nashville,5/21/2018 10:45:00 AM,2,0,0,36.183160,-86.607890,ANDREW JACKSON WAY,,,,323.00,Feet,North,OLD HICKORY BLVD,,,,0.00,N,Not at Intersection, ,Non-Junction,None,,,         ,Steven,Lowery,Clear,Angle,no,no,no,no,no,False
102020389,METROPOLITAN NASHVILLE POLICE DEPT,20180455903,Davidson,Nashville,5/24/2018 7:40:00 AM,2,0,0,36.156910,-86.709340,LEBANON PKE,,,,119.00,Feet,West,OMOHUNDRO DR,,,,0.00,N,Not at Intersection,N,Non-Junction,None,,,         ,Larry,Benz,Clear,Front to Rear,no,no,no,no,no,False
102020390,METROPOLITAN NASHVILLE POLICE DEPT,20180455978,Davidson,Nashville,5/24/2018 8:55:00 AM,2,0,0,36.148920,-86.746240,I 40,,,,0.00,,,,,,,211.85,N,Not at Intersection, ,,None,,,         ,Michael,Dance,,,no,no,no,no,no,False
102020391,METROPOLITAN NASHVILLE POLICE DEPT,20180455924,Davidson,Madison,5/24/2018 8:20:00 AM,2,0,0,36.264070,-86.690290,STATE RT 45,,,,0.00,,,MYATT DR,,,,0.00,Y,Four-Way,N,Intersection,None,,,         ,Brian,Otto,Clear,Angle,no,no,no,no,no,False
102020392,METROPOLITAN NASHVILLE POLICE DEPT,20180455892,Davidson,Nashville,5/24/2018 8:09:00 AM,2,0,0,36.151670,-86.768850,I40 W EXT RAMP,,,,0.00,Feet,East,I 40,,,,0.00,N,Not at Intersection, ,Non-Junction,None,,,         ,Tony,Folad,Clear,"Sideswipe, Same Direction",no,no,no,no,no,False
102020395,METROPOLITAN NASHVILLE POLICE DEPT,20180455724,Davidson,Nashville,5/24/2018 7:03:00 AM,3,2,0,36.284300,-86.746650,CUNNIFF PKWY,,,,0.00,,,DICKERSON PKES,,,,0.00,Y,T-Intersection,N,OtherLocation,None,,,         ,Michelle,Steidl,Clear,Angle,no,no,no,no,no,False
102020397,GOODLETTSVILLE POLICE DEPT,18-18310,Davidson,Goodlettsville,5/24/2018 8:52:00 AM,2,0,0,36.313454,-86.708135,RIVERGATE,PKWY,,,630.00,Feet,West,TWO MILE,PIKE,,,0.00,N,Not at Intersection, ,Non-Junction,None,,,         ,Jeremy,Baker,Clear,Front to Rear,no,no,no,no,no,False
102020398,METROPOLITAN NASHVILLE POLICE DEPT,20180456009,Davidson,Nashville,5/24/2018 9:10:00 AM,2,2,0,36.134620,-86.825170,WEST END AV,,,,0.00,,,BOWLING AV,,,,0.00,Y,Four-Way,N,Intersection-Related,None,,,         ,Curtis,Rich,Clear,Front to Rear,no,no,no,no,no,False
102020399,METROPOLITAN NASHVILLE POLICE DEPT,20180455843,Davidson,Nashville,5/24/2018 7:53:00 AM,2,3,0,36.156920,-86.798980,18TH AVN,,,,0.00,,,PATTERSON ST,,,,0.00,Y,Four-Way,N,Intersection,None,,,         ,Jon,Mcvey,Clear,Angle,no,no,no,no,no,False
102020404,METROPOLITAN NASHVILLE POLICE DEPT,20180455865,Davidson,Nashville,5/24/2018 8:04:00 AM,2,0,0,36.161910,-86.760900,I 24,,,,0.00,,,,,,,49.35,N,Not at Intersection,N,Non-Junction,None,,,         ,Byron,Carter,Clear,Front to Rear,no,no,no,no,no,False
102020411,GOODLETTSVILLE POLICE DEPT,18-18308,Davidson,Goodlettsville,5/24/2018 8:40:00 AM,2,0,0,36.306830,-86.698360,VIETNAM VETERANS BLVDN,,,,1092.00,Feet,West,CONFERENCE DR,,,,0.00,N,Not at Intersection, ,Non-Junction,None,,,         ,George,Forbes,Clear,Front to Rear,no,no,no,no,no,False
102020421,METROPOLITAN NASHVILLE POLICE DEPT,20180456063,Davidson,Nashville,5/24/2018 9:27:00 AM,2,0,0,36.169250,-86.757870,S 7TH ST,,,,0.00,,,SHELBY AV,,,,0.00,Y,Four-Way, ,Intersection,None,,,         ,David,Collins,Clear,Angle,no,no,no,no,no,False
102020424,METROPOLITAN NASHVILLE POLICE DEPT,20180455907,Davidson,Nashville,5/24/2018 8:21:00 AM,2,0,0,36.214060,-86.775520,I 65,,,,0.00,,,,,,,87.90,N,Not at Intersection, ,Non-Junction,None,,,         ,Royce,McLester,Clear,"Sideswipe, Same Direction",no,no,no,no,no,False
102020425,METROPOLITAN NASHVILLE POLICE DEPT,20180456060,Davidson,Nashville,5/24/2018 9:00:00 AM,2,0,0,36.073620,-86.692550,I 24,,,,0.00,,,,,,,56.65,N,Not at Intersection, ,Non-Junction,None,,,         ,Troy,Loewen,Clear,"Sideswipe, Same Direction",no,no,no,no,yes,False
102020428,METROPOLITAN NASHVILLE POLICE DEPT,20180456156,Davidson,Nashville,5/24/2018 10:00:00 AM,2,0,0,36.154550,-86.860220,SNYDER AV,,,,66.00,Feet,South,ROBERTSON AV,,,,0.00,N,Not at Intersection, ,Non-Junction,None,,,         ,Curtis,Rich,Clear,Angle,no,no,no,no,no,False
102020429,METROPOLITAN NASHVILLE POLICE DEPT,20180456046,Davidson,Nashville,5/24/2018 9:27:00 AM,2,0,0,36.181460,-86.774620,I 24,,,,0.00,,,,,,,47.60,N,Not at Intersection, ,Non-Junction,None,,,         ,Wesley,Mcclelland,Clear,"Sideswipe, Same Direction",no,no,no,no,no,False
102020448,METROPOLITAN NASHVILLE POLICE DEPT,20180456061,Davidson,Nashville,5/24/2018 9:00:00 AM,2,1,0,36.210010,-86.733770,GALLATIN PKE,,,,69.00,Feet,South,HOME RD,,,,0.00,N,Not at Intersection, ,Non-Junction,None,,,         ,Eric,Knight,Clear,HeadOn,no,no,no,no,no,False
102020456,METROPOLITAN NASHVILLE POLICE DEPT,20180455897,Davidson,Nashville,5/24/2018 8:15:00 AM,2,0,0,36.166610,-86.816880,I 40,,,,0.00,,,,,,,206.65,N,Not at Intersection, ,Entrance/Exit Ramp Related,None,,,         ,Jean,McCormack,Clear,"Sideswipe, Same Direction",no,no,no,no,no,False
102020457,METROPOLITAN NASHVILLE POLICE DEPT,20180456160,Davidson,Nashville,5/24/2018 9:39:00 AM,2,0,0,36.143420,-86.765690,4TH AVS,,,,270.00,Feet,North,HOUSTON ST,,,,0.00,N,Not at Intersection,N,Non-Junction,None,,,         ,Samuel,Miller,Clear,Angle,no,no,no,no,yes,False
102020471,METROPOLITAN NASHVILLE POLICE DEPT,20180456087,Davidson,Nashville,5/24/2018 9:32:00 AM,2,0,0,36.114350,-86.772150,I440 W ENT RAMP,,,,0.00,,,I 65,,,,0.00,Y,OTHER, ,,None,,,         ,John,Chambers,,,no,no,no,no,no,False
102020482,METROPOLITAN NASHVILLE POLICE DEPT,20180455719,Davidson,Nashville,5/24/2018 4:52:00 AM,1,1,0,36.071710,-86.687800,BAKERTOWN RD,,,,417.00,Feet,West,HAYSTACK LN,,,,0.00,N,Not at Intersection,N,Non-Junction,None,,,         ,Jessie,Meadows,Clear,Not Collision with Motor Vehicle in Transport,yes,no,no,yes,yes,False
102020484,METROPOLITAN NASHVILLE POLICE DEPT,20180455771,Davidson,Nashville,5/24/2018 7:19:00 AM,2,0,0,36.050880,-86.646650,BELL RD,,,,92.00,Feet,East,HICKORY HOLLOW TER,,,,0.00,N,Not at Intersection, ,Non-Junction,None,,,         ,Jessie,Meadows,Clear,Front to Rear,no,no,no,no,no,False
102020485,METROPOLITAN NASHVILLE POLICE DEPT,20180455920,Davidson,Nashville,5/24/2018 8:48:00 AM,2,0,0,36.134490,-86.759280,NOLENSVILLE PKE,,,,167.00,Feet,South,WALSH RD,,,,0.00,N,Not at Intersection, ,Non-Junction,None,,,         ,Jessie,Meadows,Clear,Front to Rear,no,no,no,no,no,False
102020486,METROPOLITAN NASHVILLE POLICE DEPT,20180455992,Davidson,Nashville,5/24/2018 9:10:00 AM,3,0,0,36.100440,-86.711510,I 24,,,,0.00,,,,,,,54.50,N,Not at Intersection, ,Non-Junction,None,,,         ,Jessie,Meadows,Clear,Front to Rear,no,no,no,no,no,False
102020487,METROPOLITAN NASHVILLE POLICE DEPT,20180456059,Davidson,Nashville,5/24/2018 10:05:00 AM,2,0,0,36.109510,-86.728370,THOMPSON LN,,,,98.00,Feet,West,BRILEY PKWYN,,,,0.00,N,Not at Intersection, ,Non-Junction,None,,,         ,Jessie,Meadows,Clear,Front to Rear,no,no,no,no,no,False
102020489,METROPOLITAN NASHVILLE POLICE DEPT,20180456035,Davidson,Nashville,5/24/2018 9:10:00 AM,2,0,0,36.124070,-86.728020,I 24,,,,0.00,,,,,,,52.60,N,Not at Intersection, ,Non-Junction,None,,,         ,Jason,Hees,Clear,Front to Rear,no,no,no,no,no,False
102020490,METROPOLITAN NASHVILLE POLICE DEPT,20180455814,Davidson,Nashville,5/24/2018 12:00:00 AM,2,0,0,36.149710,-86.783390,I 40,,,,0.00,,,,,,,209.60,N,Not at Intersection,N,Non-Junction,None,,,         ,James,Thornton,Clear,Front to Rear,no,no,no,no,no,False
102020493,METROPOLITAN NASHVILLE POLICE DEPT,20180456242,Davidson,Nashville,5/24/2018 10:43:00 AM,2,0,0,36.067900,-86.631790,MURFREESBORO PKE,,,,239.00,Feet,North,FOREST VIEW DR,,,,0.00,N,Not at Intersection,N,Non-Junction,None,,,         ,Jessie,Meadows,Clear,Angle,no,no,no,no,yes,False
102020509,METROPOLITAN NASHVILLE POLICE DEPT,20180456296,Davidson,Nashville,5/24/2018 11:00:00 AM,2,0,0,36.131300,-86.801510,21ST AVS,,,,0.00,,,BERNARD AV,,,,0.00,Y,T-Intersection,Y,Intersection,None,,,         ,Eric,McCoy,Clear,Angle,no,no,no,no,no,False
102020511,METROPOLITAN NASHVILLE POLICE DEPT,20180456226,Davidson,Nashville,5/24/2018 10:17:00 AM,2,1,0,36.167120,-86.780300,JAMES ROBERTSON PKWY,,,,200.00,Feet,West,3RD AVN,,,,0.00,N,Not at Intersection, ,Non-Junction,None,,,         ,Johnathan,Carlisle,Clear,"Sideswipe, Same Direction",no,no,no,no,no,False
102020512,METROPOLITAN NASHVILLE POLICE DEPT,20180456235,Davidson,Nashville,5/24/2018 9:23:00 AM,2,1,0,36.152480,-86.802700,21ST AVN,,,,0.00,,,CHURCH ST,,,,0.00,Y,Four-Way,N,Intersection,Construction Zone,Laneclosure,Unknown,         ,William,Caillouette,Clear,Angle,no,no,no,no,no,Campus
102020513,METROPOLITAN NASHVILLE POLICE DEPT,20180456274,Davidson,Nashville,5/24/2018 10:53:00 AM,2,0,0,36.166390,-86.856070,CENTENNIAL BLVD,,,,38.00,Feet,West,OHIO AV,,,,0.00,N,Not at Intersection, ,Non-Junction,None,,,         ,Darren,Key,Clear,"Sideswipe, Same Direction",no,no,no,no,no,False
102020518,METROPOLITAN NASHVILLE POLICE DEPT,20180456321,Davidson,Nashville,5/24/2018 8:20:00 AM,2,0,0,36.160760,-86.793690,14TH AVN,,,,0.00,,,CHARLOTTE AV,,,,0.00,Y,Four-Way, ,Intersection-Related,None,,,         ,Jon,Mcvey,Cloudy,"Sideswipe, Same Direction",no,no,no,no,no,False
102020519,METROPOLITAN NASHVILLE POLICE DEPT,20180456359,Davidson,Nashville,5/24/2018 11:30:00 AM,2,0,0,36.176900,-86.774410,SPRING ST,,,,51.00,Feet,East,N 1ST ST,,,,0.00,N,Not at Intersection, ,Non-Junction,None,,,         ,Cody,O'Quinn,Clear,Front to Rear,no,no,no,no,no,False
102020525,METROPOLITAN NASHVILLE POLICE DEPT,20180456230,Davidson,Nashville,5/24/2018 10:38:00 AM,2,0,0,36.232470,-86.758760,DICKERSON PKE,,,,245.00,Feet,South,MAPLEWOOD TRC,,,,0.00,N,Not at Intersection,N,Non-Junction,None,,,         ,Nicholas,Smith,Clear,"Sideswipe, Same Direction",no,no,no,no,no,False
102020528,METROPOLITAN NASHVILLE POLICE DEPT,20180456335,Davidson,Nashville,5/24/2018 11:23:00 AM,1,0,0,36.142260,-86.697940,I40 E ENT RAMP,,,,0.00,Feet,East,I40 E EXT RAMP,,,,0.00,N,Not at Intersection,N,Entrance/Exit Ramp Related,None,,,         ,Darren,White,Clear,Not Collision with Motor Vehicle in Transport,no,no,no,no,no,False
102020530,METROPOLITAN NASHVILLE POLICE DEPT,20180456201,Davidson,Nashville,5/24/2018 9:37:00 AM,1,1,0,36.164230,-86.777730,CHURCH ST,,,,0.00,,,3RD AVN,,,,0.00,Y,Four-Way,N,Intersection,None,,,         ,Byron,Carter,Clear,Not Collision with Motor Vehicle in Transport,yes,no,no,no,yes,False
102020532,METROPOLITAN NASHVILLE POLICE DEPT,20180456378,Davidson,Nashville,5/24/2018 11:39:00 AM,2,0,0,36.145440,-86.740800,I 40,,,,0.00,,,,,,,212.25,N,Not at Intersection, ,Non-Junction,None,,,         ,Michael,Dance,Clear,"Sideswipe, Same Direction",no,no,no,no,no,False
102020533,METROPOLITAN NASHVILLE POLICE DEPT,20180456325,Davidson,Nashville,5/24/2018 11:15:00 AM,2,1,0,36.151700,-86.770960,LAFAYETTE ST,,,,90.00,Feet,East,4TH AVS,,,,0.00,N,Not at Intersection, ,Non-Junction,None,,,         ,Tony,Folad,Clear,"Sideswipe, Same Direction",no,no,no,no,no,False
102020543,METROPOLITAN NASHVILLE POLICE DEPT,20180456023,Davidson,Nashville,5/24/2018 9:17:00 AM,2,0,0,36.203400,-86.689520,BRILEY PKWYS,,,,401.00,Feet,West,BRILEY PKWYN,,,,0.00,N,Not at Intersection, ,Non-Junction,None,,,         ,Ty,Cummings,Clear,"Sideswipe, Same Direction",no,no,no,no,no,False
102020557,METROPOLITAN NASHVILLE POLICE DEPT,20180456293,Davidson,Nashville,5/24/2018 11:02:00 AM,1,1,0,36.185710,-86.863120,BRILEY PKWYS,,,,176.00,Feet,North,BRILEY PKWYN,,,,0.00,N,Not at Intersection,N,Non-Junction,None,,,         ,Zachary,Carter,Clear,Not Collision with Motor Vehicle in Transport,no,no,no,no,no,False
102020559,METROPOLITAN NASHVILLE POLICE DEPT,20180456468,Davidson,Nashville,5/24/2018 11:45:00 AM,2,0,0,36.204580,-86.821360,BUENA VISTA PKE,,,,0.00,Feet,,TUCKER RD,,,,0.00,Y,Y-Intersection, ,Intersection,None,,,         ,Royce,McLester,Clear,Angle,no,no,no,no,yes,False
102020560,THP District 3 - Nashville,318032450,Davidson,Nashville,5/21/2018 5:00:00 PM,2,0,0,36.153390,-86.764590,I 40,,,,0.00,,,,,,,210.70,N,Not at Intersection, ,Entrance/Exit Ramp Related,None,,,         ,Charles,Achinger,Clear,Front to Rear,no,no,no,no,no,False
102020591,METROPOLITAN NASHVILLE POLICE DEPT,20180456351,Davidson,Nashville,5/24/2018 11:32:00 AM,2,1,0,36.150940,-86.804550,LOUISE AV,,,,0.00,,,ELLISTON PL,,,,0.00,Y,Four-Way,N,Intersection,None,,,         ,William,Caillouette,Clear,Angle,no,no,no,no,no,Campus
102020592,METROPOLITAN NASHVILLE POLICE DEPT,20180456435,Davidson,Nashville,5/24/2018 12:10:00 PM,2,4,0,36.172480,-86.595110,CENTRAL PKE,,,,0.00,,,TULIP GROVE RD,,,,0.00,Y,T-Intersection,N,Intersection-Related,None,,,         ,Michael,Parman,Clear,Angle,no,no,no,no,no,False
102020608,METROPOLITAN NASHVILLE POLICE DEPT,20180456459,Davidson,Nashville,5/24/2018 12:00:00 PM,2,0,0,36.151020,-86.783870,DIVISION ST,,,,139.00,Feet,East,12TH AVS,,,,0.00,N,Not at Intersection, ,Non-Junction,None,,,         ,James,Thornton,Clear,Front to Rear,no,no,no,no,no,False
102020609,METROPOLITAN NASHVILLE POLICE DEPT,20180456404,Davidson,Nashville,5/24/2018 11:56:00 AM,2,0,0,36.148830,-86.772800,6TH AVS,,,,0.00,,,,,,,0.00,,, ,Non-Junction,None,,,         ,Nathan,Kemp,Clear,Not Collision with Motor Vehicle in Transport,no,no,no,yes,no,False
102020616,METROPOLITAN NASHVILLE POLICE DEPT,20180456479,Davidson,Not in City Limit,5/24/2018 12:29:00 PM,2,0,0,36.092810,-86.997150,HIGHWAY 70,,,,889.00,Feet,East,HARPETH RIV RIVERWALK GRNWY,,,,0.00,N,Not at Intersection, ,Non-Junction,None,,,         ,Curtis,Rich,Clear,Front to Rear,no,no,no,no,no,False
102020622,METROPOLITAN NASHVILLE POLICE DEPT,20180456536,Davidson,Nashville,5/24/2018 12:45:00 PM,2,0,0,36.048100,-86.731690,HUNTINGTON PKWY,,,,0.00,,,ASHLEY DR,,,,0.00,Y,T-Intersection, ,Intersection,None,,,         ,Earl,Davis,Clear,Angle,no,no,no,no,no,False
102020648,METROPOLITAN NASHVILLE POLICE DEPT,20180456510,Davidson,Nashville,5/24/2018 12:32:00 PM,2,0,0,36.175790,-86.781320,JEFFERSON ST,,,,283.00,Feet,East,1ST AVN,,,,0.00,N,Not at Intersection,N,Non-Junction,None,,,         ,Johnathan,Carlisle,Clear,Front to Rear,no,no,no,no,no,False
102020649,VANDERBILT UNIVERSITY POLICE,20180456528,Davidson,Nashville,5/24/2018 12:30:00 PM,2,0,0,36.141420,-86.806470,25TH AVE S,,,,0.00,,,,,,,0.00,,, ,Non-Junction,None,,,         ,Yasemine,Lomax,Clear,Angle,no,no,no,yes,yes,Campus
102020656,METROPOLITAN NASHVILLE POLICE DEPT,20180456597,Davidson,Nashville,5/24/2018 1:24:00 PM,2,0,0,36.160800,-86.781800,7TH AVN,,,,0.00,,,COMMERCE ST,,,,0.00,Y,OTHER, ,OtherLocation,None,,,         ,Michael,Schlegel,Clear,Angle,no,no,no,yes,yes,False
102020657,METROPOLITAN NASHVILLE POLICE DEPT,20180456543,Davidson,Nashville,5/24/2018 12:50:00 PM,2,0,0,36.172880,-86.765250,MAIN ST,,,,0.00,,,SPRING ST,,,,0.00,Y,Four-Way,N,Intersection-Related,None,,,         ,Russell,Freeman,Clear,Front to Rear,no,no,no,no,yes,False
102020658,METROPOLITAN NASHVILLE POLICE DEPT,20180456573,Davidson,Nashville,5/24/2018 1:00:00 PM,2,0,0,36.163180,-86.761660,I 24,,,,0.00,,,,,,,49.25,N,Not at Intersection, ,Non-Junction,None,,,         ,Russell,Freeman,Clear,Front to Rear,no,no,no,no,no,False
102020659,METROPOLITAN NASHVILLE POLICE DEPT,20180456441,Davidson,Nashville,5/24/2018 12:10:00 PM,2,0,0,36.228580,-86.690620,PENNINGTON BEND RD,,,,1859.00,Feet,East,BARTON LN,,,,0.00,N,Not at Intersection, ,Non-Junction,None,,,         ,Thomas,Odom,Clear,Front to Rear,no,no,no,no,no,False
102020676,GOODLETTSVILLE POLICE DEPT,18-18323,Davidson,Goodlettsville,5/24/2018 10:48:00 AM,2,1,0,36.325080,-86.701830,LONG HOLLOW PKE,,,,22.00,Feet,West,CONFERENCE DR,,,,0.00,N,Not at Intersection,N,Non-Junction,None,,,         ,George,Forbes,Clear,Front to Rear,no,no,no,no,yes,False
102020677,METROPOLITAN NASHVILLE POLICE DEPT,20180456636,Davidson,Nashville,5/24/2018 1:39:00 PM,2,2,0,36.071080,-86.871540,PAGE RD,,,,108.00,Feet,North,CHICKERING RD,,,,0.00,N,Not at Intersection,N,Non-Junction,None,,,         ,Curtis,Rich,Clear,Front to Rear,no,no,no,no,no,False
102020685,METROPOLITAN NASHVILLE POLICE DEPT,20180456598,Davidson,Nashville,5/23/2018 6:30:00 PM,2,0,0,36.074480,-86.638650,MURFREESBORO PKE,,,,0.00,,,RURAL HILL RD,,,,0.00,Y,Four-Way, ,Intersection-Related,None,,,         ,Charles,Coe,Unknown,"Sideswipe, Same Direction",no,no,no,no,yes,False