master_record_number,agency,agency_tracking_number,county,city,collision_date,vehicles_involved,number_injured,number_dead,latitude,longitude,roadway_name,roadway_suffix,roadway_number,roadway_local_id,distance_from_reference,miles-feet_indicator,direction_from_reference,intersection_road_name,intersection_road_name_suffix,intersection_road_number,intersection_local_id,mile_marker,intersection_indicator,intersect_type,interchange_related_indicator,relation_to_junction,work_zone_type,construction_maintenance_zone,construction_maintenance_zone_location,fatal_case_number,officer_first_name,officer_last_name,weather_condition(s),manner_of_crash,pedestrian,bicycle,scooter,parking,hitrun,mou
102021543,METROPOLITAN NASHVILLE POLICE DEPT,20180459027,Davidson,Nashville,5/25/2018 8:14:00 AM,2,0,0,36.188330,-86.798510,ROSA L PARKS BLVD,,,,151.00,Feet,North,DOMINICAN DR,,,,0.00,N,Not at Intersection,N,Non-Junction,None,,,         ,Patrick,Taylor,Clear,Front to Rear,no,no,no,no,no,False
102021606,METROPOLITAN NASHVILLE POLICE DEPT,20180459106,Davidson,Nashville,5/25/2018 8:50:00 AM,3,0,0,36.038920,-86.782740,OLD HICKORY BLVD,,,,350.00,Feet,West,I65 N EXT RAMP,,,,0.00,N,Not at Intersection,N,Non-Junction,None,,,         ,Earl,Davis,Clear,Front to Rear,no,no,no,no,no,False
102021615,METROPOLITAN NASHVILLE POLICE DEPT,20180459231,Davidson,Nashville,5/25/2018 9:50:00 AM,2,0,0,36.045300,-86.701680,BELL RD,,,,0.00,,,OLD HICKORY BLVD,,,,0.00,Y,Four-Way, ,,None,,,         ,Ryan,Howard,,,no,no,no,no,no,False
102021632,METROPOLITAN NASHVILLE POLICE DEPT,20180459212,Davidson,Nashville,5/25/2018 12:00:00 AM,1,0,0,36.156700,-86.796840,STATE ST,,,,66.00,Feet,West,17TH AVN,,,,0.00,N,Not at Intersection, ,Non-Junction,None,,,         ,Jon,Mcvey,Unknown,Unknown,no,no,no,no,no,False
102021633,METROPOLITAN NASHVILLE POLICE DEPT,20180459088,Davidson,Nashville,5/25/2018 8:15:00 AM,2,0,0,36.157660,-86.790820,I 40,,,,0.00,,,,,,,209.00,N,Not at Intersection, ,Non-Junction,None,,,         ,Jon,Mcvey,Clear,Front to Rear,no,no,no,no,no,False
102021635,METROPOLITAN NASHVILLE POLICE DEPT,20180459276,Davidson,Nashville,5/25/2018 10:07:00 AM,2,0,0,36.111130,-86.788780,WOODMONT BLVD,,,,376.00,Feet,West,LEALAND LN,,,,0.00,N,Not at Intersection, ,Non-Junction,None,,,         ,Eric,McCoy,Clear,"Sideswipe, Opposite Direction",no,no,no,no,no,False
102021637,VANDERBILT UNIVERSITY POLICE,20180459141,Davidson,Nashville,5/25/2018 9:00:00 AM,2,0,0,36.141140,-86.805010,24TH AVS,,,,411.00,Feet,North,PIERCE AV,,,,0.00,N,Not at Intersection, ,Non-Junction,None,,,         ,Casey,Clark,Clear,Front to Rear,no,no,no,yes,no,Campus
102021687,METROPOLITAN NASHVILLE POLICE DEPT,20180458941,Davidson,Nashville,5/25/2018 7:15:00 AM,2,0,0,36.109350,-86.727620,BRILEY PKWYN,,,,129.00,Feet,East,BRILEY PKWYS,,,,0.00,N,Not at Intersection,N,Non-Junction,None,,,         ,Jessie,Meadows,Clear,Front to Rear,no,no,no,no,no,False
102021688,METROPOLITAN NASHVILLE POLICE DEPT,20180459018,Davidson,Nashville,5/25/2018 8:10:00 AM,2,0,0,36.045020,-86.659530,BELL RD,,,,70.00,Feet,East,I24 E EXT RAMP,,,,0.00,N,Not at Intersection,N,Non-Junction,None,,,         ,Jessie,Meadows,Clear,Angle,no,no,no,no,no,False
102021690,METROPOLITAN NASHVILLE POLICE DEPT,20180459178,Davidson,Antioch,5/25/2018 9:30:00 AM,2,0,0,36.005150,-86.621790,OLD HICKORY BLVD,,,,85.00,Feet,North,BURKITT RD,,,,0.00,N,Not at Intersection, ,Non-Junction,None,,,         ,Jessie,Meadows,Clear,Front to Rear,no,no,no,no,no,False
102021714,METROPOLITAN NASHVILLE POLICE DEPT,20180459501,Davidson,Nashville,5/25/2018 11:58:00 AM,2,0,0,36.107470,-86.817620,GREEN HILLS VILLAGE DR,,,,448.00,Feet,East,CLEGHORN AV,,,,0.00,N,Not at Intersection, ,Non-Junction,None,,,         ,Curtis,Rich,Clear,Angle,no,no,no,yes,no,False
102021741,METROPOLITAN NASHVILLE POLICE DEPT,20180459383,Davidson,Nashville,5/25/2018 10:15:00 AM,2,0,0,36.134280,-86.779140,WEDGEWOOD AV,,,,15.00,Feet,West,8TH AVS,,,,0.00,N,Not at Intersection, ,Non-Junction,None,,,         ,Jon,Mcvey,Clear,Front to Rear,no,no,no,no,no,False
102021744,METROPOLITAN NASHVILLE POLICE DEPT,20180459590,Davidson,Nashville,5/25/2018 12:10:00 PM,2,0,0,36.192460,-86.732460,STRAIGHTWAY AV,,,,200.00,Feet,East,SCOTT AV,,,,0.00,N,Not at Intersection, ,Non-Junction,None,,,         ,Russell,Freeman,Clear,Angle,no,no,no,no,no,False
102021806,METROPOLITAN NASHVILLE POLICE DEPT,20180459472,Davidson,Nashville,5/25/2018 11:30:00 AM,2,0,0,36.162990,-86.854440,PENNSYLVANIA AV,,,,0.00,Feet,West,55TH AVN,,,,0.00,N,Not at Intersection, ,Non-Junction,None,,,         ,John,Jean Baptiste,Clear,Angle,no,no,no,no,no,False
102021807,METROPOLITAN NASHVILLE POLICE DEPT,20180459644,Davidson,Nashville,5/25/2018 12:40:00 PM,2,0,0,36.125350,-86.846020,KENNER AV,,,,219.00,Feet,South,HARDING PKE,,,,0.00,N,Not at Intersection, ,Non-Junction,None,,,         ,Paul,Junkmann,Clear,Angle,no,no,no,no,no,False
102021809,METROPOLITAN NASHVILLE POLICE DEPT,20180459372,Davidson,Nashville,5/25/2018 10:47:00 AM,5,2,0,36.192320,-86.616300,JUAREZ DR,,,,0.00,,,OLD HICKORY BLVD,,,,0.00,Y,Four-Way,N,Intersection,None,,,         ,Thomas,Odom,Clear,Angle,no,no,no,no,no,False
102021810,THP District 9 - Administrative,318033082,Davidson,Nashville,5/24/2018 1:30:00 PM,1,1,0,36.164230,-86.784020,7TH AVN,,,,226.00,Feet,South,CHARLOTTE AV,,,,0.00,N,Not at Intersection,N,Non-Junction,None,,,         ,Steve,Sakarapanee,Clear,Not Collision with Motor Vehicle in Transport,yes,no,no,no,no,False
102021815,METROPOLITAN NASHVILLE POLICE DEPT,20180459536,Davidson,Nashville,5/25/2018 11:50:00 AM,2,0,0,36.148810,-86.666280,ELM HILL PKE,,,,0.00,,,DONELSON PKE,,,,0.00,Y,Four-Way, ,Non-Junction,None,,,         ,Larry,Benz,Clear,"Sideswipe, Same Direction",no,no,no,no,no,False
102021843,METROPOLITAN NASHVILLE POLICE DEPT,20180459352,Davidson,Nashville,5/25/2018 10:28:00 AM,2,0,0,36.084410,-86.705980,LINBAR DR,,,,92.00,Feet,North,HARDING PL,,,,0.00,N,Not at Intersection,N,Non-Junction,None,,,         ,Jessie,Meadows,Clear,Front to Rear,no,no,no,no,yes,False
102021849,METROPOLITAN NASHVILLE POLICE DEPT,20180459447,Davidson,Nashville,5/25/2018 10:43:00 AM,2,0,0,36.083650,-86.647220,BROOKSBORO PL,,,,1.00,Feet,East,MURFREESBORO PKE,,,,0.00,N,Not at Intersection,N,Non-Junction,None,,,         ,Jessie,Meadows,Clear,Angle,no,no,no,no,no,False
102021850,METROPOLITAN NASHVILLE POLICE DEPT,20180459684,Davidson,Nashville,5/25/2018 12:55:00 PM,2,1,0,36.113940,-86.810680,WOODMONT BLVD,,,,57.00,Feet,East,HILLSBORO PKE,,,,0.00,N,Not at Intersection,N,Non-Junction,None,,,         ,Curtis,Rich,Clear,Front to Rear,no,no,no,no,no,False
102021851,METROPOLITAN NASHVILLE POLICE DEPT,20180459068,Davidson,Nashville,5/25/2018 8:25:00 AM,2,0,0,36.218150,-86.803480,WHITES CREEK PKE,,,,0.00,,,MOORMANS ARM RD,,,,0.00,Y,Four-Way, ,Intersection,None,,,         ,Donald,Davidson,Clear,Other,no,no,no,no,no,False
102021854,METROPOLITAN NASHVILLE POLICE DEPT,20180459702,Davidson,Nashville,5/25/2018 1:07:00 PM,1,0,0,36.104890,-86.766650,I65 N ENT RAMP,,,,0.00,,,I 65,,,,0.00,Y,OTHER,N,Entrance/Exit Ramp Related,None,,,         ,Eric,McCoy,Clear,Not Collision with Motor Vehicle in Transport,no,no,no,no,no,False
102021878,METROPOLITAN NASHVILLE POLICE DEPT,20180459708,Davidson,Nashville,5/25/2018 1:03:00 PM,2,0,0,36.082070,-86.761720,I65 N EXT RAMP,,,,0.00,,,SIDCO DR,,,,0.00,Y,T-Intersection, ,Intersection-Related,None,,,         ,Raymond,Flaherty,Clear,Front to Rear,no,no,no,no,no,False
102021892,METROPOLITAN NASHVILLE POLICE DEPT,20180459534,Davidson,Nashville,5/25/2018 11:25:00 AM,3,1,0,36.161140,-86.784880,CHURCH ST,,,,0.00,,,YMCA WAY,,,,0.00,Y,T-Intersection,N,Intersection,None,,,         ,Cody,O'Quinn,Clear,Angle,no,no,no,no,no,False
102021894,METROPOLITAN NASHVILLE POLICE DEPT,20180459682,Davidson,Not in City Limit,5/25/2018 12:50:00 PM,1,1,0,36.317400,-86.835100,I 24,,,,0.00,,,,,,,37.00,N,Not at Intersection,N,Non-Junction,None,,,         ,Brent,Hedgcoth,Clear,Not Collision with Motor Vehicle in Transport,no,no,no,no,no,False
102021920,METROPOLITAN NASHVILLE POLICE DEPT,20180459473,Davidson,Goodlettsville,5/25/2018 10:37:00 AM,2,0,0,36.294360,-86.705310,CRESTVIEW DR,,,,48.00,Feet,South,GLEAVES ST,,,,0.00,N,Not at Intersection,N,Non-Junction,None,,,         ,Brandon,Wood,Clear,Front to Rear,no,no,no,no,yes,False
102021924,METROPOLITAN NASHVILLE POLICE DEPT,20180459826,Davidson,Nashville,5/25/2018 11:00:00 AM,1,0,0,36.039490,-86.663670,CHIMNEYTOP DR,,,,1067.00,Feet,West,MOUNTAINHIGH DR,,,,0.00,N,Not at Intersection,N,Non-Junction,None,,,         ,Ryan,Howard,Clear,Not Collision with Motor Vehicle in Transport,no,no,no,yes,yes,False
102021927,METROPOLITAN NASHVILLE POLICE DEPT,20180459742,Davidson,Nashville,5/25/2018 1:20:00 PM,2,0,0,36.200560,-86.776440,I 65,,,,0.00,,,,,,,86.90,N,Not at Intersection, ,Entrance/Exit Ramp Related,None,,,         ,Erik,Nash,Clear,"Sideswipe, Same Direction",no,no,no,no,yes,False
102021929,METROPOLITAN NASHVILLE POLICE DEPT,20180459744,Davidson,Nashville,5/25/2018 1:05:00 PM,2,0,0,36.227680,-86.759420,DICKERSON PKE,,,,0.00,,,,,,,0.00,,,N,OtherLocation,None,,,         ,Nicholas,Smith,Clear,Front to Rear,no,no,no,no,yes,False
102021931,METROPOLITAN NASHVILLE POLICE DEPT,20180459722,Davidson,Nashville,5/25/2018 1:36:00 PM,2,0,0,36.135290,-86.726900,I24E,,,,481.00,Feet,South,I24 W ENT RAMP,,,,0.00,N,Not at Intersection, ,Non-Junction,None,,,         ,Jessie,Meadows,Clear,Front to Rear,no,no,no,no,no,False
102021932,METROPOLITAN NASHVILLE POLICE DEPT,20180459824,Davidson,Nashville,5/25/2018 1:40:00 PM,2,0,0,36.125520,-86.752440,NOLENSVILLE PKE,,,,131.00,Feet,South,GLENROSE AV,,,,0.00,N,Not at Intersection,N,Non-Junction,None,,,         ,Jessie,Meadows,Clear,"Sideswipe, Opposite Direction",no,no,no,no,yes,False
102021934,METROPOLITAN NASHVILLE POLICE DEPT,20180459806,Davidson,Nashville,5/25/2018 2:02:00 PM,2,0,0,36.152260,-86.822810,I 440,,,,0.00,,,,,,,0.60,N,Not at Intersection, ,Non-Junction,None,,,         ,Curtis,Rich,Clear,Front to Rear,no,no,no,no,no,False
102021974,METROPOLITAN NASHVILLE POLICE DEPT,20180459634,Davidson,Nashville,5/25/2018 12:42:00 PM,2,0,0,36.163080,-86.788460,CHARLOTTE AV,,,,200.00,Feet,East,GULCH GRNWY,,,,0.00,N,Not at Intersection, ,Non-Junction,None,,,         ,Wesley,Henderson,Cloudy,Front to Rear,no,no,no,no,no,False
102022012,METROPOLITAN NASHVILLE POLICE DEPT,20180459730,Davidson,Nashville,5/25/2018 1:23:00 PM,3,0,0,36.112230,-86.771540,I440 ENT RAMP,,,,0.00,Feet,East,I 65,,,,0.00,N,Not at Intersection,N,Entrance/Exit Ramp Related,None,,,         ,Jon,Mcvey,Clear,"Sideswipe, Same Direction",no,no,no,no,yes,False
102022015,METROPOLITAN NASHVILLE POLICE DEPT,20180459622,Davidson,Nashville,5/25/2018 12:05:00 PM,2,0,0,36.120490,-86.726760,I 24,,,,0.00,,,,,,,52.90,N,Not at Intersection, ,,None,,,         ,Jessie,Meadows,,,no,no,no,no,no,False
102022034,METROPOLITAN NASHVILLE POLICE DEPT,20180459782,Davidson,Not in City Limit,5/25/2018 1:36:00 PM,2,0,0,36.269260,-86.755740,OLD HICKORY BLVDW,,,,0.00,,,DICKERSON PKE,,,,0.00,Y,Four-Way, ,Intersection,None,,,         ,Brandon,Wood,Clear,HeadOn,no,no,no,no,no,False
102022040,METROPOLITAN NASHVILLE POLICE DEPT,20180459834,Davidson,Nashville,5/25/2018 2:17:00 PM,3,3,0,36.090210,-86.687610,HARDING PL,,,,0.00,,,OLD EZELL RD,,,,0.00,Y,Four-Way,N,Non-Junction,None,,,         ,Steven,Williams,Clear,Front to Rear,no,no,no,no,no,False
102022062,METROPOLITAN NASHVILLE POLICE DEPT,20180459812,Davidson,Nashville,5/25/2018 1:52:00 PM,2,0,0,36.162920,-86.761410,I 24,,,,0.00,,,,,,,49.30,N,Not at Intersection, ,Non-Junction,None,,,         ,David,Collins,Clear,Front to Rear,no,no,no,no,no,False
102022063,METROPOLITAN NASHVILLE POLICE DEPT,20180459924,Davidson,Nashville,5/25/2018 3:00:00 PM,2,0,0,36.239370,-86.723750,GALLATIN PKES,,,,208.00,Feet,North,GALLATIN PKE,,,,0.00,N,Not at Intersection,N,Non-Junction,None,,,         ,William,Waters,Clear,"Sideswipe, Same Direction",no,no,no,no,yes,False
102022093,METROPOLITAN NASHVILLE POLICE DEPT,20180459879,Davidson,Nashville,5/25/2018 2:45:00 PM,2,0,0,36.084380,-86.628390,BELL RD,,,,92.00,Feet,South,PRIVATE DR,,,,0.00,N,Not at Intersection,N,Non-Junction,None,,,         ,Cheri,Cox,Clear,Angle,no,no,no,no,no,False
102022133,METROPOLITAN NASHVILLE POLICE DEPT,20180460043,Davidson,Goodlettsville,5/25/2018 3:56:00 PM,2,0,0,36.289990,-86.723240,I 65,,,,0.00,,,,,,,94.20,N,Not at Intersection, ,Non-Junction,None,,,         ,Christopher,Littles,Cloudy,Front to Rear,no,no,no,no,no,False
102022148,METROPOLITAN NASHVILLE POLICE DEPT,20180459965,Davidson,Nashville,5/25/2018 3:23:00 PM,1,1,0,36.040280,-86.780470,OLD HICKORY BLVD,,,,97.00,Feet,East,I65 N ENT RAMP,,,,0.00,N,Not at Intersection,N,Non-Junction,None,,,         ,Edin,Plancic,Clear,Not Collision with Motor Vehicle in Transport,no,no,no,no,no,False
102022157,METROPOLITAN NASHVILLE POLICE DEPT,20180459955,Davidson,Nashville,5/25/2018 3:21:00 PM,2,1,0,36.134280,-86.779090,WEDGEWOOD AV,,,,0.00,,,8TH AVS,,,,0.00,Y,Four-Way,N,Intersection,None,,,         ,Douglas,Sykes,Clear,Angle,no,no,no,no,no,False
102022173,METROPOLITAN NASHVILLE POLICE DEPT,20180459970,Davidson,Nashville,5/25/2018 2:49:00 PM,2,0,0,36.151240,-86.768580,I40 E EXT RAMP,,,,0.00,,,I 40,,,,0.00,Y,Four-Way, ,Intersection,None,,,         ,Joseph,Bingham,Clear,"Sideswipe, Same Direction",no,no,no,no,no,False
102022188,METROPOLITAN NASHVILLE POLICE DEPT,20180460071,Davidson,Not in City Limit,5/25/2018 4:05:00 PM,2,0,0,36.325460,-86.868840,WHITES CREEK PKE,,,,0.00,,,I24 W EXT RAMP,,,,0.00,Y,Four-Way, ,Entrance/Exit Ramp Related,None,,,         ,Brian,Woodard,Clear,Angle,no,no,no,no,no,False
102022197,METROPOLITAN NASHVILLE POLICE DEPT,20180460009,Davidson,Nashville,5/25/2018 3:41:00 PM,2,0,0,36.143940,-86.701710,I40 W ENT RAMP,,,,0.00,Feet,East,I 40,,,,0.00,N,Not at Intersection, ,Non-Junction,None,,,         ,Trenton,Searcy,Cloudy,Front to Rear,no,no,no,no,no,False
102022223,METROPOLITAN NASHVILLE POLICE DEPT,20180459949,Davidson,Nashville,5/25/2018 3:10:00 PM,2,1,0,36.042590,-86.712950,NOLENSVILLE PKE,,,,53.00,Feet,North,MILL CREEK WHITTLEMORE GRNWY,,,,0.00,N,Not at Intersection,N,Non-Junction,None,,,         ,Arend,Groeneweg,Clear,HeadOn,no,no,no,no,no,False
102022242,METROPOLITAN NASHVILLE POLICE DEPT,20180460059,Davidson,Nashville,5/25/2018 4:02:00 PM,2,0,0,36.159910,-86.760100,I 24,,,,0.00,,,,,,,49.50,N,Not at Intersection, ,Non-Junction,None,,,         ,James,Smith,Clear,"Sideswipe, Same Direction",no,no,no,no,no,False
102022243,METROPOLITAN NASHVILLE POLICE DEPT,20180459881,Davidson,Not in City Limit,5/25/2018 2:20:00 PM,2,0,0,36.257380,-86.713930,GALLATIN PKES,,,,45.00,Feet,North,HARRINGTON AV,,,,0.00,N,Not at Intersection,N,Non-Junction,None,,,         ,Harold,Willmore IV,Clear,Angle,no,no,no,no,no,False
102022244,METROPOLITAN NASHVILLE POLICE DEPT,20180457777,Davidson,Nashville,5/24/2018 7:00:00 PM,2,1,0,36.110940,-86.745220,NOLENSVILLE PKE,,,,0.00,,,THOMPSON LN,,,,0.00,Y,Four-Way,N,Intersection-Related,None,,,         ,John,Roberson,Clear,"Sideswipe, Same Direction",no,no,no,no,no,False
102022245,METROPOLITAN NASHVILLE POLICE DEPT,20180457947,Davidson,Nashville,5/24/2018 8:54:00 PM,2,0,0,36.050650,-86.627780,MURFREESBORO PKE,,,,0.57,Miles,West,MT VIEW RD,,,,0.00,N,Not at Intersection, ,Non-Junction,None,,,         ,John,Roberson,Clear,Front to Rear,no,no,no,no,yes,False
102022259,METROPOLITAN NASHVILLE POLICE DEPT,20180460036,Davidson,Nashville,5/25/2018 3:30:00 PM,2,0,0,36.175640,-86.603140,OLD HICKORY BLVD,,,,449.00,Feet,North,BURNING TREE DR,,,,0.00,N,Not at Intersection, ,Non-Junction,None,,,         ,Marvis,Malone,Cloudy,Front to Rear,no,no,no,no,no,False
102022269,METROPOLITAN NASHVILLE POLICE DEPT,20180460136,Davidson,Nashville,5/25/2018 3:35:00 PM,2,0,0,36.112710,-86.746170,NOLENSVILLE PKE,,,,0.00,Feet,East,MCCLAIN AV,,,,0.00,N,Not at Intersection, ,,None,,,         ,Johnathon,Birdwell,,,no,no,no,no,no,False
102022273,METROPOLITAN NASHVILLE POLICE DEPT,20180459901,Davidson,Nashville,5/25/2018 2:58:00 PM,2,0,0,36.189630,-86.775400,I 24,,,,0.00,,,,,,,46.90,N,Not at Intersection, ,,None,,,         ,Cody,Jaworski,,,no,no,no,no,no,False
102022293,METROPOLITAN NASHVILLE POLICE DEPT,20180460087,Davidson,Nashville,5/25/2018 3:45:00 PM,2,0,0,36.091960,-86.704890,I 24,,,,0.00,,,,,,,55.20,N,Not at Intersection,N,Non-Junction,None,,,         ,Taylor,Hurley,Cloudy,"Sideswipe, Same Direction",no,no,no,no,no,False
102022338,METROPOLITAN NASHVILLE POLICE DEPT,20180460018,Davidson,Nashville,5/25/2018 3:37:00 PM,2,0,0,36.152340,-86.771580,4TH AVS,,,,0.00,,,ASH ST,,,,0.00,Y,Four-Way, ,,None,,,         ,Joseph,Bingham,,,no,no,no,no,no,False
102022345,METROPOLITAN NASHVILLE POLICE DEPT,20180459882,Davidson,Not in City Limit,5/25/2018 2:49:00 PM,3,0,0,36.323380,-86.862280,I 24,,,,0.00,,,,,,,35.30,N,Not at Intersection,N,Non-Junction,None,,,         ,Janelle,Keslar,Clear,Front to Rear,no,no,no,no,no,False
102022347,METROPOLITAN NASHVILLE POLICE DEPT,20180460254,Davidson,Nashville,5/25/2018 5:00:00 PM,2,0,0,36.203620,-86.739110,E TRINITY LN,,,,173.00,Feet,West,GALLATIN PKE,,,,0.00,N,Not at Intersection, ,Non-Junction,None,,,         ,Erik,Nash,Cloudy,"Sideswipe, Same Direction",no,no,no,no,no,False
102022387,METROPOLITAN NASHVILLE POLICE DEPT,20180460294,Davidson,Nashville,5/25/2018 5:08:00 PM,2,0,0,36.130010,-86.715370,MURFREESBORO PKE,,,,276.00,Feet,West,MILLWOOD DR,,,,0.00,N,Not at Intersection,N,Non-Junction,None,,,         ,Brady,Reynolds,Cloudy,"Sideswipe, Same Direction",no,no,no,no,no,False
102022395,METROPOLITAN NASHVILLE POLICE DEPT,20180460236,Davidson,Nashville,5/25/2018 2:38:00 PM,2,0,0,36.124650,-86.752000,NOLENSVILLE PKE,,,,135.00,Feet,South,ROSEDALE AV,,,,0.00,N,Not at Intersection,N,Non-Junction,None,,,         ,Patrick,Martin,Clear,"Sideswipe, Same Direction",no,no,no,no,yes,False
102022406,METROPOLITAN NASHVILLE POLICE DEPT,20180459986,Davidson,Nashville,5/25/2018 3:18:00 PM,2,0,0,36.156060,-86.785520,11TH AVS,,,,14.00,Feet,South,MCGAVOCK ST,,,,0.00,N,Not at Intersection, ,Non-Junction,None,,,         ,Phillip,Box,Clear,Angle,no,no,no,no,no,False
102022407,METROPOLITAN NASHVILLE POLICE DEPT,20180460284,Davidson,Nashville,5/25/2018 2:15:00 PM,2,0,0,36.049420,-86.651300,BELL RD,,,,137.00,Feet,East,HICKORY HOLLOW MALL PVTDR PL,,,,0.00,N,Not at Intersection, ,,None,,,         ,Patrick,Martin,,,no,no,no,no,no,False
102022408,METROPOLITAN NASHVILLE POLICE DEPT,20180460195,Davidson,Not in City Limit,5/25/2018 4:57:00 PM,2,0,0,36.325890,-86.868950,I24 W EXT RAMP,,,,0.00,,,I 24,,,,0.00,Y,T-Intersection, ,Intersection,None,,,         ,Andrey,Volfson,Cloudy,Front to Rear,no,no,no,no,no,False
102022412,METROPOLITAN NASHVILLE POLICE DEPT,20180460391,Davidson,Nashville,5/25/2018 6:29:00 PM,2,3,0,36.053900,-86.643260,BELL RD,,,,477.00,Feet,South,THE OVERLOOK PVTDR,,,,0.00,N,Not at Intersection,N,Non-Junction,None,,,         ,Hillary,Sherman,Clear,Front to Rear,no,no,no,no,no,False
102022426,METROPOLITAN NASHVILLE POLICE DEPT,20180460038,Davidson,Nashville,5/25/2018 3:55:00 PM,3,0,0,36.141240,-86.717100,I 40,,,,0.00,,,,,,,213.80,N,Not at Intersection,Y,Non-Junction,None,,,         ,Johnathan,Pannell,Clear,"Sideswipe, Same Direction",no,no,no,no,yes,False
102022438,METROPOLITAN NASHVILLE POLICE DEPT,20180460392,Davidson,Nashville,5/25/2018 6:27:00 PM,1,2,0,36.030900,-86.768460,JONES PKWY,,,,162.00,Feet,North,ELDERTON CT,,,,0.00,N,Not at Intersection,N,Non-Junction,None,,,         ,Nicholas,Carroll,Clear,Not Collision with Motor Vehicle in Transport,no,no,no,no,no,False
102022439,METROPOLITAN NASHVILLE POLICE DEPT,20180460427,Davidson,Nashville,5/25/2018 6:35:00 PM,3,1,0,36.061300,-86.716680,NOLENSVILLE PKE,,,,0.00,Feet,East,MCMURRAY DR,,,,0.00,N,Not at Intersection,N,Non-Junction,None,,,         ,Conor,Cronin,Clear,Front to Rear,no,no,no,no,no,False
102022442,METROPOLITAN NASHVILLE POLICE DEPT,20180460106,Davidson,Not in City Limit,5/25/2018 3:55:00 PM,1,0,0,36.080030,-86.943670,SAWYER BROWN RD,,,,0.00,,,,,,,0.00,,,N,Non-Junction,None,,,         ,John,Hoesli,Cloudy,Not Collision with Motor Vehicle in Transport,no,no,no,yes,yes,False
102022443,METROPOLITAN NASHVILLE POLICE DEPT,20180460263,Davidson,Nashville,5/25/2018 5:24:00 PM,2,0,0,36.240570,-86.750600,BRILEY PKWYE,,,,146.00,Feet,East,I65 N ENT RAMP,,,,0.00,N,Not at Intersection,N,Non-Junction,None,,,         ,Cody,Jaworski,Clear,Front to Rear,no,no,no,no,yes,False
102022495,METROPOLITAN NASHVILLE POLICE DEPT,20180460452,Davidson,Not in City Limit,5/25/2018 6:56:00 PM,2,1,0,36.077450,-87.020740,I40 W EXT RAMP,,,,0.00,,,I 40,,,,0.00,Y,Five Point Or More,N,Non-Junction,None,,,         ,Albert,Wilson,Cloudy,Front to Rear,no,no,no,no,no,False
102022522,METROPOLITAN NASHVILLE POLICE DEPT,20180460457,Davidson,Nashville,5/25/2018 6:50:00 PM,2,0,0,36.202800,-86.738950,GALLATIN PKE,,,,300.00,Feet,South,E TRINITY LN,,,,0.00,N,Not at Intersection, ,Non-Junction,None,,,         ,Hunter,Fikes,Cloudy,Angle,no,no,no,no,no,False
102022554,METROPOLITAN NASHVILLE POLICE DEPT,20180459887,Davidson,Nashville,5/25/2018 12:00:00 AM,2,0,0,36.150020,-86.822420,I 440,,,,0.00,,,,,,,1.45,N,Not at Intersection,N,Non-Junction,None,,,         ,Akira,McSwain,Clear,"Sideswipe, Same Direction",no,no,no,no,yes,False
102022555,METROPOLITAN NASHVILLE POLICE DEPT,20180460053,Davidson,Nashville,5/25/2018 3:30:00 PM,2,0,0,36.088190,-86.786480,BATTERY LN,,,,267.00,Feet,West,WATERSWOOD DR,,,,0.00,N,Not at Intersection, ,Non-Junction,None,,,         ,Akira,McSwain,Clear,Front to Rear,no,no,no,no,no,False
102022556,METROPOLITAN NASHVILLE POLICE DEPT,20180460226,Davidson,Nashville,5/25/2018 5:00:00 PM,2,0,0,36.138220,-86.807140,BLAKEMORE AV,,,,0.00,,,25TH AVS,,,,0.00,Y,T-Intersection,N,Intersection,None,,,         ,Akira,McSwain,Clear,Angle,no,no,no,no,no,Campus
102022557,METROPOLITAN NASHVILLE POLICE DEPT,20180460371,Davidson,Nashville,5/25/2018 5:39:00 PM,2,0,0,36.147220,-86.799410,21ST AVS,,,,79.00,Feet,South,GRAND AV,,,,0.00,N,Not at Intersection, ,Non-Junction,None,,,         ,Akira,McSwain,Clear,Angle,no,no,no,no,no,Campus
102022564,METROPOLITAN NASHVILLE POLICE DEPT,20180460270,Davidson,Nashville,5/25/2018 5:30:00 PM,3,0,0,36.213570,-86.764520,DICKERSON PKE,,,,0.00,,,DELLWAY VILLA RD,,,,0.00,Y,T-Intersection,N,Intersection,None,,,         ,Kevin,Clausius,Clear,Angle,no,no,no,no,yes,False
102022566,METROPOLITAN NASHVILLE POLICE DEPT,2018-0460319,Davidson,Nashville,5/25/2018 5:49:00 PM,2,0,0,36.156170,-86.788950,GEORGE L DAVIS BLVD,,,,65.00,Feet,North,I40 W ENT RAMP,,,,0.00,N,Not at Intersection, ,Non-Junction,None,,,         ,Brandon,O'Guin,Cloudy,"Sideswipe, Same Direction",no,no,no,no,no,False
102022574,METROPOLITAN NASHVILLE POLICE DEPT,20180460411,Davidson,Nashville,5/25/2018 6:27:00 PM,3,3,0,36.094690,-86.707100,I 24,,,,0.00,,,,,,,55.00,N,Not at Intersection,N,Non-Junction,None,,,         ,Aimee,Ortiz,Cloudy,Front to Rear,no,no,no,no,no,False
102022581,METROPOLITAN NASHVILLE POLICE DEPT,20180460416,Davidson,Nashville,5/25/2018 5:20:00 PM,3,0,0,36.152120,-86.761990,CHARLES E DAVIS BLVD,,,,17.00,Feet,North,FAIN ST,,,,0.00,N,Not at Intersection,N,Non-Junction,None,,,         ,Darci,Stechman,Clear,Front to Rear,no,no,no,no,yes,False