master_record_number,agency,agency_tracking_number,county,city,collision_date,vehicles_involved,number_injured,number_dead,latitude,longitude,roadway_name,roadway_suffix,roadway_number,roadway_local_id,distance_from_reference,miles-feet_indicator,direction_from_reference,intersection_road_name,intersection_road_name_suffix,intersection_road_number,intersection_local_id,mile_marker,intersection_indicator,intersect_type,interchange_related_indicator,relation_to_junction,work_zone_type,construction_maintenance_zone,construction_maintenance_zone_location,fatal_case_number,officer_first_name,officer_last_name,weather_condition(s),manner_of_crash,pedestrian,bicycle,scooter,parking,hitrun,mou
102031234,METROPOLITAN NASHVILLE POLICE DEPT,20180482194,Davidson,Not in City Limit,6/2/2018 5:09:00 PM,2,1,0,36.262210,-86.712210,GALLATIN PKES,,,,0.00,,,E OLD HICKORY BLVD,,,,0.00,Y,Four-Way,N,Intersection,None,,,         ,Cecilia,Gomez,Clear,Front to Rear,no,no,no,no,no,False
102031272,METROPOLITAN NASHVILLE POLICE DEPT,20180481833,Davidson,Nashville,6/2/2018 3:02:00 PM,2,1,0,36.165310,-86.604040,BELL RD,,,,18.00,Feet,West,THE COVE APT PVTDR,,,,0.00,N,Not at Intersection,N,Non-Junction,None,,,         ,Zachariah,Bush,Clear,HeadOn,no,no,no,no,no,False
102031276,METROPOLITAN NASHVILLE POLICE DEPT,20180482395,Davidson,Nashville,6/2/2018 7:08:00 PM,2,0,0,36.191970,-86.766160,RICHARDSON AV,,,,0.00,,,PENNOCK AV,,,,0.00,Y,Four-Way, ,Intersection,None,,,         ,Michael,Moss,Clear,Angle,no,no,no,no,yes,False
102031284,METROPOLITAN NASHVILLE POLICE DEPT,20180482533,Davidson,Nashville,6/2/2018 7:35:00 PM,1,0,0,36.183180,-86.836100,HINKLE DR,,,,0.00,Feet,East,BRIARWICK DR,,,,0.00,N,Not at Intersection,N,Non-Junction,None,,,         ,Jason,Hogan,Clear,Not Collision with Motor Vehicle in Transport,no,no,no,yes,yes,False
102031300,METROPOLITAN NASHVILLE POLICE DEPT,20180482357,Davidson,Not in City Limit,6/2/2018 6:30:00 PM,1,1,0,36.189110,-86.957330,RIVER ROAD PKE,,,,945.00,Feet,North,RIVER ROAD PKE PVTDR,,,,0.00,N,Not at Intersection,N,Non-Junction,None,,,         ,Steven,Fisher,Clear,Not Collision with Motor Vehicle in Transport,no,no,no,no,no,False
102031322,METROPOLITAN NASHVILLE POLICE DEPT,20180482223,Davidson,Nashville,6/2/2018 5:05:00 PM,2,0,0,36.175270,-86.792660,MONROE ST,,,,0.00,,,ROSA L PARKS BLVD,,,,0.00,Y,Four-Way,N,Intersection-Related,None,,,         ,Andrey,Volfson,Clear,Front to Rear,no,no,no,no,no,False
102031348,METROPOLITAN NASHVILLE POLICE DEPT,20180482279,Davidson,Nashville,6/2/2018 5:49:00 PM,2,0,0,36.140180,-86.879190,CHARLOTTE PKE,,,,17.00,Feet,East,RUSSLEO DR,,,,0.00,N,Not at Intersection,Y,Non-Junction,None,,,         ,Matthew,Jankiewicz,Clear,HeadOn,no,no,no,no,no,False
102031372,METROPOLITAN NASHVILLE POLICE DEPT,20180482787,Davidson,Nashville,6/2/2018 12:00:00 AM,2,0,0,36.135150,-86.890320,CHARLOTTE PKE,,,,0.00,,,,,,,0.00,,,N,Non-Junction,None,,,         ,Steven,Fisher,Clear,Unknown,no,no,no,yes,yes,False
102031379,METROPOLITAN NASHVILLE POLICE DEPT,20180482640,Davidson,Nashville,6/2/2018 8:40:00 PM,2,0,0,36.150150,-86.857950,WHITE BRIDGE PKE,,,,0.00,,,CHARLOTTE PKE,,,,0.00,Y,Four-Way, ,Intersection-Related,None,,,         ,Kelby,Dumond,Clear,Front to Rear,no,no,no,no,no,False
102031381,METROPOLITAN NASHVILLE POLICE DEPT,20180482411,Davidson,Nashville,6/2/2018 7:18:00 PM,2,1,0,36.040900,-86.779380,STONE BROOK DR,,,,0.00,,,OLD HICKORY BLVD,,,,0.00,Y,Four-Way,N,Intersection,None,,,         ,Akira,McSwain,Clear,Angle,no,no,no,no,no,False
102031382,METROPOLITAN NASHVILLE POLICE DEPT,20180482794,Davidson,Nashville,6/2/2018 12:00:00 AM,2,0,0,36.147330,-86.814130,28TH AVN,,,,294.00,Feet,East,CENTENNIAL PARK PVTDR,,,,0.00,N,Not at Intersection,N,Non-Junction,None,,,         ,Akira,McSwain,Clear,Front to Rear,no,no,no,no,yes,False
102031395,METROPOLITAN NASHVILLE POLICE DEPT,20180482643,Davidson,Nashville,6/2/2018 12:00:00 AM,1,0,0,36.153750,-86.763430,I24 W ENT RAMP,,,,0.00,Feet,East,I 40,,,,0.00,N,Not at Intersection,Y,Entrance/Exit Ramp Related,None,,,         ,Jessica,Johann,Clear,Not Collision with Motor Vehicle in Transport,no,no,no,no,yes,False
102031414,METROPOLITAN NASHVILLE POLICE DEPT,20180482767,Davidson,Nashville,6/2/2018 8:05:00 PM,2,0,0,36.248010,-86.720360,GALLATIN PKES,,,,0.00,Feet,,DUE WEST AVW,,,,0.00,Y,Four-Way,N,Intersection-Related,None,,,         ,Cecilia,Gomez,Clear,Angle,no,no,no,no,no,False
102031423,METROPOLITAN NASHVILLE POLICE DEPT,20180482791,Davidson,Nashville,6/2/2018 9:30:00 PM,2,1,0,36.090330,-86.626500,SMITH SPRINGS RD,,,,0.00,,,BELL RD,,,,0.00,Y,Four-Way,Y,Intersection,None,,,         ,Seth,Vaughn,Clear,Front to Rear,no,no,no,no,no,False
102031425,METROPOLITAN NASHVILLE POLICE DEPT,20180482935,Davidson,Nashville,6/2/2018 10:44:00 PM,1,1,0,36.118010,-86.748790,NOLENSVILLE PKE,,,,96.00,Feet,North,LUTIE ST,,,,0.00,N,Not at Intersection,N,Non-Junction,None,,,         ,Robert,Erickson,Clear,Not Collision with Motor Vehicle in Transport,no,no,no,no,no,False
102031433,METROPOLITAN NASHVILLE POLICE DEPT,20180482344,Davidson,Nashville,6/2/2018 6:38:00 PM,2,5,0,36.184740,-86.815660,CLARKSVILLE PKE,,,,0.00,,,24TH AVN,,,,0.00,Y,Four-Way,N,Intersection,None,,,         ,Andrey,Volfson,Clear,Angle,no,no,no,no,yes,False
102031449,METROPOLITAN NASHVILLE POLICE DEPT,20180482785,Davidson,Nashville,6/2/2018 9:15:00 PM,2,0,0,36.201970,-86.776610,I 65,,,,0.00,,,,,,,87.00,N,Not at Intersection, ,Non-Junction,None,,,         ,Lindsey,Anderson,Clear,"Sideswipe, Same Direction",no,no,no,no,no,False
102031464,METROPOLITAN NASHVILLE POLICE DEPT,20180483044,Davidson,Nashville,6/2/2018 11:44:00 PM,2,0,0,36.161730,-86.775530,BROADWAY,,,,121.00,Feet,West,2ND AVN,,,,0.00,N,Not at Intersection, ,Non-Junction,None,,,         ,Chad,Wilkinson,Clear,"Sideswipe, Same Direction",no,no,no,no,no,False
102031465,METROPOLITAN NASHVILLE POLICE DEPT,20180483006,Davidson,Nashville,6/2/2018 11:30:00 PM,2,0,0,36.165550,-86.780930,DEADERICK ST,,,,198.00,Feet,West,4TH AVN,,,,0.00,N,Not at Intersection,N,Non-Junction,None,,,         ,Daniel,Caruth,Clear,Front to Rear,no,no,no,no,yes,False
102031487,METROPOLITAN NASHVILLE POLICE DEPT,20180483068,Davidson,Nashville,6/2/2018 11:59:00 PM,2,0,0,36.138840,-86.800590,21ST AVS,,,,0.00,,,CAPERS AV,,,,0.00,Y,T-Intersection, ,,None,,,         ,Jonathan,Hadley,,,no,no,no,no,no,Campus
102031488,METROPOLITAN NASHVILLE POLICE DEPT,20180482924,Davidson,Nashville,6/2/2018 10:50:00 PM,3,0,0,36.185940,-86.806690,CASS ST,,,,95.00,Feet,East,11TH AVN,,,,0.00,N,Not at Intersection,N,Non-Junction,None,,,         ,Ian,Ward,Clear,Angle,no,no,no,no,no,False
102031489,METROPOLITAN NASHVILLE POLICE DEPT,20180482897,Davidson,Nashville,6/2/2018 10:32:00 PM,2,3,0,36.085030,-86.763540,I 65,,,,0.00,,,,,,,78.00,N,Not at Intersection,N,Non-Junction,None,,,         ,FELIKS,ABRAHAMYAN,Clear,Front to Rear,no,no,no,no,no,False
102031497,METROPOLITAN NASHVILLE POLICE DEPT,20180483189,Davidson,Nashville,6/3/2018 12:42:00 AM,2,2,0,36.248820,-86.716440,E PALESTINE AV,,,,225.00,Feet,West,LIBERTY CIR,,,,0.00,N,Not at Intersection,N,Non-Junction,None,,,         ,Ashton,Hill,Clear,HeadOn,no,no,no,no,yes,False
102031507,METROPOLITAN NASHVILLE POLICE DEPT,20180483198,Davidson,Nashville,6/3/2018 1:05:00 AM,1,1,0,36.172920,-86.800860,I 40,,,,0.00,,,,,,,207.75,N,Not at Intersection,N,Non-Junction,None,,,         ,Joshua,Green,Clear,Not Collision with Motor Vehicle in Transport,no,no,no,no,no,False
102031527,METROPOLITAN NASHVILLE POLICE DEPT,20180482997,Davidson,Antioch,6/2/2018 8:44:00 PM,2,0,0,36.042730,-86.606450,MURFREESBORO PKE,,,,53.00,Feet,South,HOBSON PKE,,,,0.00,N,Not at Intersection, ,Non-Junction,None,,,         ,Jefferson,Hughes,Clear,Angle,no,no,no,no,no,False
102031528,METROPOLITAN NASHVILLE POLICE DEPT,20180483154,Davidson,Nashville,6/3/2018 12:00:00 AM,1,0,0,36.194790,-86.591060,TULIP GROVE RD,,,,409.00,Feet,South,WALDEN WOODS DR,,,,0.00,N,Not at Intersection,N,Non-Junction,None,,,         ,Patrick,Lancaster,Clear,Not Collision with Motor Vehicle in Transport,no,no,no,no,yes,False
102031529,METROPOLITAN NASHVILLE POLICE DEPT,20180483252,Davidson,Nashville,6/2/2018 10:25:00 PM,2,0,0,36.153140,-86.764640,I 40,,,,0.00,,,,,,,210.70,N,Not at Intersection, ,Entrance/Exit Ramp Related,None,,,         ,Bridget,Griepentrog,Clear,"Sideswipe, Same Direction",no,no,no,no,no,False
102031571,METROPOLITAN NASHVILLE POLICE DEPT,20180483385,Davidson,Nashville,6/3/2018 2:20:00 AM,2,0,0,36.175010,-86.784680,3RD AVN,,,,0.00,,,JEFFERSON ST,,,,0.00,Y,Four-Way,N,Intersection,None,,,         ,Damon,Hutcheson,Clear,Front to Rear,no,no,no,no,yes,False
102031574,METROPOLITAN NASHVILLE POLICE DEPT,20180483428,Davidson,Nashville,6/3/2018 3:38:00 AM,2,1,0,36.150690,-86.767950,LAFAYETTE ST,,,,0.00,,,2ND AVS,,,,0.00,Y,OTHER,N,Intersection,None,,,         ,Joseph,Zambardi,Clear,Angle,no,no,no,no,yes,False
102031577,METROPOLITAN NASHVILLE POLICE DEPT,20180482457,Davidson,Nashville,6/2/2018 7:37:00 PM,3,1,0,36.151760,-86.768630,2ND AVS,,,,0.00,,,I40 W EXT RAMP,,,,0.00,Y,Four-Way,N,Intersection,None,,,         ,Daniel,Caruth,Clear,"Sideswipe, Same Direction",no,no,no,no,yes,False
102031592,METROPOLITAN NASHVILLE POLICE DEPT,20180483448,Davidson,Nashville,6/3/2018 4:01:00 AM,1,1,0,36.248360,-86.837220,CLARKSVILLE PKE,,,,463.00,Feet,West,DRY FORK RD,,,,0.00,N,Not at Intersection,N,Non-Junction,None,,,         ,Armonty,Houston,Clear,Not Collision with Motor Vehicle in Transport,no,no,no,no,no,False
102031595,METROPOLITAN NASHVILLE POLICE DEPT,20180483310,Davidson,Nashville,6/3/2018 2:07:00 AM,2,0,0,36.159560,-86.774640,3RD AVS,,,,0.00,,,DEMONBREUN ST,,,,0.00,Y,Four-Way,N,Intersection-Related,None,,,         ,Stephen,Waterman,Clear,Other,no,no,no,no,no,False
102031597,METROPOLITAN NASHVILLE POLICE DEPT,20180483306,Davidson,Nashville,6/3/2018 2:03:00 AM,1,1,0,36.181180,-86.606750,OLD HICKORY BLVD,,,,535.00,Feet,East,FRIST BLVD,,,,0.00,N,Not at Intersection,N,Non-Junction,None,,,         ,Patrick,Lancaster,Clear,Not Collision with Motor Vehicle in Transport,no,no,no,no,no,False
102031629,METROPOLITAN NASHVILLE POLICE DEPT,20180483353,Davidson,Nashville,6/3/2018 2:47:00 AM,1,1,0,36.208220,-86.767420,DICKERSON PKE,,,,8.00,Feet,South,GRIZZARD AV,,,,0.00,N,Not at Intersection,N,Non-Junction,None,,,         ,Shaquille,Graham,Clear,Not Collision with Motor Vehicle in Transport,no,no,no,no,no,False
102031645,METROPOLITAN NASHVILLE POLICE DEPT,20180483370,Davidson,Nashville,6/3/2018 12:00:00 AM,2,2,0,36.198280,-86.620350,LEBANON PKE,,,,62.00,Feet,South,OLD HICKORY BLVD,,,,0.00,N,Not at Intersection,N,Non-Junction,None,,,         ,Emily,Mulready,Clear,HeadOn,no,no,no,no,no,False
102031697,METROPOLITAN NASHVILLE POLICE DEPT,20180483658,Davidson,Nashville,6/3/2018 12:00:00 AM,2,0,0,36.190750,-86.805500,PONDER PL,,,,61.00,Feet,West,VILLAS AT METROCENTER PVTDR,,,,0.00,N,Not at Intersection,N,Non-Junction,None,,,         ,Jared,Lemons,Unknown,Not Collision with Motor Vehicle in Transport,no,no,no,no,yes,False
102031731,METROPOLITAN NASHVILLE POLICE DEPT,20180483739,Davidson,Nashville,6/3/2018 7:51:00 AM,2,0,0,36.133730,-86.819600,I 440,,,,0.00,,,,,,,1.70,N,Not at Intersection, ,Entrance/Exit Ramp Related,None,,,         ,Darren,Key,Clear,"Sideswipe, Same Direction",no,no,no,no,no,False
102031771,METROPOLITAN NASHVILLE POLICE DEPT,20180483904,Davidson,Nashville,6/3/2018 9:50:00 AM,1,0,0,36.065960,-86.917120,OLD HICKORY BLVD,,,,322.00,Feet,South,DEVON VALLEY DR,,,,0.00,N,Not at Intersection, ,Non-Junction,None,,,         ,Jack,Crouch,Cloudy,Not Collision with Motor Vehicle in Transport,no,no,no,no,no,False
102031776,METROPOLITAN NASHVILLE POLICE DEPT,20180483783,Davidson,Nashville,6/3/2018 8:00:00 AM,2,0,0,36.051420,-86.699750,OCALA DR,,,,494.00,Feet,West,TUSCULUM CT,,,,0.00,N,Not at Intersection, ,"Driveway, Alley Access, etc",None,,,         ,Thomas,White,Clear,Angle,no,no,no,no,no,False
102031788,METROPOLITAN NASHVILLE POLICE DEPT,20180483970,Davidson,Nashville,6/3/2018 10:29:00 AM,3,1,0,36.151830,-86.798390,WEST END AV,,,,0.00,,,LYLE AV,,,,0.00,Y,T-Intersection,N,Intersection,None,,,         ,Nathan,Kemp,Clear,Angle,no,no,no,no,no,False
102031794,METROPOLITAN NASHVILLE POLICE DEPT,20180483912,Davidson,Nashville,6/3/2018 8:00:00 AM,2,0,0,36.072120,-86.660230,COUNTRYSIDE DR,,,,669.00,Feet,East,RADER RIDGE RD,,,,0.00,N,Not at Intersection, ,Non-Junction,None,,,         ,Jason,Hees,Clear,"Sideswipe, Same Direction",no,no,no,no,yes,False
102031829,METROPOLITAN NASHVILLE POLICE DEPT,20180484042,Davidson,Nashville,6/3/2018 10:54:00 AM,2,0,0,36.194990,-86.743170,GALLATIN AV,,,,5.00,Feet,South,CHESTER AV,,,,0.00,N,Not at Intersection, ,Non-Junction,None,,,         ,Michael,Agee,Cloudy,Angle,no,no,no,no,no,False
102031836,METROPOLITAN NASHVILLE POLICE DEPT,20180483853,Davidson,Nashville,6/3/2018 9:03:00 AM,2,0,0,36.116930,-86.725650,I 24,,,,0.00,,,,,,,53.15,N,Not at Intersection,N,Non-Junction,None,,,         ,Carey,Steel,Cloudy,"Sideswipe, Same Direction",no,no,no,no,yes,False
102031879,METROPOLITAN NASHVILLE POLICE DEPT,20180484218,Davidson,Nashville,6/3/2018 12:54:00 PM,2,1,0,36.046460,-86.713390,NOLENSVILLE PKE,,,,401.00,Feet,North,OLD HICKORY BLVD,,,,0.00,N,Not at Intersection,N,Non-Junction,None,,,         ,Samuel,Miller,Clear,Angle,no,no,no,no,yes,False
102031893,METROPOLITAN NASHVILLE POLICE DEPT,20180484038,Davidson,Nashville,6/3/2018 11:02:00 AM,2,0,0,36.173590,-86.602150,OLD HICKORY BLVD,,,,0.00,,,CENTRAL PKE,,,,0.00,Y,Four-Way,N,Intersection-Related,None,,,         ,Michael,Brooks,Clear,Front to Rear,no,no,no,no,no,False
102031903,METROPOLITAN NASHVILLE POLICE DEPT,20180484178,Davidson,Nashville,6/3/2018 12:34:00 PM,1,1,0,36.112580,-86.708790,BRILEY PKWYS,,,,307.00,Feet,East,CURREY RD,,,,0.00,N,Not at Intersection,N,Non-Junction,None,,,         ,Stephen,Soule,Clear,Not Collision with Motor Vehicle in Transport,no,no,no,no,yes,False
102031948,METROPOLITAN NASHVILLE POLICE DEPT,20180484207,Davidson,Nashville,6/3/2018 11:53:00 AM,1,0,0,36.187560,-86.812260,18TH AVN,,,,0.00,,,MCKINNEY AV,,,,0.00,Y,Four-Way,N,Non-Junction,None,,,         ,Patrick,Taylor,Clear,Not Collision with Motor Vehicle in Transport,no,no,no,no,yes,False
102031950,METROPOLITAN NASHVILLE POLICE DEPT,2018-0484261,Davidson,Nashville,6/3/2018 1:20:00 PM,2,0,0,36.072380,-86.636010,BELL RD,,,,192.00,Feet,North,MURFREESBORO PKE,,,,0.00,N,Not at Intersection,N,Non-Junction,None,,,         ,Stanley,Collins,Clear,Front to Rear,no,no,no,no,no,False
102031970,METROPOLITAN NASHVILLE POLICE DEPT,20180484328,Davidson,Nashville,6/3/2018 1:49:00 PM,2,0,0,36.134840,-86.776440,RIDLEY BLVD,,,,142.00,Feet,North,WEDGEWOOD PARK,,,,0.00,N,Not at Intersection, ,Non-Junction,None,,,         ,Douglas,Sykes,Clear,HeadOn,no,no,no,no,no,False
102031973,METROPOLITAN NASHVILLE POLICE DEPT,20180484336,Davidson,Nashville,6/3/2018 2:48:00 PM,2,0,0,36.171550,-86.802670,I 40,,,,0.00,,,,,,,207.70,N,Not at Intersection, ,Non-Junction,None,,,         ,Bryan,Musgrave,Clear,Angle,no,no,no,no,no,False
102031977,METROPOLITAN NASHVILLE POLICE DEPT,20180484364,Davidson,Nashville,6/3/2018 3:00:00 PM,2,1,0,36.241430,-86.757220,DICKERSON PKE,,,,0.00,Feet,,BRILEY PKWY W ENT RAMP,,,,0.00,Y,Four-Way,N,Intersection,None,,,         ,Peter,Vaught,Clear,Angle,no,no,no,no,no,False
102031978,METROPOLITAN NASHVILLE POLICE DEPT,20180484305,Davidson,Nashville,6/3/2018 2:09:00 PM,3,0,0,36.163040,-86.761840,I 24,,,,0.00,,,,,,,49.25,N,Not at Intersection,N,Non-Junction,None,,,         ,Joseph,Progar,Cloudy,Front to Rear,no,no,no,no,no,False
102031979,METROPOLITAN NASHVILLE POLICE DEPT,20180484342,Davidson,Nashville,6/3/2018 2:24:00 PM,2,0,0,36.161020,-86.777200,BROADWAY,,,,0.00,,,4TH AVN,,,,0.00,Y,Four-Way, ,Non-Junction,None,,,         ,Seth,Quiles,Clear,"Sideswipe, Same Direction",no,no,no,no,no,False
102031980,METROPOLITAN NASHVILLE POLICE DEPT,20180484329,Davidson,Not in City Limit,6/3/2018 1:17:00 PM,2,0,0,36.073240,-86.924780,OLD HARDING PKE,,,,487.00,Feet,West,OLD HARDING PKE RAMP,,,,0.00,N,Not at Intersection, ,Non-Junction,None,,,         ,Matthew,Jankiewicz,Clear,Front to Rear,no,no,no,no,no,False
102031997,METROPOLITAN NASHVILLE POLICE DEPT,20180484433,Davidson,Nashville,6/3/2018 3:30:00 PM,3,1,0,36.046020,-86.657930,COLLINS PARK DR,,,,0.00,,,BELL RD,,,,0.00,Y,Four-Way,N,Intersection,None,,,         ,Matthew,Turppa,Clear,Front to Rear,no,no,no,no,no,False
102031999,METROPOLITAN NASHVILLE POLICE DEPT,20180484360,Davidson,Nashville,6/3/2018 2:58:00 PM,2,0,0,36.204850,-86.776660,I 65,,,,0.00,,,,,,,87.20,N,Not at Intersection, ,Non-Junction,None,,,         ,Sara,Lober,Clear,"Sideswipe, Same Direction",no,no,no,no,no,False
102032004,METROPOLITAN NASHVILLE POLICE DEPT,20180484431,Davidson,Nashville,6/3/2018 2:50:00 PM,2,0,0,36.122800,-86.751960,I 440,,,,0.00,,,,,,,6.25,N,Not at Intersection,N,Non-Junction,None,,,         ,Derek,Sibley,Clear,"Sideswipe, Same Direction",no,no,no,no,yes,False
102032005,METROPOLITAN NASHVILLE POLICE DEPT,20180484480,Davidson,Nashville,6/3/2018 2:44:00 PM,2,0,0,36.077140,-86.641460,MURFREESBORO PKE,,,,0.00,,,LAKEVILLA DR,,,,0.00,Y,OTHER, ,Non-Junction,None,,,         ,Brady,Reynolds,Clear,"Sideswipe, Same Direction",no,no,no,no,no,False
102032006,METROPOLITAN NASHVILLE POLICE DEPT,20180484530,Davidson,Nashville,6/3/2018 2:30:00 PM,2,0,0,36.077140,-86.641460,MURFREESBORO PKE,,,,0.00,,,LAKEVILLA DR,,,,0.00,Y,Four-Way, ,Intersection,None,,,         ,Brady,Reynolds,Clear,Angle,no,no,no,no,no,False
102032025,METROPOLITAN NASHVILLE POLICE DEPT,20180484612,Davidson,Nashville,6/3/2018 4:40:00 PM,2,0,0,36.170240,-86.740230,S 17TH ST,,,,0.00,,,SHELBY AV,,,,0.00,Y,Four-Way, ,Non-Junction,None,,,         ,Joseph,Maeser,Clear,Angle,no,no,no,no,yes,False
102032029,METROPOLITAN NASHVILLE POLICE DEPT,20180484651,Davidson,Nashville,6/3/2018 12:00:00 AM,2,0,0,36.234870,-86.758360,DICKERSON PKE,,,,82.00,Feet,South,HOMESTEAD RD,,,,0.00,N,Not at Intersection, ,,None,,,         ,Gordon,Stovall,,,no,no,no,no,no,False
102032049,METROPOLITAN NASHVILLE POLICE DEPT,20180484753,Davidson,Nashville,6/3/2018 5:44:00 PM,1,0,0,36.194220,-86.836390,JOHN MALLETTE DR,,,,102.00,Feet,East,ASHTON AV,,,,0.00,N,Not at Intersection,N,Non-Junction,None,,,         ,Jason,Hogan,Clear,Not Collision with Motor Vehicle in Transport,no,no,no,no,yes,False
102032051,METROPOLITAN NASHVILLE POLICE DEPT,20180484667,Davidson,Nashville,6/3/2018 5:00:00 PM,1,1,0,36.132900,-86.774590,I65 N EXT RAMP,,,,0.00,,,I 65,,,,0.00,Y,OTHER,Y,Entrance/Exit Ramp Related,None,,,         ,Douglas,Sykes,Clear,Not Collision with Motor Vehicle in Transport,no,no,no,no,no,False
102032105,METROPOLITAN NASHVILLE POLICE DEPT,20180484841,Davidson,Nashville,6/3/2018 6:25:00 PM,2,0,0,36.037400,-86.786570,FRANKLIN PKE,,,,0.00,Feet,East,OLD HICKORY BLVD,,,,0.00,N,Not at Intersection,N,Non-Junction,None,,,         ,Conor,Cronin,Clear,Angle,no,no,no,no,no,False
102032114,METROPOLITAN NASHVILLE POLICE DEPT,20180484844,Davidson,Nashville,6/3/2018 5:45:00 PM,2,0,0,36.122090,-86.807160,I440 E ENT RAMP,,,,0.00,,,I 440,,,,0.00,Y,OTHER, ,Non-Junction,None,,,         ,Robert,Crow,Clear,Front to Rear,no,no,no,no,no,False
102032123,METROPOLITAN NASHVILLE POLICE DEPT,20180484793,Davidson,Nashville,6/3/2018 5:55:00 PM,2,0,0,36.162150,-86.775340,2ND AVN,,,,107.00,Feet,North,BROADWAY,,,,0.00,N,Not at Intersection, ,Non-Junction,None,,,         ,Seth,Quiles,Clear,"Sideswipe, Same Direction",no,no,no,no,no,False
102032127,Nashville Airport Police,2018-02079,Davidson,Nashville,6/3/2018 2:00:00 PM,2,0,0,36.136980,-86.668480,I40 E EXT RAMP,,,,0.00,,,I40 W ENT RAMP,,,,0.00,Y,Y-Intersection, ,Entrance/Exit Ramp Related,Work Zone,,,         ,Lucas,Delheimer,Clear,"Sideswipe, Same Direction",no,no,no,no,no,False
102032150,METROPOLITAN NASHVILLE POLICE DEPT,20180484468,Davidson,Nashville,6/3/2018 2:55:00 PM,2,0,0,36.160970,-86.793320,I40 E EXT RAMP,,,,0.00,,,I 40,,,,0.00,Y,Four-Way, ,Non-Junction,None,,,         ,Darryl,Williams,Clear,Angle,no,no,no,no,no,False
102032151,METROPOLITAN NASHVILLE POLICE DEPT,20180485011,Davidson,Nashville,6/3/2018 8:00:00 PM,2,0,0,36.163810,-86.797370,CLINTON ST,,,,202.00,Feet,West,14TH AVN,,,,0.00,N,Not at Intersection,N,Non-Junction,None,,,         ,Andrey,Volfson,Clear,"Sideswipe, Same Direction",no,no,no,no,yes,False
102032166,METROPOLITAN NASHVILLE POLICE DEPT,20180485032,Davidson,Nashville,6/3/2018 8:16:00 PM,2,0,0,36.063550,-86.716800,NOLENSVILLE PKE,,,,0.00,,,,,,,0.00,,,N,Non-Junction,None,,,         ,YUNUS,ADAK,Clear,Front to Rear,no,no,no,no,yes,False
102032187,METROPOLITAN NASHVILLE POLICE DEPT,20180484882,Davidson,Nashville,6/3/2018 6:44:00 PM,1,1,0,36.121620,-86.810860,SHARONDALE DR,,,,0.00,,,SHARONDALE CT,,,,0.00,Y,OTHER,N,Non-Junction,None,,,         ,Robert,Crow,Clear,Not Collision with Motor Vehicle in Transport,no,no,no,no,no,False
102032206,METROPOLITAN NASHVILLE POLICE DEPT,20180484771,Davidson,Nashville,6/3/2018 5:30:00 PM,2,1,0,36.215390,-86.588540,LEBANON PKE,,,,7.00,Feet,West,BIG HORN DR,,,,0.00,N,Not at Intersection,N,Non-Junction,None,,,         ,Marvis,Malone,Clear,Angle,no,no,no,no,no,False
102032241,METROPOLITAN NASHVILLE POLICE DEPT,20180484892,Davidson,Nashville,6/3/2018 6:00:00 PM,2,0,0,36.252210,-86.711510,GALLAVISTA AV,,,,411.00,Feet,North,EMMITT AV,,,,0.00,N,Not at Intersection,N,Non-Junction,None,,,         ,Brittani,Campbell,Clear,Angle,no,no,no,no,yes,False
102032250,METROPOLITAN NASHVILLE POLICE DEPT,20180485225,Davidson,Nashville,6/3/2018 10:10:00 PM,2,0,0,36.077440,-86.726090,NOLENSVILLE PKE,,,,0.00,,,,,,,0.00,,,N,"Driveway, Alley Access, etc",None,,,         ,YUNUS,ADAK,Clear,Angle,no,no,no,no,yes,False
102032252,METROPOLITAN NASHVILLE POLICE DEPT,20180485121,Davidson,Nashville,6/3/2018 9:17:00 PM,2,0,0,36.126700,-86.711090,EAST THOMPSON LN,,,,0.00,Feet,East,MURFREESBORO PKE,,,,0.00,N,Not at Intersection,N,Non-Junction,None,,,         ,Aimee,Ortiz,Clear,"Sideswipe, Same Direction",no,no,no,no,no,False
102032253,METROPOLITAN NASHVILLE POLICE DEPT,20180485137,Davidson,Nashville,6/3/2018 9:10:00 PM,2,0,0,36.176880,-86.776180,COWAN ST,,,,0.00,,,SPRING ST,,,,0.00,Y,Four-Way, ,Intersection,None,,,         ,Roy,Sain Jr.,Clear,Angle,no,no,no,no,yes,False
102032288,METROPOLITAN NASHVILLE POLICE DEPT,2018-0485199,Davidson,Nashville,6/3/2018 10:12:00 PM,2,0,0,36.202500,-86.820480,BUENA VISTA PKE,,,,0.00,Feet,,W TRINITY LN,,,,0.00,Y,T-Intersection, ,Intersection,None,,,         ,Jason,Hogan,Clear,Angle,no,no,no,no,no,False
102032302,METROPOLITAN NASHVILLE POLICE DEPT,20180485339,Davidson,Nashville,6/3/2018 11:20:00 PM,1,0,0,36.196250,-86.742470,GALLATIN AV,,,,105.00,Feet,North,CAHAL AV,,,,0.00,N,Not at Intersection,N,Non-Junction,None,,,         ,Eric,Cunningham,Clear,Not Collision with Motor Vehicle in Transport,no,no,no,yes,yes,False
102032315,METROPOLITAN NASHVILLE POLICE DEPT,20180485463,Davidson,Nashville,6/3/2018 11:31:00 PM,1,0,0,36.087170,-86.701020,I 24,,,,0.00,,,,,,,55.65,N,Not at Intersection, ,Non-Junction,None,,,         ,David,Smith,Clear,Not Collision with Motor Vehicle in Transport,no,no,no,no,no,False