master_record_number,agency,agency_tracking_number,county,city,collision_date,vehicles_involved,number_injured,number_dead,latitude,longitude,roadway_name,roadway_suffix,roadway_number,roadway_local_id,distance_from_reference,miles-feet_indicator,direction_from_reference,intersection_road_name,intersection_road_name_suffix,intersection_road_number,intersection_local_id,mile_marker,intersection_indicator,intersect_type,interchange_related_indicator,relation_to_junction,work_zone_type,construction_maintenance_zone,construction_maintenance_zone_location,fatal_case_number,officer_first_name,officer_last_name,weather_condition(s),manner_of_crash,pedestrian,bicycle,scooter,parking,hitrun,mou
102033046,METROPOLITAN NASHVILLE POLICE DEPT,20180487263,Davidson,Nashville,6/4/2018 12:00:00 AM,2,6,0,36.165260,-86.794440,I 40,,,,0.00,,,,,,,208.40,N,Not at Intersection,N,Non-Junction,None,,,         ,Melvin,Taylor,Clear,Front to Rear,no,no,no,no,no,False
102033047,METROPOLITAN NASHVILLE POLICE DEPT,20180487375,Davidson,Nashville,6/4/2018 5:25:00 PM,3,0,0,36.188390,-86.793460,I 65,,,,0.00,,,,,,,85.50,N,Not at Intersection,N,Non-Junction,None,,,         ,Andrey,Volfson,Clear,Front to Rear,no,no,no,no,no,False
102033049,METROPOLITAN NASHVILLE POLICE DEPT,20180487597,Davidson,Nashville,6/4/2018 6:59:00 PM,1,0,0,36.175630,-86.605710,I40 E EXT RAMP,,,,800.00,Feet,South,I40 W ENT RAMP,,,,0.00,N,Not at Intersection,Y,Entrance/Exit Ramp Related,None,,,         ,Tyler,Conrads,Clear,Not Collision with Motor Vehicle in Transport,no,no,no,no,no,False
102033069,METROPOLITAN NASHVILLE POLICE DEPT,20180487306,Davidson,Nashville,6/4/2018 4:51:00 PM,2,0,0,36.107590,-86.743530,NOLENSVILLE PKE,,,,0.00,,,TIMMONS ST,,,,0.00,Y,Four-Way,N,Intersection,None,,,         ,Edin,Plancic,Clear,Angle,no,no,no,no,no,False
102033074,METROPOLITAN NASHVILLE POLICE DEPT,20180487282,Davidson,Nashville,6/4/2018 4:41:00 PM,1,1,0,36.244210,-86.780340,BRICK CHURCH PKE,,,,0.00,,,BRICK CHURCH LN,,,,0.00,Y,T-Intersection,N,Non-Junction,None,,,         ,Adam,Nicholson,Clear,Not Collision with Motor Vehicle in Transport,no,no,no,no,no,False
102033076,METROPOLITAN NASHVILLE POLICE DEPT,20180487608,Davidson,Nashville,6/4/2018 6:51:00 PM,2,0,0,36.137200,-86.699670,BRILEY PKWY,,,,0.00,,,GLASTONBURY RD,,,,0.00,Y,Four-Way,N,Intersection-Related,None,,,         ,David,Stanley,Clear,Angle,no,no,no,no,yes,False
102033082,METROPOLITAN NASHVILLE POLICE DEPT,20180487254,Davidson,Nashville,6/4/2018 4:30:00 PM,2,2,0,36.151720,-86.707140,MASSMAN DR,,,,349.00,Feet,West,APPLETON DR,,,,0.00,N,Not at Intersection,N,Non-Junction,None,,,         ,Jessica,Johann,Clear,Other,no,no,no,no,no,False
102033085,METROPOLITAN NASHVILLE POLICE DEPT,20180487596,Davidson,Not in City Limit,6/4/2018 5:15:00 PM,2,0,0,36.261890,-86.732630,S GRAYCROFT AV,,,,937.00,Feet,South,N GRAYCROFT AV,,,,0.00,N,Not at Intersection,N,Non-Junction,None,,,         ,Michael,Quinn,Clear,Front to Rear,no,no,no,no,no,False
102033099,METROPOLITAN NASHVILLE POLICE DEPT,2018-0487701,Davidson,Nashville,6/4/2018 8:00:00 PM,2,0,0,36.159470,-86.774840,DEMONBREUN ST,,,,67.00,Feet,West,3RD AVS,,,,0.00,N,Not at Intersection, ,Non-Junction,None,,,         ,Brandon,O'Guin,Clear,Front to Rear,no,no,no,no,no,False
102033104,METROPOLITAN NASHVILLE POLICE DEPT,20180487227,Davidson,Nashville,6/4/2018 4:24:00 PM,2,1,0,36.128410,-86.713330,MURFREESBORO PKE,,,,127.00,Feet,North,PHILFRE CT,,,,0.00,N,Not at Intersection,N,Non-Junction,None,,,         ,Je-Marc,Sears,Clear,Front to Rear,no,no,no,no,no,False
102033112,METROPOLITAN NASHVILLE POLICE DEPT,20180487543,Davidson,Nashville,6/4/2018 6:03:00 PM,2,1,0,36.187850,-86.821680,ED TEMPLE BLVD,,,,61.00,Feet,South,ROSA L PARKS BLVD,,,,0.00,N,Not at Intersection,N,Non-Junction,None,,,         ,Sara,Lober,Clear,Front to Rear,no,no,no,no,yes,False
102033140,METROPOLITAN NASHVILLE POLICE DEPT,20180487762,Davidson,Not in City Limit,6/4/2018 6:38:00 PM,2,0,0,36.264080,-86.735900,I65 N EXT RAMP,,,,0.00,Feet,East,OLD HICKORY BLVDW,,,,0.00,N,Not at Intersection, ,Non-Junction,None,,,         ,Bradley,Fort,Clear,Front to Rear,no,no,no,no,no,False
102033154,METROPOLITAN NASHVILLE POLICE DEPT,20180487322,Davidson,Nashville,6/4/2018 4:55:00 PM,2,1,0,36.153500,-86.763110,CARROLL ST,,,,311.00,Feet,East,I24 W ENT RAMP,,,,0.00,N,Not at Intersection,N,Non-Junction,None,,,         ,Marvis,Malone,Clear,Angle,no,no,no,no,no,False
102033172,METROPOLITAN NASHVILLE POLICE DEPT,20180487679,Davidson,Nashville,6/4/2018 5:40:00 PM,2,2,0,36.074810,-86.634710,ANDERSON RD,,,,96.00,Feet,East,BELL RD,,,,0.00,N,Not at Intersection,N,Non-Junction,None,,,         ,Ian,Swander,Clear,Angle,no,no,no,no,no,False
102033173,METROPOLITAN NASHVILLE POLICE DEPT,20180487794,Davidson,Nashville,6/4/2018 12:00:00 AM,2,0,0,36.203670,-86.779860,ARTIC AV,,,,800.00,Feet,West,BRICK CHURCH PKE,,,,0.00,N,Not at Intersection, ,Non-Junction,None,,,         ,Melvin,Taylor,Clear,Front to Rear,no,no,no,yes,yes,False
102033181,METROPOLITAN NASHVILLE POLICE DEPT,20180487926,Davidson,Nashville,6/4/2018 8:24:00 PM,2,0,0,36.164920,-86.782420,DEADERICK ST,,,,125.00,Feet,East,6TH AVN,,,,0.00,N,Not at Intersection, ,Non-Junction,None,,,         ,Reginald,Pierre-Paul,Clear,Front to Rear,no,no,no,no,no,False
102033188,METROPOLITAN NASHVILLE POLICE DEPT,20180487287,Davidson,Nashville,6/4/2018 2:30:00 PM,3,0,0,36.208400,-86.692140,OPRYLAND DR,,,,0.00,,,,,,,0.00,,, ,Non-Junction,None,,,         ,Darci,Stechman,Clear,Unknown,no,no,no,yes,no,False
102033212,METROPOLITAN NASHVILLE POLICE DEPT,20180487922,Davidson,Nashville,6/4/2018 9:24:00 PM,1,0,0,36.220650,-86.754480,HART LN,,,,76.00,Feet,West,JONES AV,,,,0.00,N,Not at Intersection,N,Non-Junction,None,,,         ,Gordon,Stovall,Clear,Not Collision with Motor Vehicle in Transport,no,no,no,yes,no,False
102033241,METROPOLITAN NASHVILLE POLICE DEPT,109198161,Davidson,Nashville,6/4/2018 5:30:00 PM,2,0,0,36.081670,-86.629690,BELL RD,,,,106.00,Feet,East,PRIEST LAKE DR,,,,0.00,N,Not at Intersection,N,Non-Junction,None,,,         ,Craig,Gentry,Clear,Front to Rear,no,no,no,no,yes,False
102033242,METROPOLITAN NASHVILLE POLICE DEPT,20180487880,Davidson,Nashville,6/4/2018 9:07:00 PM,2,1,0,36.189140,-86.593260,OLD LEBANON DIRT RD,,,,0.00,,,TULIP GROVE RD,,,,0.00,Y,Four-Way,Y,Intersection,None,,,         ,Craig,Gentry,Clear,Angle,no,no,no,no,no,False
102033243,METROPOLITAN NASHVILLE POLICE DEPT,20180487964,Davidson,Nashville,6/4/2018 12:00:00 AM,1,1,0,36.065390,-86.738470,EDMONDSON PKE,,,,217.00,Feet,North,WHITFIELD PARK PVTDR,,,,0.00,N,Not at Intersection,N,Non-Junction,None,,,         ,David,Robberson,Clear,Not Collision with Motor Vehicle in Transport,yes,no,no,no,yes,False
102033244,METROPOLITAN NASHVILLE POLICE DEPT,20180487882,Davidson,Nashville,6/4/2018 9:10:00 PM,2,1,0,36.048960,-86.664980,I 24,,,,0.00,,,,,,,59.00,N,Not at Intersection,N,Non-Junction,None,,,         ,Patrick,Martin,Clear,Angle,no,no,no,no,no,False
102033249,METROPOLITAN NASHVILLE POLICE DEPT,20180487618,Davidson,Nashville,6/4/2018 6:50:00 PM,2,0,0,36.130390,-86.727690,I 24,,,,0.00,,,,,,,51.15,N,Not at Intersection,N,Non-Junction,None,,,         ,John,Roberson,Clear,"Sideswipe, Same Direction",no,no,no,no,yes,False
102033250,METROPOLITAN NASHVILLE POLICE DEPT,20180487921,Davidson,Nashville,6/4/2018 9:25:00 PM,3,0,0,36.148910,-86.746220,I 40,,,,0.00,,,,,,,211.85,N,Not at Intersection, ,Non-Junction,None,,,         ,Samuel,Sundra,Clear,"Sideswipe, Same Direction",no,no,no,no,no,False
102033295,METROPOLITAN NASHVILLE POLICE DEPT,20180487949,Davidson,Nashville,6/4/2018 7:39:00 PM,2,1,0,36.110940,-86.767210,POWELL AV,,,,0.00,Feet,East,OLD POWELL AV,,,,0.00,N,Not at Intersection,N,Non-Junction,None,,,         ,Gary,Peters,Clear,Angle,no,no,no,no,no,False
102033302,METROPOLITAN NASHVILLE POLICE DEPT,20180488053,Davidson,Nashville,6/4/2018 10:52:00 PM,1,0,0,36.119090,-86.923260,OLD HICKORY BLVD,,,,867.00,Feet,North,CHARLOTTE PKE,,,,0.00,N,Not at Intersection,N,Non-Junction,None,,,         ,Jackson,Smythe,Clear,Not Collision with Motor Vehicle in Transport,no,no,no,no,no,False
102033305,METROPOLITAN NASHVILLE POLICE DEPT,20180488073,Davidson,Nashville,6/4/2018 11:06:00 PM,2,0,0,36.159900,-86.773860,2ND AVS,,,,0.00,,,DEMONBREUN ST,,,,0.00,Y,Four-Way,Y,Intersection,None,,,         ,Blake,Lutz,Clear,Front to Rear,no,no,no,no,no,False
102033306,METROPOLITAN NASHVILLE POLICE DEPT,20180488066,Davidson,Nashville,6/4/2018 10:59:00 PM,1,0,0,36.147900,-86.831360,SUSANNAH DR,,,,68.00,Feet,West,SUSANNAH CT,,,,0.00,N,Not at Intersection,N,Non-Junction,None,,,         ,Michael,Richardson,Clear,Not Collision with Motor Vehicle in Transport,no,no,no,yes,yes,False
102033311,METROPOLITAN NASHVILLE POLICE DEPT,20180487983,Davidson,Nashville,6/4/2018 9:35:00 PM,2,0,0,36.071940,-86.636250,MURFREESBORO PKE,,,,30.00,Feet,North,BELL RD,,,,0.00,N,Not at Intersection, ,Non-Junction,None,,,         ,Jefferson,Hughes,Clear,Front to Rear,no,no,no,no,no,False
102033312,METROPOLITAN NASHVILLE POLICE DEPT,20180488065,Davidson,Nashville,6/4/2018 10:30:00 PM,2,0,0,36.055180,-86.696160,TUSCULUM RD,,,,170.00,Feet,East,OLD TUSCULUM RD,,,,0.00,N,Not at Intersection,N,Non-Junction,None,,,         ,Autumn,Manning,Clear,"Sideswipe, Opposite Direction",no,no,no,no,no,False
102033322,METROPOLITAN NASHVILLE POLICE DEPT,20180488290,Davidson,Not in City Limit,6/5/2018 1:05:00 AM,1,0,0,36.263660,-86.687150,STATE RT 45,,,,0.00,,,ARCHWOOD DR,,,,0.00,Y,Four-Way, ,Intersection,None,,,         ,Michael,Reid,Clear,Not Collision with Motor Vehicle in Transport,no,no,no,no,no,False
102033324,METROPOLITAN NASHVILLE POLICE DEPT,20180488170,Davidson,Nashville,6/4/2018 11:57:00 PM,2,1,0,36.068220,-86.710920,HAYWOOD LN,,,,74.00,Feet,West,FAULKNER DR,,,,0.00,N,Not at Intersection,N,Non-Junction,None,,,         ,Nopel,Stella,Clear,Front to Rear,no,no,no,no,no,False
102033354,METROPOLITAN NASHVILLE POLICE DEPT,20180488561,Davidson,Nashville,6/5/2018 3:02:00 AM,1,1,0,36.111570,-86.745550,NOLENSVILLE PKE,,,,243.00,Feet,North,ELIZABETH ST,,,,0.00,N,Not at Intersection,N,Non-Junction,None,,,         ,Kyle,Burks,Clear,Not Collision with Motor Vehicle in Transport,no,no,no,no,no,False
102033356,METROPOLITAN NASHVILLE POLICE DEPT,20180488467,Davidson,Nashville,6/5/2018 12:00:00 AM,1,0,0,36.147040,-86.822370,I 440,,,,0.00,,,,,,,1.25,N,Not at Intersection,N,Non-Junction,Construction Zone,Laneclosure,Unknown,         ,Courtney,Hester,Clear,Not Collision with Motor Vehicle in Transport,no,no,no,no,no,False
102033393,METROPOLITAN NASHVILLE POLICE DEPT,20180488828,Davidson,Nashville,6/5/2018 5:38:00 AM,2,0,0,36.134020,-86.722560,MURFREESBORO PKE,,,,0.00,,,PLUS PARK BLVD,,,,0.00,Y,T-Intersection,N,Non-Junction,None,,,         ,Ralph,Smith IV,Clear,Front to Rear,no,no,no,no,no,False
102033411,METROPOLITAN NASHVILLE POLICE DEPT,20180488785,Davidson,Not in City Limit,6/5/2018 5:10:00 AM,3,0,0,36.264070,-86.690290,STATE RT 45,,,,0.00,,,MYATT DR,,,,0.00,Y,Four-Way,N,Intersection,None,,,         ,Michael,Reid,Clear,Angle,no,no,no,no,no,False
102033435,GOODLETTSVILLE POLICE DEPT,18-19667,Davidson,Goodlettsville,6/5/2018 7:35:00 AM,2,0,0,36.326900,-86.714290,N MAIN ST,,,,140.00,Feet,North,DEPOT ST,,,,0.00,N,Not at Intersection, ,Non-Junction,None,,,         ,Rico,Jones,Clear,Front to Rear,no,no,no,no,no,False
102033436,Nashville Airport Police,2018-02078,Davidson,Nashville,6/3/2018 1:25:00 PM,2,0,0,36.114590,-86.675560,KNAPP BLVD,,,,135.00,Feet,West,TN AIR NATIONAL GUARD PVTDR,,,,0.00,N,Not at Intersection, ,Non-Junction,None,,,         ,Delphia,Murphy,Clear,Rear to Rear,no,no,no,yes,no,False
102033437,METROPOLITAN NASHVILLE POLICE DEPT,20180486408,Davidson,Nashville,6/4/2018 10:30:00 AM,2,0,0,36.158890,-86.782110,8TH AVS,,,,0.00,,,BROADWAY,,,,0.00,Y,Four-Way, ,,None,,,         ,Cody,O'Quinn,,,no,no,no,no,no,False
102033443,METROPOLITAN NASHVILLE POLICE DEPT,20180488913,Davidson,Nashville,6/5/2018 6:40:00 AM,2,2,0,36.145960,-86.743910,FESSLERS LN,,,,475.00,Feet,North,ELM HILL PKE,,,,0.00,N,Not at Intersection,N,Non-Junction,None,,,         ,Michael,Dance,Clear,Front to Rear,no,no,no,no,no,False
102033455,METROPOLITAN NASHVILLE POLICE DEPT,20180488980,Davidson,Nashville,6/5/2018 7:17:00 AM,2,1,0,36.103010,-86.765560,I 65,,,,0.00,,,,,,,79.25,N,Not at Intersection,N,Non-Junction,None,,,         ,Jon,Mcvey,Clear,Front to Rear,no,no,no,no,no,False
102033473,METROPOLITAN NASHVILLE POLICE DEPT,20180488939,Davidson,Nashville,6/5/2018 7:00:00 AM,2,2,0,36.181800,-86.641570,JACKSON DOWNS BLVD,,,,0.00,,,LEBANON PKE,,,,0.00,Y,Four-Way,Y,Intersection,None,,,         ,Gerry,Hutcheson,Clear,Angle,no,no,no,no,no,False
102033478,GOODLETTSVILLE POLICE DEPT,18-19677,Davidson,Goodlettsville,6/5/2018 8:18:00 AM,1,0,0,36.311890,-86.860650,VIETNAM VETERANS,,SR386,,100.00,Feet,West,,,,,1.60,N,Not at Intersection,N,Non-Junction,Construction Zone,Intermittent Moving Work,Activity Area,         ,Daniel,Knalls,Clear,Not Collision with Motor Vehicle in Transport,no,no,no,no,no,False
102033487,METROPOLITAN NASHVILLE POLICE DEPT,20180489202,Davidson,Nashville,6/5/2018 9:00:00 AM,2,0,0,36.129450,-86.854570,WHITE BRIDGE PKE,,,,0.00,,,TARGET PVTDR,,,,0.00,Y,Four-Way, ,Intersection,None,,,         ,Curtis,Rich,Clear,Angle,no,no,no,no,no,False
102033492,METROPOLITAN NASHVILLE POLICE DEPT,20180489190,Davidson,Nashville,6/5/2018 8:50:00 AM,2,0,0,36.229690,-86.759220,DICKERSON PKE,,,,114.00,Feet,North,BROADMOOR DR,,,,0.00,N,Not at Intersection, ,Non-Junction,None,,,         ,Russell,Freeman,Clear,Front to Rear,no,no,no,no,no,False
102033499,METROPOLITAN NASHVILLE POLICE DEPT,20180489065,Davidson,Nashville,6/5/2018 7:24:00 AM,2,2,0,36.151690,-86.677000,ELM HILL PKE,,,,0.00,,,EMERY DR,,,,0.00,Y,Four-Way, ,Non-Junction,None,,,         ,Ty,Cummings,Clear,"Sideswipe, Opposite Direction",no,no,no,no,no,False
102033525,METROPOLITAN NASHVILLE POLICE DEPT,20180489092,Davidson,Nashville,6/5/2018 8:11:00 AM,3,0,0,36.185990,-86.797100,I65 S EXT RAMP,,,,0.00,Feet,East,I 65,,,,0.00,N,Not at Intersection,N,Entrance/Exit Ramp Related,None,,,         ,Zachary,Carter,Clear,Front to Rear,no,no,no,no,no,False
102033528,METROPOLITAN NASHVILLE POLICE DEPT,20180489336,Davidson,Nashville,6/5/2018 10:13:00 AM,2,0,0,36.182050,-86.811990,DR D B TODD JR BLVD,,,,23.00,Feet,North,SEIFRIED ST,,,,0.00,N,Not at Intersection, ,Non-Junction,None,,,         ,Chase,Burnett,Clear,"Sideswipe, Same Direction",no,no,no,no,no,False
102033540,METROPOLITAN NASHVILLE POLICE DEPT,20180489229,Davidson,Nashville,6/5/2018 9:20:00 AM,2,0,0,36.185970,-86.609160,ANDREW JACKSON PKWY,,,,379.00,Feet,South,JACKSON PASS,,,,0.00,N,Not at Intersection,N,Non-Junction,None,,,         ,Thomas,Odom,Clear,Front to Rear,no,no,no,no,yes,False
102033542,METROPOLITAN NASHVILLE POLICE DEPT,20180489321,Davidson,Nashville,6/5/2018 10:00:00 AM,2,0,0,36.198410,-86.770820,DICKERSON PKE,,,,701.00,Feet,South,GATEWOOD AV,,,,0.00,N,Not at Intersection,N,Non-Junction,None,,,         ,Russell,Freeman,Clear,Angle,no,no,no,no,no,False
102033544,METROPOLITAN NASHVILLE POLICE DEPT,20180489185,Davidson,Nashville,6/5/2018 8:45:00 AM,2,0,0,36.109180,-86.770140,I 65,,,,0.00,,,,,,,79.70,N,Not at Intersection, ,Non-Junction,None,,,         ,Jon,Mcvey,Clear,"Sideswipe, Same Direction",no,no,no,no,no,False
102033545,METROPOLITAN NASHVILLE POLICE DEPT,20180489281,Davidson,Nashville,6/5/2018 9:45:00 AM,2,1,0,36.110460,-86.770540,I440 ENT RAMP,,,,0.00,,East,I 65,,,,0.00,N,Not at Intersection,N,Non-Junction,None,,,         ,Jon,Mcvey,Clear,Front to Rear,no,no,no,no,no,False
102033555,METROPOLITAN NASHVILLE POLICE DEPT,20180489333,Davidson,Nashville,6/5/2018 9:20:00 AM,2,1,0,36.216820,-86.810690,MOORMANS ARM RD,,,,200.00,Feet,West,WALKER LN,,,,0.00,N,Not at Intersection,N,Non-Junction,None,,,         ,Patrick,Taylor,Clear,Angle,no,no,no,no,no,False
102033565,METROPOLITAN NASHVILLE POLICE DEPT,20180489337,Davidson,Nashville,6/5/2018 10:15:00 AM,2,0,0,36.112390,-86.767980,THOMPSON LN,,,,11.00,Feet,East,W IRIS DR,,,,0.00,N,Not at Intersection, ,Non-Junction,None,,,         ,James,Kerrigan,Clear,Front to Rear,no,no,no,no,no,False
102033568,METROPOLITAN NASHVILLE POLICE DEPT,20180489351,Davidson,Nashville,6/5/2018 10:15:00 AM,2,0,0,36.166410,-86.764820,I 24,,,,0.00,,,,,,,49.00,N,Not at Intersection, ,Non-Junction,None,,,         ,Timothy,Skopek,Clear,Front to Rear,no,no,no,no,no,False
102033570,METROPOLITAN NASHVILLE POLICE DEPT,20180489316,Davidson,Nashville,6/5/2018 10:06:00 AM,2,0,0,36.065070,-86.685810,APACHE TRL,,,,0.00,,,PACKARD DR,,,,0.00,Y,T-Intersection,N,Intersection,None,,,         ,Alex,Moore,Clear,Front to Rear,no,no,no,no,yes,False
102033572,THP District 9 - Administrative,318036443,Davidson,Nashville,6/5/2018 8:55:00 AM,2,0,0,36.174100,-86.608520,CENTRAL PKE,,,,0.00,,,FRIST BLVD,,,,0.00,Y,Four-Way,N,Intersection-Related,None,,,         ,Michael,Morgan,Clear,Front to Rear,no,no,no,no,no,False
102033592,METROPOLITAN NASHVILLE POLICE DEPT,20180486899,Davidson,Nashville,6/4/2018 2:15:00 PM,2,2,0,36.040000,-86.712770,NOLENSVILLE PKE,,,,36.00,Feet,North,MILL CREEK WHITTEMORE GRNWY,,,,0.00,N,Not at Intersection,N,Non-Junction,None,,,         ,Jessie,Meadows,Clear,Angle,no,no,no,no,no,False
102033593,METROPOLITAN NASHVILLE POLICE DEPT,20180489061,Davidson,Nashville,6/5/2018 8:10:00 AM,2,0,0,36.098940,-86.710290,I 24,,,,0.00,,,,,,,54.65,N,Not at Intersection, ,Non-Junction,None,,,         ,Jessie,Meadows,Clear,Front to Rear,no,no,no,no,no,False
102033594,METROPOLITAN NASHVILLE POLICE DEPT,20180489126,Davidson,Nashville,6/5/2018 8:03:00 AM,2,0,0,36.070470,-86.684550,ANTIOCH PKE,,,,65.00,Feet,North,HAYWOOD LN,,,,0.00,N,Not at Intersection, ,Non-Junction,None,,,         ,Jessie,Meadows,Clear,Front to Rear,no,no,no,no,no,False
102033595,METROPOLITAN NASHVILLE POLICE DEPT,20180489569,Davidson,Nashville,6/5/2018 12:00:00 PM,2,0,0,36.151920,-86.849900,CHARLOTTE AV,,,,0.00,,,52ND AVN,,,,0.00,Y,Four-Way,N,Intersection,None,,,         ,Curtis,Rich,Clear,Angle,no,no,no,no,no,False
102033596,METROPOLITAN NASHVILLE POLICE DEPT,2018-0489405,Davidson,Nashville,6/5/2018 10:48:00 AM,2,2,0,36.082100,-86.761700,HARDING PL,,,,0.00,,,SIDCO DR,,,,0.00,Y,Four-Way,Y,Entrance/Exit Ramp Related,None,,,         ,Timothy,Edwards,Clear,Angle,no,no,no,no,no,False
102033597,METROPOLITAN NASHVILLE POLICE DEPT,20180489399,Davidson,Nashville,6/5/2018 10:43:00 AM,2,0,0,36.253220,-86.716800,GALLATIN PKES,,,,0.00,,,MADISON SQ,,,,0.00,Y,Four-Way,N,Intersection,None,,,         ,Cyretha,Frazier,Clear,Angle,no,no,no,no,no,False
102033605,METROPOLITAN NASHVILLE POLICE DEPT,20180489510,Davidson,Nashville,6/5/2018 10:45:00 AM,2,0,0,36.155300,-86.811990,CHARLOTTE AV,,,,20.00,Feet,East,25TH AVN,,,,0.00,N,Not at Intersection, ,Non-Junction,None,,,         ,Jon,Mcvey,Clear,"Sideswipe, Same Direction",no,no,no,no,no,False
102033606,METROPOLITAN NASHVILLE POLICE DEPT,20180489497,Davidson,Nashville,6/5/2018 11:12:00 AM,2,0,0,36.180080,-86.606030,OLD HICKORY BLVD,,,,210.00,Feet,North,FRIST BLVD,,,,0.00,N,Not at Intersection, ,Non-Junction,None,,,         ,Torrance,Bennett,Clear,"Sideswipe, Same Direction",no,no,no,no,no,False
102033608,METROPOLITAN NASHVILLE POLICE DEPT,20180489582,Davidson,Nashville,6/5/2018 12:07:00 PM,2,0,0,36.124740,-86.708360,VULTEE BLVD,,,,142.00,Feet,East,MURFREESBORO PKE,,,,0.00,N,Not at Intersection, ,Entrance/Exit Ramp Related,None,,,         ,Michael,Dance,Clear,Front to Rear,no,no,no,no,no,False
102033610,METROPOLITAN NASHVILLE POLICE DEPT,20180489316,Davidson,Nashville,6/5/2018 10:06:00 AM,2,0,0,36.065070,-86.685810,APACHE TRL,,,,0.00,,,PACKARD DR,,,,0.00,Y,T-Intersection,N,Intersection-Related,None,,,         ,Alex,Moore,Clear,Front to Rear,no,no,no,no,yes,False
102033618,METROPOLITAN NASHVILLE POLICE DEPT,20180489452,Davidson,Nashville,6/5/2018 10:42:00 AM,3,1,0,36.252550,-86.717260,GALLATIN PKES,,,,263.00,Feet,North,MADISON SQ,,,,0.00,N,Not at Intersection,N,Non-Junction,None,,,         ,Brandon,Wood,Clear,Front to Rear,no,no,no,no,no,False
102033620,METROPOLITAN NASHVILLE POLICE DEPT,20180486369,Davidson,Nashville,6/5/2018 10:29:00 AM,2,0,0,36.081580,-86.701700,LINBAR DR,,,,116.00,Feet,South,WALLACE RD,,,,0.00,N,Not at Intersection,N,Non-Junction,None,,,         ,Jessie,Meadows,Clear,"Sideswipe, Same Direction",no,no,no,yes,yes,False
102033651,METROPOLITAN NASHVILLE POLICE DEPT,20180489618,Davidson,Nashville,6/5/2018 12:30:00 PM,2,0,0,36.195740,-86.732650,CAHAL AV,,,,0.00,,,SCOTT AV,,,,0.00,Y,Four-Way,N,Intersection,None,,,         ,Russell,Freeman,Clear,Angle,no,no,no,no,no,False
102033658,METROPOLITAN NASHVILLE POLICE DEPT,20180489613,Davidson,Nashville,6/5/2018 8:45:00 AM,1,0,0,36.121600,-86.751230,I440 E EXT RAMP,,,,0.00,Feet,East,I 440,,,,0.00,N,Not at Intersection,N,Non-Junction,None,,,         ,Earl,Davis,Clear,Not Collision with Motor Vehicle in Transport,no,no,no,no,no,False
102033685,METROPOLITAN NASHVILLE POLICE DEPT,20180489695,Davidson,Nashville,6/5/2018 1:10:00 PM,2,0,0,36.125380,-86.847090,HARDING PKE,,,,218.00,Feet,East,WOODMONT BLVD,,,,0.00,N,Not at Intersection, ,Non-Junction,None,,,         ,Curtis,Rich,Clear,Angle,no,no,no,no,no,False
102033690,METROPOLITAN NASHVILLE POLICE DEPT,20180489347,Davidson,Nashville,6/5/2018 10:00:00 AM,1,0,0,36.189710,-86.773850,WHITES CREEK PKE,,,,300.00,Feet,West,DICKERSON PKE,,,,0.00,N,Not at Intersection, ,Non-Junction,None,,,         ,Erik,Nash,Clear,Not Collision with Motor Vehicle in Transport,no,no,no,no,yes,False
102033692,METROPOLITAN NASHVILLE POLICE DEPT,20180489170,Davidson,Nashville,6/5/2018 10:45:00 AM,2,0,0,36.066640,-86.686500,I 24,,,,0.00,,,,,,,57.25,N,Not at Intersection, ,Non-Junction,None,,,         ,Jessie,Meadows,Clear,Front to Rear,no,no,no,no,no,False
102033711,METROPOLITAN NASHVILLE POLICE DEPT,20180489540,Davidson,Nashville,6/5/2018 9:10:00 AM,2,0,0,36.041170,-86.746480,OLD HICKORY BLVD,,,,488.00,Feet,East,BRENTWOOD MEADOWS CIR,,,,0.00,N,Not at Intersection, ,Non-Junction,None,,,         ,James,Kerrigan,Clear,Front to Rear,no,no,no,no,no,False
102033713,METROPOLITAN NASHVILLE POLICE DEPT,20180489575,Davidson,Nashville,6/5/2018 8:39:00 AM,2,0,0,36.192970,-86.830110,CLARKSVILLE PKE,,,,390.00,Feet,West,CLIFF DR,,,,0.00,N,Not at Intersection, ,Non-Junction,None,,,         ,Raymond,Heymann,Clear,"Sideswipe, Same Direction",no,no,no,no,no,False
102033735,METROPOLITAN NASHVILLE POLICE DEPT,20180489735,Davidson,Nashville,6/5/2018 1:10:00 PM,2,1,0,36.144810,-86.860650,BURGESS AV,,,,126.00,Feet,East,BELLMORE AV,,,,0.00,N,Not at Intersection,N,Non-Junction,None,,,         ,Brian,Myatt,Clear,Angle,no,no,no,no,no,False
102033736,BERRY HILL POLICE DEPT,18-1898,Davidson,Berry Hill,6/5/2018 12:00:00 AM,2,0,0,36.118860,-86.774590,FRANKLIN PKE,,,,0.00,,,BERRY RD,,,,0.00,Y,Four-Way, ,Intersection-Related,None,,,         ,John,Gleixner,Cloudy,Front to Rear,no,no,no,no,no,False
102033744,METROPOLITAN NASHVILLE POLICE DEPT,2018489502,Davidson,Nashville,6/5/2018 11:30:00 AM,2,0,0,36.160760,-86.781880,COMMERCE ST,,,,0.00,,,7TH AVN,,,,0.00,Y,OTHER, ,OtherLocation,None,,,         ,Frank,Campbell,Clear,Angle,no,no,no,no,no,False
102033781,METROPOLITAN NASHVILLE POLICE DEPT,20180489857,Davidson,Nashville,6/5/2018 2:40:00 PM,2,0,0,36.153020,-86.857240,I40 W EXT RAMP,,,,122.00,Feet,East,I 40,,,,0.00,N,Not at Intersection, ,Entrance/Exit Ramp Related,None,,,         ,Michael,Dance,Clear,Front to Rear,no,no,no,no,no,False