master_record_number,agency,agency_tracking_number,county,city,collision_date,vehicles_involved,number_injured,number_dead,latitude,longitude,roadway_name,roadway_suffix,roadway_number,roadway_local_id,distance_from_reference,miles-feet_indicator,direction_from_reference,intersection_road_name,intersection_road_name_suffix,intersection_road_number,intersection_local_id,mile_marker,intersection_indicator,intersect_type,interchange_related_indicator,relation_to_junction,work_zone_type,construction_maintenance_zone,construction_maintenance_zone_location,fatal_case_number,officer_first_name,officer_last_name,weather_condition(s),manner_of_crash,pedestrian,bicycle,scooter,parking,hitrun,mou
102033797,METROPOLITAN NASHVILLE POLICE DEPT,20180489715,Davidson,Nashville,6/5/2018 1:07:00 PM,2,0,0,36.141030,-86.778590,8TH AVS,,,,105.00,Feet,North,VERNON AV,,,,0.00,N,Not at Intersection,N,Non-Junction,None,,,         ,Jon,Mcvey,Clear,Front to Rear,no,no,no,no,no,False
102033800,METROPOLITAN NASHVILLE POLICE DEPT,20180489773,Davidson,Whites Creek,6/5/2018 1:48:00 PM,1,1,0,36.270690,-86.831690,WHITES CREEK PKE,,,,1835.00,Feet,North,OLD HICKORY BLVD,,,,0.00,N,Not at Intersection,N,Non-Junction,None,,,         ,Cyretha,Frazier,Clear,Not Collision with Motor Vehicle in Transport,no,no,no,no,no,False
102033812,METROPOLITAN NASHVILLE POLICE DEPT,20180489632,Davidson,Nashville,6/5/2018 12:05:00 PM,4,2,0,36.121460,-86.750450,NOLENSVILLE PKE,,,,110.00,Feet,South,I440 E ENT RAMP,,,,0.00,N,Not at Intersection,N,Non-Junction,None,,,         ,Brent,Bauer,Clear,Front to Rear,no,no,no,no,no,False
102033817,METROPOLITAN NASHVILLE POLICE DEPT,2018-0489724,Davidson,Nashville,6/5/2018 11:15:00 AM,2,0,0,36.113950,-86.810880,WOODMONT BLVD,,,,0.00,,,HILLSBORO PKE,,,,0.00,Y,Four-Way, ,Intersection,None,,,         ,Timothy,Edwards,Clear,Front to Rear,no,no,no,no,yes,False
102033822,METROPOLITAN NASHVILLE POLICE DEPT,20180489878,Davidson,Nashville,6/5/2018 2:23:00 PM,2,0,0,36.163180,-86.761660,I 24,,,,0.00,,,,,,,49.25,N,Not at Intersection,N,Non-Junction,None,,,         ,Richard,Conger,Clear,"Sideswipe, Same Direction",no,no,no,no,yes,False
102033828,METROPOLITAN NASHVILLE POLICE DEPT,20180489860,Davidson,Nashville,6/5/2018 3:09:00 PM,2,0,0,36.201020,-86.617950,LEBANON PKE,,,,95.00,Feet,South,TYLER DR,,,,0.00,N,Not at Intersection,N,Non-Junction,None,,,         ,Thomas,Odom,Clear,Angle,no,no,no,no,yes,False
102033829,METROPOLITAN NASHVILLE POLICE DEPT,20180489931,Davidson,Nashville,6/5/2018 3:11:00 PM,2,0,0,36.154480,-86.779440,8TH AVS,,,,104.00,Feet,West,LAFAYETTE ST,,,,0.00,N,Not at Intersection, ,Non-Junction,None,,,         ,Seth,Quiles,Clear,Angle,no,no,no,no,no,False
102033853,METROPOLITAN NASHVILLE POLICE DEPT,20180489979,Davidson,Nashville,6/5/2018 12:00:00 AM,2,0,0,36.163450,-86.810010,HERMOSA ST,,,,408.00,Feet,North,24TH AVN,,,,0.00,N,Not at Intersection, ,Non-Junction,None,,,         ,Melvin,Taylor,Clear,"Sideswipe, Opposite Direction",no,no,no,no,no,False
102033860,METROPOLITAN NASHVILLE POLICE DEPT,20180489909,Davidson,Nashville,6/5/2018 2:05:00 PM,2,0,0,36.154730,-86.818470,28TH AVN,,,,300.00,Feet,North,CHARLOTTE AV,,,,0.00,N,Not at Intersection,N,Non-Junction,None,,,         ,Eric,Burford,Clear,"Sideswipe, Same Direction",no,no,no,no,yes,False
102033863,METROPOLITAN NASHVILLE POLICE DEPT,20180489886,Davidson,Nashville,6/5/2018 2:01:00 PM,2,0,0,36.154370,-86.808710,23RD AVN,,,,118.00,Feet,South,LESLIE AV,,,,0.00,N,Not at Intersection,N,Non-Junction,None,,,         ,Ryan,Cagle,Clear,Angle,no,no,no,no,no,False
102033864,METROPOLITAN NASHVILLE POLICE DEPT,20180490066,Davidson,Nashville,6/5/2018 4:00:00 PM,2,0,0,36.140730,-86.732280,I 40,,,,0.00,,,,,,,213.00,N,Not at Intersection,Y,Non-Junction,None,,,         ,Tyler,Conrads,Clear,Front to Rear,no,no,no,no,yes,False
102033866,METROPOLITAN NASHVILLE POLICE DEPT,20180489987,Davidson,Nashville,6/5/2018 3:25:00 PM,2,0,0,36.151490,-86.786470,I 40,,,,0.00,,,,,,,209.50,N,Not at Intersection, ,,None,,,         ,Gregory,Scott,,,no,no,no,no,no,False
102033871,METROPOLITAN NASHVILLE POLICE DEPT,20180489973,Davidson,Nashville,6/5/2018 3:25:00 PM,2,0,0,36.230580,-86.767290,EWING DR,,,,420.00,Feet,West,RICH ACRES DR,,,,0.00,N,Not at Intersection, ,"Driveway, Alley Access, etc",None,,,         ,Doyle,Price,Clear,Angle,no,no,no,no,no,False
102033878,VANDERBILT UNIVERSITY POLICE,18-0489990,Davidson,Nashville,6/5/2018 3:00:00 PM,2,0,0,36.139500,-86.805100,24TH AVS,,,,75.00,Feet,North,CHILDRENS WAY,,,,0.00,N,Not at Intersection, ,Non-Junction,None,,,         ,Ray,Stanard,Clear,"Sideswipe, Same Direction",no,no,no,no,no,Campus
102033881,METROPOLITAN NASHVILLE POLICE DEPT,20180490087,Davidson,Nashville,6/5/2018 4:12:00 PM,2,0,0,36.141320,-86.716630,I 40,,,,0.00,,,,,,,213.85,N,Not at Intersection, ,,None,,,         ,Thomas,Barnes,,,no,no,no,no,no,False
102033886,METROPOLITAN NASHVILLE POLICE DEPT,20180489217,Davidson,Nashville,6/5/2018 8:50:00 AM,2,0,0,36.043370,-86.631870,MT VIEW RD,,,,291.00,Feet,West,OLD FRANKLIN RD,,,,0.00,N,Not at Intersection,N,Non-Junction,None,,,         ,Jessie,Meadows,Clear,Angle,no,no,no,no,no,False
102033888,METROPOLITAN NASHVILLE POLICE DEPT,20180489838,Davidson,Nashville,6/5/2018 2:35:00 PM,1,1,0,36.112290,-86.709250,BRILEY PKWYS,,,,136.00,Feet,East,BRILEY PKWYN,,,,0.00,N,Not at Intersection,N,Non-Junction,None,,,         ,Jessie,Meadows,Clear,Not Collision with Motor Vehicle in Transport,no,no,no,no,no,False
102033894,METROPOLITAN NASHVILLE POLICE DEPT,20180490005,Davidson,Nashville,6/5/2018 3:41:00 PM,2,2,0,36.175010,-86.784680,3RD AVN,,,,0.00,,,JEFFERSON ST,,,,0.00,Y,Four-Way,N,Intersection,None,,,         ,Jim,Crissman,Clear,Front to Rear,no,no,no,no,no,False
102033903,METROPOLITAN NASHVILLE POLICE DEPT,20180490215,Davidson,Nashville,6/5/2018 4:27:00 PM,2,0,0,36.135730,-86.725060,I24 W EXT RAMP,,,,0.00,,,SPENCE LN,,,,0.00,Y,Four-Way, ,Intersection-Related,None,,,         ,Tyler,Conrads,Clear,Angle,no,no,no,no,no,False
102033924,METROPOLITAN NASHVILLE POLICE DEPT,2018-0489900,Davidson,Nashville,6/5/2018 2:14:00 PM,2,0,0,36.151800,-86.771250,4TH AVS,,,,0.00,,,LAFAYETTE ST,,,,0.00,Y,Four-Way, ,Intersection,None,,,         ,Brandon,O'Guin,Clear,Angle,no,no,no,no,no,False
102033931,METROPOLITAN NASHVILLE POLICE DEPT,20180490189,Davidson,Nashville,6/5/2018 4:00:00 PM,2,0,0,36.148110,-86.666300,DONELSON PKE,,,,252.00,Feet,South,ELM HILL PKE,,,,0.00,N,Not at Intersection, ,Non-Junction,None,,,         ,Marvis,Malone,Clear,Angle,no,no,no,no,no,False
102033955,METROPOLITAN NASHVILLE POLICE DEPT,20180490309,Davidson,Nashville,6/5/2018 12:00:00 AM,2,0,0,36.185780,-86.797840,I65 S EXT RAMP,,,,0.00,Feet,East,I 65,,,,0.00,N,Not at Intersection, ,Non-Junction,None,,,         ,Melvin,Taylor,Clear,Front to Rear,no,no,no,no,no,False
102033958,METROPOLITAN NASHVILLE POLICE DEPT,20180490354,Davidson,Nashville,6/5/2018 5:47:00 PM,2,1,0,36.134340,-86.780980,WEDGEWOOD AV,,,,0.00,Feet,West,ACKLEN AV,,,,0.00,N,Not at Intersection,N,Non-Junction,None,,,         ,Randall,Ward,Clear,Front to Rear,no,no,no,no,no,False
102033962,METROPOLITAN NASHVILLE POLICE DEPT,20180489832,Davidson,Nashville,6/5/2018 5:00:00 PM,2,0,0,36.045280,-86.628400,MT VIEW RD,,,,0.00,Feet,East,ASHEFORD TRC,,,,0.00,N,Not at Intersection, ,Non-Junction,None,,,         ,Aimee,Ortiz,Clear,Front to Rear,no,no,no,no,no,False
102033963,METROPOLITAN NASHVILLE POLICE DEPT,20180490119,Davidson,Nashville,6/4/2018 12:00:00 AM,2,0,0,36.137150,-86.809700,BELCOURT AV,,,,403.00,Feet,East,NATCHEZ TRC,,,,0.00,N,Not at Intersection, ,Non-Junction,None,,,         ,Darryl,Williams,Clear,Angle,no,no,no,no,yes,Campus
102033964,METROPOLITAN NASHVILLE POLICE DEPT,20180490202,Davidson,Not in City Limit,6/5/2018 5:00:00 PM,2,1,0,36.269260,-86.755740,OLD HICKORY BLVDW,,,,0.00,Feet,,DICKERSON PKE,,,,0.00,Y,Four-Way,N,Intersection,None,,,         ,John,Frazier,Clear,Angle,no,no,no,no,no,False
102033965,METROPOLITAN NASHVILLE POLICE DEPT,2018-0489975,Davidson,Nashville,6/5/2018 3:28:00 PM,2,1,0,36.126600,-86.814860,I 440,,,,0.00,,,,,,,2.25,N,Not at Intersection,N,Non-Junction,None,,,         ,Ryan,Allen,Clear,Front to Rear,no,no,no,no,no,False
102033966,METROPOLITAN NASHVILLE POLICE DEPT,2018-0490086,Davidson,Nashville,6/5/2018 3:57:00 PM,2,1,0,36.150640,-86.855940,CHARLOTTE PKE,,,,440.00,Feet,East,ORLANDO AV,,,,0.00,N,Not at Intersection,N,Non-Junction,None,,,         ,Ryan,Allen,Clear,"Sideswipe, Same Direction",no,no,no,no,no,False
102033967,METROPOLITAN NASHVILLE POLICE DEPT,2018-0490369,Davidson,Nashville,6/5/2018 4:50:00 PM,2,0,0,36.053920,-86.898690,OLD HICKORY BLVD,,,,0.00,,,GAUCHO ROAD PVTDR,,,,0.00,Y,Four-Way, ,Intersection,None,,,         ,Ryan,Allen,Clear,Front to Rear,no,no,no,no,no,False
102033979,VANDERBILT UNIVERSITY POLICE,20180490345,Davidson,Nashville,6/5/2018 5:35:00 PM,2,0,0,36.143840,-86.806650,25TH AVS,,,,0.00,,,,,,,0.00,,, ,Non-Junction,None,,,         ,William,West,Clear,Angle,no,no,no,yes,no,Campus
102033980,METROPOLITAN NASHVILLE POLICE DEPT,2018490144,Davidson,Nashville,6/5/2018 4:30:00 PM,2,0,0,36.088520,-86.690130,HARDING PL,,,,731.00,Feet,East,ANTIOCH PKE,,,,0.00,N,Not at Intersection, ,Non-Junction,None,,,         ,Ryan,Hampton,Clear,Front to Rear,no,no,no,no,no,False
102033992,METROPOLITAN NASHVILLE POLICE DEPT,20180490470,Davidson,Nashville,6/5/2018 12:00:00 AM,2,0,0,36.169090,-86.809600,21ST AVN,,,,0.00,,,JEFFERSON ST,,,,0.00,Y,Four-Way, ,Intersection-Related,None,,,         ,Russell,Jones,Clear,Front to Rear,no,no,no,no,no,False
102033994,METROPOLITAN NASHVILLE POLICE DEPT,20180490653,Davidson,Nashville,6/5/2018 7:44:00 PM,1,0,0,36.135830,-86.727640,I24 E EXT RAMP,,,,0.00,Feet,East,I 24,,,,0.00,N,Not at Intersection,N,Non-Junction,None,,,         ,Samuel,Sundra,Clear,Not Collision with Motor Vehicle in Transport,no,no,no,no,no,False
102033997,METROPOLITAN NASHVILLE POLICE DEPT,20180490627,Davidson,Nashville,6/5/2018 7:25:00 PM,2,0,0,36.082100,-86.761700,HARDING PL,,,,0.00,,,SIDCO DR,,,,0.00,Y,Four-Way, ,Intersection-Related,None,,,         ,Randall,Ward,Clear,Front to Rear,no,no,no,no,no,False
102034007,METROPOLITAN NASHVILLE POLICE DEPT,20180490355,Davidson,Nashville,6/5/2018 5:21:00 PM,1,0,0,36.157920,-86.829410,CLIFTON AV,,,,26.00,Feet,East,INDIANA AV,,,,0.00,N,Not at Intersection,N,Non-Junction,None,,,         ,Christopher,Lawson,Clear,Not Collision with Motor Vehicle in Transport,no,no,no,no,no,False
102034010,METROPOLITAN NASHVILLE POLICE DEPT,20180489915,Davidson,Nashville,6/5/2018 1:28:00 PM,1,0,0,36.033570,-86.764040,MANASSAS DR,,,,0.00,,,FREDERICKSBURG WAYE,,,,0.00,Y,T-Intersection,Y,Intersection,None,,,         ,Brandon,Hughes,Clear,Not Collision with Motor Vehicle in Transport,no,no,no,no,no,False
102034012,METROPOLITAN NASHVILLE POLICE DEPT,20180490274,Davidson,Nashville,6/5/2018 3:00:00 PM,2,1,0,36.094340,-86.654620,RICE AV,,,,127.00,Feet,North,FRANKLIN LIMESTONE RD,,,,0.00,N,Not at Intersection,N,Non-Junction,None,,,         ,Marcus,Darden,Clear,Other,no,no,no,no,yes,False
102034014,METROPOLITAN NASHVILLE POLICE DEPT,20180490536,Davidson,Nashville,6/5/2018 5:00:00 PM,2,0,0,36.082100,-86.761700,HARDING PL,,,,0.00,,,SIDCO DR,,,,0.00,Y,Four-Way,N,Intersection,None,,,         ,Edin,Plancic,Clear,Angle,no,no,no,no,yes,False
102034016,METROPOLITAN NASHVILLE POLICE DEPT,20180490403,Davidson,Nashville,6/5/2018 3:30:00 PM,2,0,0,36.143040,-86.666650,DONELSON PKE,,,,272.00,Feet,North,I40 W ENT RAMP,,,,0.00,N,Not at Intersection,N,Non-Junction,None,,,         ,Carey,Steel,Clear,Angle,no,no,no,no,yes,False
102034025,METROPOLITAN NASHVILLE POLICE DEPT,20180490471,Davidson,Nashville,6/5/2018 6:30:00 PM,2,1,0,36.174190,-86.604230,CENTRAL PKE,,,,0.00,Feet,North,SHURGARD WAY,,,,0.00,N,Not at Intersection,N,Non-Junction,None,,,         ,Keiara,Ward,Clear,Angle,no,no,no,no,no,False
102034026,METROPOLITAN NASHVILLE POLICE DEPT,20180490526,Davidson,Nashville,6/5/2018 5:30:00 PM,1,1,0,36.207010,-86.694500,OPRY MILLS DR,,,,1526.00,Feet,West,OPRYLAND DR,,,,0.00,N,Not at Intersection,N,Non-Junction,None,,,         ,Darci,Stechman,Clear,Not Collision with Motor Vehicle in Transport,yes,no,no,yes,no,False
102034027,METROPOLITAN NASHVILLE POLICE DEPT,20180490560,Davidson,Nashville,6/5/2018 7:08:00 PM,1,1,0,36.152450,-86.834860,CHARLOTTE AV,,,,0.00,,,40TH AVN,,,,0.00,Y,Four-Way,N,Intersection,None,,,         ,Ryan,Allen,Clear,Not Collision with Motor Vehicle in Transport,no,yes,no,no,no,False
102034052,METROPOLITAN NASHVILLE POLICE DEPT,20180490625,Davidson,Nashville,6/5/2018 7:24:00 PM,2,0,0,36.149640,-86.876490,AMERICAN RD,,,,0.00,,,THUNDERBIRD DR,,,,0.00,Y,Four-Way,Y,Intersection,None,,,         ,Kyle,Eicholtz,Clear,Angle,no,no,no,no,no,False
102034057,METROPOLITAN NASHVILLE POLICE DEPT,20180490104,Davidson,Not in City Limit,6/5/2018 4:15:00 PM,2,2,0,36.102530,-86.551630,HOBSON PKE,,,,240.00,Feet,South,BAKERS GROVE LN,,,,0.00,N,Not at Intersection,N,Non-Junction,None,,,         ,Hillary,Sherman,Clear,Front to Rear,no,no,no,no,no,False
102034058,METROPOLITAN NASHVILLE POLICE DEPT,20180490473,Davidson,Nashville,6/5/2018 5:23:00 PM,2,0,0,36.044630,-86.659460,I24 E ENT RAMP,,,,0.00,,,I 24,,,,0.00,Y,Y-Intersection, ,,None,,,         ,Hillary,Sherman,,,no,no,no,no,no,False
102034064,METROPOLITAN NASHVILLE POLICE DEPT,20180490535,Davidson,Not in City Limit,6/5/2018 6:40:00 PM,2,0,0,36.325770,-86.868730,I24 W EXT RAMP,,,,0.00,Feet,East,I 24,,,,0.00,N,Not at Intersection, ,Non-Junction,None,,,         ,Jerry,Pirtle,Clear,Front to Rear,no,no,no,no,no,False
102034069,METROPOLITAN NASHVILLE POLICE DEPT,20180490338,Davidson,Nashville,6/5/2018 5:50:00 PM,2,0,0,36.112890,-86.689010,MURFREESBORO PKE,,,,0.00,Feet,West,MCGAVOCK PKE,,,,0.00,N,Not at Intersection, ,Non-Junction,None,,,         ,Aimee,Ortiz,Clear,"Sideswipe, Same Direction",no,no,no,no,no,False
102034070,METROPOLITAN NASHVILLE POLICE DEPT,20180490251,Davidson,Nashville,6/5/2018 2:45:00 PM,2,0,0,36.121470,-86.696690,BRILEY PKWYN,,,,16.00,Feet,South,BRILEY PKWY,,,,0.00,N,Not at Intersection, ,Non-Junction,None,,,         ,Kimberly,Annson,Clear,"Sideswipe, Same Direction",no,no,no,no,no,False
102034071,METROPOLITAN NASHVILLE POLICE DEPT,20180489884,Davidson,Nashville,6/5/2018 2:45:00 PM,2,2,0,36.075010,-86.662540,UNA ANTIOCH PKE,,,,0.00,,,BILLINGSGATE RD,,,,0.00,Y,T-Intersection,N,Intersection,None,,,         ,Matthew,Turppa,Clear,Angle,no,no,no,no,yes,False
102034072,METROPOLITAN NASHVILLE POLICE DEPT,20180490294,Davidson,Nashville,6/5/2018 3:00:00 PM,2,0,0,36.045370,-86.713260,NOLENSVILLE PKE,,,,0.00,,,OLD HICKORY BLVD,,,,0.00,Y,Four-Way,N,Intersection,None,,,         ,Matthew,Turppa,Clear,Front to Rear,no,no,no,no,yes,False
102034073,METROPOLITAN NASHVILLE POLICE DEPT,20180490503,Davidson,Nashville,6/5/2018 5:59:00 PM,2,0,0,36.079280,-86.727280,HARDING PL,,,,308.00,Feet,West,NOLENSVILLE PKE,,,,0.00,N,Not at Intersection,N,Non-Junction,None,,,         ,Brandon,Hughes,Clear,Angle,no,no,no,no,no,False
102034077,METROPOLITAN NASHVILLE POLICE DEPT,20180490617,Davidson,Nashville,6/5/2018 7:25:00 PM,2,0,0,36.189140,-86.593260,OLD LEBANON DIRT RD,,,,0.00,Feet,East,TULIP GROVE RD,,,,0.00,N,Not at Intersection,Y,Non-Junction,None,,,         ,Keiara,Ward,Clear,Angle,no,no,no,no,no,False
102034085,METROPOLITAN NASHVILLE POLICE DEPT,20180490078,Davidson,Nashville,6/5/2018 12:00:00 AM,2,0,0,36.047740,-86.652290,HICKORY HOLLOW LN,,,,586.00,Feet,South,BELL RD,,,,0.00,N,Not at Intersection,N,Non-Junction,None,,,         ,Patrick,Martin,Clear,Unknown,no,no,no,yes,yes,False
102034131,METROPOLITAN NASHVILLE POLICE DEPT,20180490572,Davidson,Nashville,6/5/2018 6:32:00 PM,3,1,0,36.156870,-86.780840,8TH AVS,,,,0.00,,,DEMONBREUN ST,,,,0.00,Y,Four-Way, ,Intersection,None,,,         ,Joseph,Bingham,Clear,"Sideswipe, Same Direction",no,no,no,no,no,False
102034139,METROPOLITAN NASHVILLE POLICE DEPT,20180490003,Davidson,Goodlettsville,6/5/2018 3:37:00 PM,2,0,0,36.299790,-86.696600,GALLATIN PKEN,,,,0.00,,,CUDE LN,,,,0.00,Y,Four-Way, ,Intersection,None,,,         ,Joel,Callies,Clear,Front to Rear,no,no,no,no,no,False
102034140,METROPOLITAN NASHVILLE POLICE DEPT,2018-0489964,Davidson,Nashville,6/5/2018 3:19:00 PM,4,0,0,36.176780,-86.774580,N 1ST ST,,,,48.00,Feet,South,SPRING ST,,,,0.00,N,Not at Intersection,N,Non-Junction,None,,,         ,Brandon,O'Guin,Clear,Front to Rear,no,no,no,no,no,False
102034143,METROPOLITAN NASHVILLE POLICE DEPT,20180490666,Davidson,Not in City Limit,6/5/2018 7:00:00 PM,2,1,0,36.073910,-86.926270,HIGHWAY 70S,,,,0.00,,,HICKS RD,,,,0.00,Y,Four-Way,N,Non-Junction,None,,,         ,Alex,Lampley,Clear,"Sideswipe, Opposite Direction",no,no,no,no,yes,False
102034160,METROPOLITAN NASHVILLE POLICE DEPT,20180490944,Davidson,Nashville,6/4/2018 8:19:00 PM,2,0,0,36.079520,-86.644270,EDGE O LAKE DR,,,,0.00,,,,,,,0.00,,,N,Non-Junction,None,,,         ,Seth,Vaughn,Clear,Front to Rear,no,no,no,yes,yes,False
102034163,METROPOLITAN NASHVILLE POLICE DEPT,2018-0490842,Davidson,Nashville,6/5/2018 9:01:00 PM,2,0,0,36.151660,-86.861130,I 40,,,,0.00,,,,,,,203.80,N,Not at Intersection,N,Non-Junction,None,,,         ,Ryan,Allen,Clear,Front to Rear,no,no,no,no,no,False
102034171,METROPOLITAN NASHVILLE POLICE DEPT,20180491030,Davidson,Nashville,6/5/2018 10:03:00 PM,2,1,0,36.226310,-86.603190,SAUNDERSVILLE RD,,,,0.00,,,SHUTE LN,,,,0.00,Y,T-Intersection,Y,Intersection,None,,,         ,Craig,Gentry,Clear,HeadOn,no,no,no,no,yes,False
102034192,METROPOLITAN NASHVILLE POLICE DEPT,20180491048,Davidson,Nashville,6/5/2018 12:00:00 AM,1,1,0,36.165570,-86.778600,3RD AVN,,,,0.00,,,UNION ST,,,,0.00,Y,Four-Way,Y,Intersection,None,,,         ,Trevor,Taylor,Clear,Not Collision with Motor Vehicle in Transport,yes,no,no,no,no,False
102034266,METROPOLITAN NASHVILLE POLICE DEPT,20180491595,Davidson,Not in City Limit,6/6/2018 1:20:00 AM,1,0,0,36.326730,-86.885900,I 24,,,,0.00,,,,,,,34.00,N,Not at Intersection, ,Non-Junction,None,,,         ,Armonty,Houston,Clear,Not Collision with Motor Vehicle in Transport,no,no,no,no,no,False
102034305,METROPOLITAN NASHVILLE POLICE DEPT,20180491853,Davidson,Nashville,6/6/2018 4:28:00 AM,1,0,0,36.134150,-86.703030,MASSMAN DR,,,,265.00,Feet,North,GLASTONBURY RD,,,,0.00,N,Not at Intersection,N,Non-Junction,None,,,         ,Ralph,Smith IV,Clear,Not Collision with Motor Vehicle in Transport,no,no,no,no,no,False
102034348,METROPOLITAN NASHVILLE POLICE DEPT,20180491995,Davidson,Nashville,6/6/2018 6:09:00 AM,2,1,0,36.153850,-86.769950,2ND AVS,,,,127.00,Feet,South,ELM ST,,,,0.00,N,Not at Intersection,N,Non-Junction,None,,,         ,John,Anderson,Clear,"Sideswipe, Same Direction",no,no,no,no,no,False
102034385,METROPOLITAN NASHVILLE POLICE DEPT,20180492093,Davidson,Nashville,6/6/2018 6:40:00 AM,2,0,0,36.040900,-86.779380,OLD HICKORY BLVD,,,,0.00,,,FRANKLIN PIKE CIR,,,,0.00,Y,Four-Way, ,Intersection-Related,None,,,         ,Earl,Davis,Clear,Front to Rear,no,no,no,no,no,False
102034404,METROPOLITAN NASHVILLE POLICE DEPT,20180492066,Davidson,Nashville,6/6/2018 6:40:00 AM,2,0,0,36.153090,-86.765210,I 40,,,,0.00,,,,,,,210.70,N,Not at Intersection, ,Non-Junction,None,,,         ,Timothy,Skopek,Clear,Front to Rear,no,no,no,no,no,False
102034413,METROPOLITAN NASHVILLE POLICE DEPT,20180492070,Davidson,Antioch,6/6/2018 6:55:00 AM,2,0,0,36.068400,-86.585480,HOBSON PKE,,,,85.00,Feet,West,SMITH SPRINGS PKWY,,,,0.00,N,Not at Intersection,N,Non-Junction,None,,,         ,Jessie,Meadows,Clear,Angle,no,no,no,no,no,False
102034414,METROPOLITAN NASHVILLE POLICE DEPT,20180492090,Davidson,Nashville,6/6/2018 6:55:00 AM,2,1,0,36.187430,-86.773360,CLEVELAND ST,,,,0.00,Feet,,DICKERSON PKE,,,,0.00,Y,Four-Way,N,Intersection,None,,,         ,Erik,Nash,Clear,Angle,no,no,no,no,no,False
102034422,METROPOLITAN NASHVILLE POLICE DEPT,20180492157,Davidson,Nashville,6/6/2018 7:31:00 AM,2,0,0,36.044580,-86.658910,I24 E ENT RAMP,,,,0.00,,,I 24,,,,0.00,Y,OTHER, ,Intersection-Related,None,,,         ,Stephen,Soule,Clear,"Sideswipe, Same Direction",no,no,no,no,no,False
102034427,VANDERBILT UNIVERSITY POLICE,20180492186,Davidson,Nashville,6/6/2018 7:15:00 AM,2,0,0,36.139430,-86.804180,CHILDRENS WAY,,,,0.00,,,,,,,0.00,,, ,OtherLocation,None,,,         ,Karl,Haury,Clear,Rear to Side,no,no,no,yes,no,Campus
102034430,METROPOLITAN NASHVILLE POLICE DEPT,20180492197,Davidson,Nashville,6/6/2018 7:40:00 AM,2,0,0,36.133230,-86.801310,PORTLAND AV,,,,0.00,,,MAGNOLIA BLVD,,,,0.00,Y,Four-Way, ,Intersection-Related,None,,,         ,Jon,Mcvey,Clear,Angle,no,no,no,no,no,False
102034441,METROPOLITAN NASHVILLE POLICE DEPT,20180492163,Davidson,Nashville,6/6/2018 7:40:00 AM,2,2,0,36.233250,-86.768020,I 65,,,,0.00,,,,,,,89.30,N,Not at Intersection, ,Non-Junction,None,,,         ,Cyretha,Frazier,Clear,Front to Rear,no,no,no,no,no,False
102034459,METROPOLITAN NASHVILLE POLICE DEPT,20180492310,Davidson,Nashville,6/6/2018 7:45:00 AM,2,0,0,36.146840,-86.808630,WEST END AV,,,,0.00,,,25TH AVN,,,,0.00,Y,T-Intersection, ,Intersection,None,,,         ,William,Caillouette,Clear,Front to Rear,no,no,no,no,no,Campus
102034463,METROPOLITAN NASHVILLE POLICE DEPT,20180492306,Davidson,Nashville,6/6/2018 8:30:00 AM,2,0,0,36.152830,-86.769300,2ND AVS,,,,150.00,Feet,South,ASH ST,,,,0.00,N,Not at Intersection, ,Non-Junction,None,,,         ,Timothy,Skopek,Clear,"Sideswipe, Same Direction",no,no,no,no,no,False
102034478,METROPOLITAN NASHVILLE POLICE DEPT,20180492122,Davidson,Nashville,6/6/2018 7:10:00 AM,2,0,0,36.029350,-86.637040,I 24,,,,0.00,,,,,,,61.10,N,Not at Intersection, ,Non-Junction,None,,,         ,Barry,Demonbreun,Clear,Front to Rear,no,no,no,no,no,False
102034483,METROPOLITAN NASHVILLE POLICE DEPT,20180492266,Davidson,Nashville,6/6/2018 8:16:00 AM,2,0,0,36.141530,-86.715360,I 40,,,,0.00,,,,,,,213.90,N,Not at Intersection, ,Non-Junction,None,,,         ,Cassandra,Del Bosco,Clear,"Sideswipe, Same Direction",no,no,no,no,no,False
102034495,METROPOLITAN NASHVILLE POLICE DEPT,20180492410,Davidson,Nashville,6/6/2018 9:22:00 AM,2,0,0,36.146750,-86.792520,MUSIC SQS,,,,0.00,,,MUSIC SQE,,,,0.00,Y,Four-Way, ,,None,,,         ,James,Hill,,,no,no,no,no,no,False
102034497,METROPOLITAN NASHVILLE POLICE DEPT,20180492438,Davidson,Nashville,6/6/2018 9:25:00 AM,1,1,0,36.269260,-86.755740,OLD HICKORY BLVDW,,,,0.00,,,DICKERSON PKE,,,,0.00,Y,OTHER,N,OtherLocation,None,,,         ,Cyretha,Frazier,Clear,Not Collision with Motor Vehicle in Transport,no,no,no,yes,no,False
102034500,METROPOLITAN NASHVILLE POLICE DEPT,20180492346,Davidson,Nashville,6/6/2018 8:50:00 AM,2,1,0,36.135480,-86.797140,18TH AVS,,,,25.00,Feet,South,MAGNOLIA BLVD,,,,0.00,N,Not at Intersection,N,Non-Junction,None,,,         ,Jon,Mcvey,Clear,Front to Rear,no,no,no,no,no,False
102034510,METROPOLITAN NASHVILLE POLICE DEPT,20180492477,Davidson,Nashville,6/6/2018 9:55:00 AM,2,0,0,36.149210,-86.774950,I 40,,,,0.00,,,,,,,210.10,N,Not at Intersection, ,,None,,,         ,Destiny,Zunic,,,no,no,no,no,no,False
102034512,METROPOLITAN NASHVILLE POLICE DEPT,20180492109,Davidson,Nashville,6/6/2018 7:13:00 AM,2,0,0,36.150610,-86.749410,I 40,,,,0.00,,,,,,,211.65,N,Not at Intersection, ,Non-Junction,None,,,         ,Frank,Campbell,Clear,"Sideswipe, Same Direction",no,no,no,no,no,False