master_record_number,agency,agency_tracking_number,county,city,collision_date,vehicles_involved,number_injured,number_dead,latitude,longitude,roadway_name,roadway_suffix,roadway_number,roadway_local_id,distance_from_reference,miles-feet_indicator,direction_from_reference,intersection_road_name,intersection_road_name_suffix,intersection_road_number,intersection_local_id,mile_marker,intersection_indicator,intersect_type,interchange_related_indicator,relation_to_junction,work_zone_type,construction_maintenance_zone,construction_maintenance_zone_location,fatal_case_number,officer_first_name,officer_last_name,weather_condition(s),manner_of_crash,pedestrian,bicycle,scooter,parking,hitrun,mou
102034538,METROPOLITAN NASHVILLE POLICE DEPT,20180492483,Davidson,Nashville,6/6/2018 9:45:00 AM,2,0,0,36.225950,-86.777490,I65 S ENT RAMP,,,,0.00,Feet,East,I 65,,,,0.00,N,Not at Intersection, ,Non-Junction,None,,,         ,Brian,Mclarty,Clear,Front to Rear,no,no,no,no,no,False
102034542,METROPOLITAN NASHVILLE POLICE DEPT,20180492347,Davidson,Nashville,6/6/2018 8:54:00 AM,1,0,0,36.247760,-86.777970,BRICK CHURCH PKE,,,,32.00,Feet,North,VILLAGE TRL,,,,0.00,N,Not at Intersection,N,Non-Junction,None,,,         ,Cyretha,Frazier,Clear,Not Collision with Motor Vehicle in Transport,no,no,no,no,yes,False
102034545,METROPOLITAN NASHVILLE POLICE DEPT,20180492267,Davidson,Nashville,6/6/2018 8:10:00 AM,2,0,0,36.194280,-86.832210,CLARKSVILLE PKE,,,,370.00,Feet,West,BUENA VISTA PKE,,,,0.00,N,Not at Intersection,N,Non-Junction,None,,,         ,Royce,McLester,Clear,"Sideswipe, Same Direction",no,no,no,no,no,False
102034546,METROPOLITAN NASHVILLE POLICE DEPT,20180492424,Davidson,Nashville,6/6/2018 9:28:00 AM,2,0,0,36.213190,-86.775630,I 65,,,,0.00,,,,,,,87.80,N,Not at Intersection,N,Non-Junction,None,,,         ,Royce,McLester,Clear,Front to Rear,no,no,no,no,yes,False
102034563,METROPOLITAN NASHVILLE POLICE DEPT,20180492650,Davidson,Nashville,6/6/2018 11:08:00 AM,2,0,0,36.040630,-86.752620,BRENTWOOD CHASE DR,,,,110.00,Feet,South,LECONTE PK,,,,0.00,N,Not at Intersection, ,,None,,,         ,Brian,Warstadt,,,no,no,no,no,no,False
102034574,METROPOLITAN NASHVILLE POLICE DEPT,20180492428,Davidson,Nashville,6/6/2018 9:31:00 AM,2,0,0,36.124210,-86.745380,I 440,,,,0.00,,,,,,,6.55,N,Not at Intersection, ,Non-Junction,None,,,         ,Jessie,Meadows,Clear,"Sideswipe, Same Direction",no,no,no,no,no,False
102034575,METROPOLITAN NASHVILLE POLICE DEPT,20180492471,Davidson,Nashville,6/6/2018 10:01:00 AM,2,0,0,36.109890,-86.734160,THOMPSON LN,,,,133.00,Feet,East,WINGATE AV,,,,0.00,N,Not at Intersection, ,Non-Junction,None,,,         ,Jessie,Meadows,Clear,"Sideswipe, Same Direction",no,no,no,no,no,False
102034576,METROPOLITAN NASHVILLE POLICE DEPT,20180492592,Davidson,Nashville,6/6/2018 10:38:00 AM,1,0,0,36.042820,-86.654980,I 24,,,,0.00,,,,,,,59.70,N,Not at Intersection, ,Non-Junction,None,,,         ,Jessie,Meadows,Clear,Not Collision with Motor Vehicle in Transport,no,no,no,no,no,False
102034578,METROPOLITAN NASHVILLE POLICE DEPT,20180492635,Davidson,Antioch,6/6/2018 11:20:00 AM,2,0,0,36.050620,-86.606180,GROVEDALE TRC,,,,201.00,Feet,North,PIN HOOK RD,,,,0.00,N,Not at Intersection, ,Non-Junction,None,,,         ,Jessie,Meadows,Clear,Angle,no,no,no,no,no,False
102034582,METROPOLITAN NASHVILLE POLICE DEPT,20180492538,Davidson,Nashville,6/6/2018 10:18:00 AM,3,1,0,36.152240,-86.625070,BELL RD,,,,0.00,,,STEWARTS FERRY PKE,,,,0.00,Y,Four-Way,N,Intersection,None,,,         ,Scott,Toney,Clear,Angle,no,no,no,no,no,False
102034586,METROPOLITAN NASHVILLE POLICE DEPT,20180492767,Davidson,Belle Meade,6/6/2018 11:44:00 AM,2,0,0,36.095340,-86.867820,W TYNE DR,,,,0.00,,,PAGE RD,,,,0.00,Y,Four-Way,N,Intersection,None,,,         ,Curtis,Rich,Clear,Angle,no,no,no,no,no,False
102034587,METROPOLITAN NASHVILLE POLICE DEPT,20180492371,Davidson,Nashville,6/6/2018 9:05:00 AM,2,0,0,36.153880,-86.758100,I 40,,,,0.00,,,,,,,211.10,N,Not at Intersection, ,Non-Junction,None,,,         ,William,Mckay,Clear,Front to Rear,no,no,no,no,no,False
102034604,METROPOLITAN NASHVILLE POLICE DEPT,20180492208,Davidson,Nashville,6/6/2018 7:56:00 AM,3,2,0,36.153300,-86.772180,4TH AVS,,,,0.00,,,ELM ST,,,,0.00,Y,OTHER,N,Intersection,None,,,         ,Cody,O'Quinn,Clear,Angle,no,no,no,no,no,False
102034605,METROPOLITAN NASHVILLE POLICE DEPT,20180492798,Davidson,Not in City Limit,6/6/2018 12:01:00 PM,2,0,0,36.009570,-86.701710,NOLENSVILLE PKE,,,,29.00,Feet,North,BLUFF RD,,,,0.00,N,Not at Intersection,N,Non-Junction,None,,,         ,Brian,Warstadt,Clear,"Sideswipe, Opposite Direction",no,no,no,no,yes,False
102034627,METROPOLITAN NASHVILLE POLICE DEPT,20180492726,Davidson,Nashville,6/6/2018 11:30:00 AM,2,0,0,36.158660,-86.792210,14TH AVN,,,,121.00,Feet,South,I40 E EXT RAMP,,,,0.00,N,Not at Intersection, ,Non-Junction,None,,,         ,Jon,Mcvey,Clear,Angle,no,no,no,no,no,False
102034635,METROPOLITAN NASHVILLE POLICE DEPT,20180492590,Davidson,Nashville,6/6/2018 10:50:00 AM,2,1,0,36.106210,-86.673060,MURFREESBORO PKE,,,,0.00,Feet,,DONELSON PKE,,,,0.00,Y,Four-Way,N,Intersection,None,,,         ,Gerry,Hutcheson,Clear,Front to Rear,no,no,no,no,no,False
102034636,METROPOLITAN NASHVILLE POLICE DEPT,20180492150,Davidson,Nashville,6/6/2018 7:30:00 AM,2,0,0,36.158790,-86.773160,2ND AVS,,,,132.00,Feet,South,MOLLOY ST,,,,0.00,N,Not at Intersection, ,Non-Junction,None,,,         ,Cory,West,Clear,"Sideswipe, Same Direction",no,no,no,no,no,False
102034640,METROPOLITAN NASHVILLE POLICE DEPT,20180492909,Davidson,Nashville,6/6/2018 1:00:00 PM,2,0,0,36.133770,-86.726760,I 24,,,,0.00,,,,,,,52.10,N,Not at Intersection, ,Non-Junction,None,,,         ,Jessie,Meadows,Clear,Front to Rear,no,no,no,no,no,False
102034670,METROPOLITAN NASHVILLE POLICE DEPT,2018-0492031,Davidson,Nashville,6/6/2018 6:30:00 AM,2,1,0,36.076850,-86.726140,EDMONDSON PKE,,,,192.00,Feet,West,WALLACE RD,,,,0.00,N,Not at Intersection,N,Non-Junction,None,,,         ,Sean,Williams,Clear,Front to Rear,no,no,no,no,no,False
102034706,METROPOLITAN NASHVILLE POLICE DEPT,20180492817,Davidson,Nashville,6/6/2018 12:10:00 PM,2,0,0,36.122090,-86.705180,MURFREESBORO PKE,,,,141.00,Feet,West,KERMIT DR,,,,0.00,N,Not at Intersection,N,Non-Junction,None,,,         ,Gerry,Hutcheson,Clear,"Sideswipe, Same Direction",no,no,no,no,no,False
102034746,METROPOLITAN NASHVILLE POLICE DEPT,2018-0492969,Davidson,Nashville,6/6/2018 12:15:00 PM,2,0,0,36.205890,-86.768610,DICKERSON PKE,,,,0.00,,,W TRINITY LN,,,,0.00,Y,Four-Way, ,Intersection,None,,,         ,Travis,Baxter,Clear,Front to Rear,no,no,no,no,yes,False
102034806,METROPOLITAN NASHVILLE POLICE DEPT,20180493107,Davidson,Nashville,6/6/2018 2:22:00 PM,2,1,0,36.240360,-86.772970,DOVERSIDE DR,,,,0.00,,,MOOREWOOD DR,,,,0.00,Y,Four-Way,N,Intersection,None,,,         ,Brandon,Tennant,Clear,Angle,no,no,no,no,no,False
102034812,METROPOLITAN NASHVILLE POLICE DEPT,20180492755,Davidson,Nashville,6/6/2018 11:42:00 AM,2,0,0,36.174190,-86.770780,I 24,,,,0.00,,,,,,,48.15,N,Not at Intersection,N,Non-Junction,None,,,         ,Frank,Campbell,Clear,Front to Rear,no,no,no,no,no,False
102034857,METROPOLITAN NASHVILLE POLICE DEPT,20180493339,Davidson,Nashville,6/6/2018 3:31:00 PM,2,0,0,36.116070,-86.791080,I 440,,,,0.00,,,,,,,3.90,N,Not at Intersection, ,Non-Junction,None,,,         ,Douglas,Sykes,Clear,Front to Rear,no,no,no,no,no,False
102034865,METROPOLITAN NASHVILLE POLICE DEPT,20180493136,Davidson,Nashville,6/6/2018 2:40:00 PM,2,2,0,36.067410,-86.631250,MURFREESBORO PKE,,,,0.00,,,FOREST VIEW DR,,,,0.00,Y,Four-Way,N,Intersection,None,,,         ,Hillary,Sherman,Clear,Angle,no,no,no,no,no,False
102034867,METROPOLITAN NASHVILLE POLICE DEPT,20180493205,Davidson,Nashville,6/6/2018 3:03:00 PM,2,0,0,36.175610,-86.771900,I 24,,,,0.00,,,,,,,48.00,N,Not at Intersection, ,Non-Junction,None,,,         ,David,Snowden,Clear,Front to Rear,no,no,no,no,no,False
102034875,METROPOLITAN NASHVILLE POLICE DEPT,20180493300,Davidson,Nashville,6/6/2018 3:31:00 PM,2,1,0,36.066300,-86.774230,HOGAN RD,,,,0.00,,,FRANKLIN PKE,,,,0.00,Y,Four-Way,N,Intersection,None,,,         ,Edin,Plancic,Clear,HeadOn,no,no,no,no,no,False
102034879,METROPOLITAN NASHVILLE POLICE DEPT,20180493181,Davidson,Antioch,6/6/2018 2:55:00 PM,2,1,0,36.037390,-86.586390,MAXWELL RD,,,,0.00,,,LAVERGNE COUCHVILLE PKE,,,,0.00,Y,Four-Way,N,Intersection,None,,,         ,YUNUS,ADAK,Clear,Angle,no,no,no,no,no,False
102034882,METROPOLITAN NASHVILLE POLICE DEPT,20180493135,Davidson,Nashville,6/6/2018 12:10:00 PM,2,0,0,36.214610,-86.604660,LEBANON PKE,,,,0.00,,,SHUTE LN,,,,0.00,Y,T-Intersection, ,Non-Junction,None,,,         ,Keiara,Ward,Clear,Front to Rear,no,no,no,no,no,False
102034894,BERRY HILL POLICE DEPT,18-1908,Davidson,Berry Hill,6/6/2018 12:00:00 AM,2,0,0,36.116380,-86.773350,I 65,,,,0.00,,,,,,,80.20,N,Not at Intersection, ,Non-Junction,None,,,         ,John,Gleixner,Clear,Front to Rear,no,no,no,no,no,False
102034896,METROPOLITAN NASHVILLE POLICE DEPT,20180493488,Davidson,Nashville,6/6/2018 4:20:00 PM,2,0,0,36.239620,-86.780720,BRILEY PKWY W EXT RAMP,,,,0.00,,,BRICK CHURCH PKE,,,,0.00,Y,T-Intersection, ,,None,,,         ,Jason,Dudley,,,no,no,no,no,no,False
102034903,VANDERBILT UNIVERSITY POLICE,2018-027178,Davidson,Nashville,6/6/2018 3:30:00 PM,2,0,0,36.110550,-86.766990,POWELL AVE,,,,0.00,,,BRANSFORD AVE,,,,0.00,Y,OTHER, ,OtherLocation,None,,,         ,Edwin,Melgar,Clear,"Sideswipe, Opposite Direction",no,no,no,yes,no,False
102034905,METROPOLITAN NASHVILLE POLICE DEPT,20180493227,Davidson,Nashville,6/6/2018 3:10:00 PM,1,1,0,36.211470,-86.889180,ASHLAND CITY HWY,,,,1868.00,Feet,East,WWCR AV,,,,0.00,N,Not at Intersection,N,Non-Junction,None,,,         ,Thomas,Miller,Clear,Not Collision with Motor Vehicle in Transport,no,no,no,no,no,False
102034908,METROPOLITAN NASHVILLE POLICE DEPT,20180493477,Davidson,Nashville,6/6/2018 4:15:00 PM,1,0,0,36.170280,-86.597590,I 40,,,,0.00,,,,,,,221.00,N,Not at Intersection,N,Non-Junction,None,,,         ,Abbey,Sawl,Clear,Not Collision with Motor Vehicle in Transport,no,no,no,no,no,False
102034909,METROPOLITAN NASHVILLE POLICE DEPT,20180493484,Davidson,Nashville,6/6/2018 4:26:00 PM,2,1,0,36.152700,-86.756370,GREEN ST,,,,0.00,,,FAIRFIELD AV,,,,0.00,Y,Four-Way,N,Intersection,None,,,         ,Samuel,Sundra,Clear,Front to Rear,no,no,no,no,no,False
102034918,METROPOLITAN NASHVILLE POLICE DEPT,20180493487,Davidson,Nashville,6/6/2018 3:20:00 PM,2,0,0,36.193660,-86.831220,CLARKSVILLE PKE,,,,0.00,Feet,,BUENA VISTA PKE,,,,0.00,Y,Four-Way,N,Intersection,None,,,         ,Jerry,Pirtle,Clear,Front to Rear,no,no,no,no,yes,False
102034920,METROPOLITAN NASHVILLE POLICE DEPT,20180493464,Davidson,Nashville,6/6/2018 4:14:00 PM,2,1,0,36.120570,-86.750020,I440 E ENT RAMP,,,,0.00,,,NOLENSVILLE PKE,,,,0.00,Y,Four-Way,N,Intersection-Related,None,,,         ,Jacob,Paul,Clear,Angle,no,no,no,no,no,False
102034921,METROPOLITAN NASHVILLE POLICE DEPT,20180492554,Davidson,Nashville,6/6/2018 10:04:00 AM,2,0,0,36.152950,-86.769370,2ND AVS,,,,130.00,Feet,South,ASH ST,,,,0.00,N,Not at Intersection, ,Non-Junction,None,,,         ,Cory,West,Clear,Angle,no,no,no,no,no,False
102034937,METROPOLITAN NASHVILLE POLICE DEPT,20180493518,Davidson,Nashville,6/6/2018 4:15:00 PM,3,0,0,36.048210,-86.882090,CHICKERING CIR,,,,0.00,Feet,East,OLD HICKORY BLVD,,,,0.00,N,Not at Intersection,N,Non-Junction,None,,,         ,Jonathan,Nicholson,Clear,Front to Rear,no,no,no,no,no,False
102034944,METROPOLITAN NASHVILLE POLICE DEPT,20180493691,Davidson,Nashville,6/6/2018 5:50:00 PM,2,0,0,36.206620,-86.777900,W TRINITY LN,,,,0.00,,,BRICK CHURCH PKE,,,,0.00,Y,Four-Way,N,Intersection,None,,,         ,Caesar,Harris,Clear,Front to Rear,no,no,no,no,yes,False
102034945,METROPOLITAN NASHVILLE POLICE DEPT,20180493545,Davidson,Nashville,6/6/2018 4:50:00 PM,2,0,0,36.234490,-86.717100,BRILEY PKWYE,,,,139.00,Feet,West,BRILEY PKWYW,,,,0.00,N,Not at Intersection,N,Non-Junction,None,,,         ,Kevin,Clausius,Clear,Front to Rear,no,no,no,no,no,False
102034955,METROPOLITAN NASHVILLE POLICE DEPT,2018-0493566,Davidson,Nashville,6/6/2018 5:00:00 PM,2,0,0,36.165930,-86.781950,5TH AVN,,,,29.00,Feet,North,CHARLOTTE AV,,,,0.00,N,Not at Intersection, ,Non-Junction,None,,,         ,Brandon,O'Guin,Clear,"Sideswipe, Same Direction",no,no,no,no,no,False
102034961,VANDERBILT UNIVERSITY POLICE,18-0493094,Davidson,Nashville,6/6/2018 12:00:00 AM,2,0,0,36.140070,-86.801440,22ND AVE S,,,,0.00,,,,,,,0.00,,,N,Non-Junction,None,,,         ,Olivia,Oliver,Unknown,Unknown,no,no,no,yes,yes,Campus
102034962,METROPOLITAN NASHVILLE POLICE DEPT,20180493510,Davidson,Nashville,6/6/2018 4:35:00 PM,2,0,0,36.145380,-86.765680,3RD AVS,,,,0.00,,,CHESTNUT ST,,,,0.00,Y,Four-Way,N,Intersection,None,,,         ,Devonte,Coleman,Clear,Angle,no,no,no,no,no,False
102034964,METROPOLITAN NASHVILLE POLICE DEPT,20180493204,Davidson,Nashville,6/6/2018 2:58:00 PM,2,0,0,36.110110,-86.721860,I 24,,,,0.00,,,,,,,53.70,N,Not at Intersection,N,Entrance/Exit Ramp Related,None,,,         ,Johnathon,Birdwell,,Angle,no,no,no,no,no,False
102034973,METROPOLITAN NASHVILLE POLICE DEPT,20180493645,Davidson,Nashville,6/6/2018 5:25:00 PM,2,1,0,36.038940,-86.645070,CROSSINGS BLVD,,,,722.00,Feet,West,I24 E ENT RAMP,,,,0.00,N,Not at Intersection,N,Non-Junction,None,,,         ,Eric,Keller,Clear,Angle,no,no,no,no,no,False
102034983,METROPOLITAN NASHVILLE POLICE DEPT,20180493648,Davidson,Not in City Limit,6/6/2018 5:34:00 PM,2,1,0,36.028350,-86.590470,MURFREESBORO PKE,,,,0.00,,,LAVERGNE COUCHVILLE PKE,,,,0.00,Y,Four-Way,N,Intersection,None,,,         ,Patrick,Martin,Clear,Angle,no,no,no,no,no,False
102034984,METROPOLITAN NASHVILLE POLICE DEPT,20180493508,Davidson,Nashville,6/6/2018 4:17:00 PM,4,3,0,36.206620,-86.777900,W TRINITY LN,,,,0.00,Feet,East,BRICK CHURCH PKE,,,,0.00,N,Not at Intersection,N,Non-Junction,None,,,         ,Jason,Hogan,Clear,Front to Rear,no,no,no,no,yes,False
102034985,METROPOLITAN NASHVILLE POLICE DEPT,20180493761,Davidson,Nashville,6/6/2018 5:10:00 PM,2,0,0,36.135690,-86.726730,I 24,,,,0.00,,,,,,,52.20,N,Not at Intersection, ,Non-Junction,None,,,         ,Eric,Keller,Clear,"Sideswipe, Same Direction",no,no,no,no,no,False
102034990,METROPOLITAN NASHVILLE POLICE DEPT,20180493476,Davidson,Nashville,6/6/2018 4:11:00 PM,2,0,0,36.216900,-86.692690,BRILEY PKWYS,,,,21.00,Feet,North,MCGAVOCK PKE EB ENT RAMP,,,,0.00,N,Not at Intersection, ,,None,,,         ,Trenton,Searcy,,,no,no,no,no,no,False
102035009,METROPOLITAN NASHVILLE POLICE DEPT,20180493726,Davidson,Nashville,6/6/2018 6:04:00 PM,2,0,0,36.167790,-86.765700,I 24,,,,0.00,,,,,,,48.85,N,Not at Intersection,N,Non-Junction,None,,,         ,Ryan,Caulfield,Clear,"Sideswipe, Same Direction",no,no,no,no,no,False
102035017,METROPOLITAN NASHVILLE POLICE DEPT,20180493753,Davidson,Nashville,6/6/2018 5:30:00 PM,1,0,0,36.183970,-86.814210,CLARKSVILLE PKE,,,,0.00,,,23RD AVN,,,,0.00,Y,Four-Way, ,Intersection-Related,None,,,         ,Jerry,Pirtle,Clear,Not Collision with Motor Vehicle in Transport,no,no,no,no,no,False
102035018,METROPOLITAN NASHVILLE POLICE DEPT,20180493679,Davidson,Nashville,6/6/2018 5:32:00 PM,2,0,0,36.156580,-86.787480,12TH AVS,,,,0.00,,,BROADWAY,,,,0.00,Y,Four-Way, ,Non-Junction,None,,,         ,Seth,Quiles,Clear,"Sideswipe, Same Direction",no,no,no,no,yes,False
102035019,METROPOLITAN NASHVILLE POLICE DEPT,20180493478,Davidson,Nashville,6/6/2018 4:23:00 PM,2,0,0,36.155280,-86.799660,19TH AVN,,,,0.00,,,STATE ST,,,,0.00,Y,Four-Way,N,Intersection-Related,None,,,         ,Ryan,Storm,Clear,Front to Rear,no,no,no,no,no,False
102035024,METROPOLITAN NASHVILLE POLICE DEPT,20180493961,Davidson,Nashville,6/6/2018 7:30:00 PM,2,0,0,36.110690,-86.726380,EAST THOMPSON LN,,,,377.00,Feet,East,EAST THOMPSON LN PVTDR,,,,0.00,N,Not at Intersection, ,Non-Junction,None,,,         ,Eric,Keller,Clear,Rear to Rear,no,no,no,no,yes,False
102035025,METROPOLITAN NASHVILLE POLICE DEPT,20180493309,Davidson,Nashville,6/6/2018 3:32:00 PM,3,1,0,36.156710,-86.794130,CHURCH ST,,,,139.00,Feet,East,16TH AVN,,,,0.00,N,Not at Intersection,N,Non-Junction,None,,,         ,Darryl,Williams,Clear,Front to Rear,no,no,no,no,no,False
102035031,METROPOLITAN NASHVILLE POLICE DEPT,20180493798,Davidson,Nashville,6/6/2018 6:34:00 PM,2,0,0,36.115110,-86.823540,VALLEY BROOK RD,,,,27.00,Feet,South,WOODMONT BLVD,,,,0.00,N,Not at Intersection, ,Non-Junction,None,,,         ,Jonathan,Nicholson,Clear,Front to Rear,no,no,no,no,no,False
102035039,METROPOLITAN NASHVILLE POLICE DEPT,20180494019,Davidson,Nashville,6/6/2018 6:25:00 PM,2,0,0,36.221300,-86.774650,I 65,,,,0.00,,,,,,,88.40,N,Not at Intersection,N,Non-Junction,None,,,         ,Thomas,Miller,Clear,"Sideswipe, Same Direction",no,no,no,no,yes,False
102035041,METROPOLITAN NASHVILLE POLICE DEPT,20180493671,Davidson,Nashville,6/6/2018 5:36:00 PM,3,0,0,36.158060,-86.799970,CHARLOTTE AV,,,,0.00,,,DR D B TODD JR BLVD,,,,0.00,Y,Four-Way,N,Intersection-Related,None,,,         ,Jacob,Paul,Clear,Front to Rear,no,no,no,no,no,False
102035053,METROPOLITAN NASHVILLE POLICE DEPT,20180493925,Davidson,Nashville,6/6/2018 6:35:00 PM,2,0,0,36.109710,-86.731090,THOMPSON LN,,,,0.00,,,MASHBURN RD,,,,0.00,Y,Four-Way, ,Non-Junction,None,,,         ,Eric,Keller,Clear,"Sideswipe, Same Direction",no,no,no,no,no,False
102035058,METROPOLITAN NASHVILLE POLICE DEPT,20180493887,Davidson,Not in City Limit,6/6/2018 5:07:00 PM,2,0,0,36.314480,-86.869800,OLD CLARKSVILLE PKE,,,,378.00,Feet,East,JOELTON COMMUNITY CENTER RD,,,,0.00,N,Not at Intersection, ,Non-Junction,None,,,         ,Andrey,Volfson,Clear,Not Collision with Motor Vehicle in Transport,no,no,no,no,no,False
102035062,METROPOLITAN NASHVILLE POLICE DEPT,20180493747,Davidson,Nashville,6/6/2018 5:15:00 PM,2,0,0,36.143970,-86.666690,DONELSON PKE,,,,460.00,Feet,South,SHACKLETT DR,,,,0.00,N,Not at Intersection, ,,None,,,         ,Allyson,Reis,,,no,no,no,no,no,False
102035063,METROPOLITAN NASHVILLE POLICE DEPT,2018-0493169,Davidson,Nashville,6/6/2018 2:54:00 PM,2,0,0,36.152200,-86.842220,CHARLOTTE AV,,,,0.00,,,46TH AVN,,,,0.00,Y,Four-Way,N,Intersection,None,,,         ,Ryan,Allen,Clear,Front to Rear,no,no,no,no,no,False
102035064,METROPOLITAN NASHVILLE POLICE DEPT,2018-0493392,Davidson,Nashville,6/6/2018 3:57:00 PM,1,1,0,36.109620,-86.816130,CRESTMOOR RD,,,,229.00,Feet,West,GREEN HILLS VILLAGE DR,,,,0.00,N,Not at Intersection,N,"Driveway, Alley Access, etc",None,,,         ,Ryan,Allen,Clear,Not Collision with Motor Vehicle in Transport,no,yes,no,no,no,False
102035065,METROPOLITAN NASHVILLE POLICE DEPT,2018-0493794,Davidson,Not in City Limit,6/6/2018 5:39:00 PM,2,1,0,36.054820,-86.982420,POPLAR CREEK RD,,,,1066.00,Feet,East,MCCRORY LN,,,,0.00,N,Not at Intersection,N,Non-Junction,None,,,         ,Ryan,Allen,Clear,"Sideswipe, Opposite Direction",no,no,no,no,no,False
102035067,METROPOLITAN NASHVILLE POLICE DEPT,20180493964,Davidson,Nashville,6/6/2018 5:00:00 PM,2,0,0,36.206020,-86.696680,OPRY MILLS DR,,,,973.00,Feet,East,MOSS ROSE DR,,,,0.00,N,Not at Intersection,N,Non-Junction,None,,,         ,Trenton,Searcy,Clear,Angle,no,no,no,yes,yes,False
102035069,METROPOLITAN NASHVILLE POLICE DEPT,20180493817,Davidson,Nashville,6/6/2018 6:36:00 PM,2,0,0,36.107180,-86.629800,NED SHELTON RD,,,,0.00,,,BELL RD,,,,0.00,Y,T-Intersection, ,Intersection,None,,,         ,Cheri,Cox,Clear,Front to Rear,no,no,no,no,no,False
102035070,METROPOLITAN NASHVILLE POLICE DEPT,20180494008,Davidson,Nashville,6/6/2018 3:45:00 PM,2,1,0,36.218500,-86.837030,CLARKSVILLE PKE,,,,0.00,,,KINGS LN,,,,0.00,Y,Four-Way,N,Intersection,None,,,         ,Jerry,Pirtle,Clear,Front to Rear,no,no,no,no,yes,False
102035075,METROPOLITAN NASHVILLE POLICE DEPT,20180493990,Davidson,Nashville,6/6/2018 7:25:00 PM,2,0,0,36.136030,-86.698680,BRILEY PKWYN,,,,0.00,,,CORPORATE DR,,,,0.00,Y,Four-Way, ,Non-Junction,None,,,         ,Brady,Reynolds,Clear,Angle,no,no,no,no,no,False
102035081,METROPOLITAN NASHVILLE POLICE DEPT,20180493880,Davidson,Nashville,6/6/2018 7:11:00 PM,2,1,0,36.086790,-86.622830,RURAL HILL RD,,,,254.00,Feet,North,WATERSVIEW DR,,,,0.00,N,Not at Intersection,N,Non-Junction,None,,,         ,Dontaveous,Eubanks,Clear,Angle,no,no,no,no,no,False
102035117,METROPOLITAN NASHVILLE POLICE DEPT,20180493766,Davidson,Not in City Limit,6/6/2018 6:15:00 PM,2,1,0,36.264190,-86.735370,I65 N EXT RAMP,,,,0.00,,,OLD HICKORY BLVDW,,,,0.00,Y,T-Intersection,Y,Entrance/Exit Ramp Related,None,,,         ,Michael,Thompson,Clear,Front to Rear,no,no,no,no,no,False
102035129,METROPOLITAN NASHVILLE POLICE DEPT,20180493490,Davidson,Nashville,6/6/2018 3:55:00 PM,2,0,0,36.158320,-86.788980,12TH AVN,,,,200.00,Feet,North,GRUNDY ST,,,,0.00,N,Not at Intersection, ,,None,,,         ,Joshua,Reece,,,no,no,no,no,no,False
102035131,METROPOLITAN NASHVILLE POLICE DEPT,20180493953,Davidson,Nashville,6/6/2018 5:14:00 PM,2,0,0,36.148110,-86.768760,4TH AVS,,,,185.00,Feet,North,CAMERON ST,,,,0.00,N,Not at Intersection,N,Non-Junction,None,,,         ,Derek,Sibley,Clear,Angle,no,no,no,no,no,False
102035154,METROPOLITAN NASHVILLE POLICE DEPT,20180493439,Davidson,Nashville,6/6/2018 3:30:00 PM,2,0,0,36.153250,-86.794010,17TH AVS,,,,0.00,,,BROADWAY,,,,0.00,Y,Four-Way, ,Non-Junction,None,,,         ,Darryl,Williams,Clear,Angle,no,no,no,no,no,False
102035157,METROPOLITAN NASHVILLE POLICE DEPT,20180493249,Davidson,Nashville,6/6/2018 3:18:00 PM,2,1,0,36.041520,-86.749610,OLD HICKORY BLVD,,,,114.00,Feet,West,HILL RD,,,,0.00,N,Not at Intersection,N,Non-Junction,None,,,         ,Jacob,Paul,Clear,"Sideswipe, Same Direction",no,no,no,no,no,False
102035163,METROPOLITAN NASHVILLE POLICE DEPT,20180494126,Davidson,Nashville,6/6/2018 8:34:00 PM,1,0,0,36.086220,-86.832290,HILLSBORO PKE,,,,93.00,Feet,North,HILLCREST HEIGHTS DR,,,,0.00,N,Not at Intersection, ,Non-Junction,None,,,         ,Jacob,Paul,Clear,Not Collision with Motor Vehicle in Transport,no,no,no,no,no,False
102035164,METROPOLITAN NASHVILLE POLICE DEPT,20180494009,Davidson,Nashville,6/6/2018 4:27:00 PM,2,0,0,36.158900,-86.819820,29TH AVN,,,,17.00,Feet,North,CLIFTON AV,,,,0.00,N,Not at Intersection, ,Non-Junction,None,,,         ,Thomas,Miller,Clear,Angle,no,no,no,no,no,False
102035204,METROPOLITAN NASHVILLE POLICE DEPT,20180493494,Davidson,Nashville,6/6/2018 4:10:00 PM,2,0,0,36.167720,-86.786780,JAMES ROBERTSON PKWY,,,,143.00,Feet,West,7TH AVN,,,,0.00,N,Not at Intersection, ,Non-Junction,None,,,         ,Timothy,Mead,Clear,"Sideswipe, Same Direction",no,no,no,no,no,False
102035205,METROPOLITAN NASHVILLE POLICE DEPT,20180493668,Davidson,Nashville,6/6/2018 5:10:00 PM,2,0,0,36.153270,-86.769560,2ND AVS,,,,0.00,,,ASH ST,,,,0.00,Y,T-Intersection,N,Intersection-Related,None,,,         ,Timothy,Mead,Clear,"Sideswipe, Same Direction",no,no,no,no,no,False
102035206,METROPOLITAN NASHVILLE POLICE DEPT,2018-0494208,Davidson,Not in City Limit,6/6/2018 8:25:00 PM,2,0,0,36.077900,-86.997190,I 40,,,,0.00,,,,,,,193.80,N,Not at Intersection, ,Non-Junction,Construction Zone,,,         ,Ryan,Allen,Clear,Front to Rear,no,no,no,no,no,False
102035214,METROPOLITAN NASHVILLE POLICE DEPT,20180494194,Davidson,Nashville,6/6/2018 8:48:00 PM,2,0,0,36.152240,-86.784610,12TH AVS,,,,166.00,Feet,North,11TH AVS,,,,0.00,N,Not at Intersection,N,Non-Junction,None,,,         ,Joseph,Bingham,Clear,"Sideswipe, Same Direction",no,no,no,no,yes,False