master_record_number,agency,agency_tracking_number,county,city,collision_date,vehicles_involved,number_injured,number_dead,latitude,longitude,roadway_name,roadway_suffix,roadway_number,roadway_local_id,distance_from_reference,miles-feet_indicator,direction_from_reference,intersection_road_name,intersection_road_name_suffix,intersection_road_number,intersection_local_id,mile_marker,intersection_indicator,intersect_type,interchange_related_indicator,relation_to_junction,work_zone_type,construction_maintenance_zone,construction_maintenance_zone_location,fatal_case_number,officer_first_name,officer_last_name,weather_condition(s),manner_of_crash,pedestrian,bicycle,scooter,parking,hitrun,mou
102035911,METROPOLITAN NASHVILLE POLICE DEPT,20180496205,Davidson,Nashville,6/7/2018 12:47:00 PM,2,0,0,36.088830,-86.688650,EZELL PKE,,,,0.00,,,,,,,0.00,,, ,Non-Junction,None,,,         ,Jason,Hees,Clear,Angle,no,no,no,yes,no,False
102035935,METROPOLITAN NASHVILLE POLICE DEPT,2018-0496456,Davidson,Nashville,6/7/2018 1:37:00 PM,2,0,0,36.153700,-86.849020,I 40,,,,0.00,,,,,,,204.45,N,Not at Intersection,Y,Entrance/Exit Ramp Related,None,,,         ,Ryan,Allen,Clear,Not Collision with Motor Vehicle in Transport,no,no,no,no,yes,False
102035953,METROPOLITAN NASHVILLE POLICE DEPT,20180496543,Davidson,Nashville,6/7/2018 3:19:00 PM,2,1,0,36.134270,-86.726910,I24E,,,,61.00,Feet,East,I24 E ENT RAMP,,,,0.00,N,Not at Intersection,N,Non-Junction,None,,,         ,Jarret,Sonnenberg,Clear,Front to Rear,no,no,no,no,no,False
102035954,METROPOLITAN NASHVILLE POLICE DEPT,20180496551,Davidson,Nashville,6/7/2018 3:11:00 PM,2,0,0,36.156070,-86.782750,10TH AVS,,,,0.00,,,DEMONBREUN ST,,,,0.00,Y,Four-Way, ,Intersection,None,,,         ,Phillip,Box,Clear,Front to Rear,no,no,no,no,no,False
102035956,METROPOLITAN NASHVILLE POLICE DEPT,20180496534,Davidson,Nashville,6/7/2018 3:10:00 PM,2,0,0,36.183730,-86.747600,EASTLAND AV,,,,230.00,Feet,East,GALLATIN AV,,,,0.00,N,Not at Intersection,N,Non-Junction,None,,,         ,James,Smith,Clear,Other,no,no,no,no,no,False
102035958,METROPOLITAN NASHVILLE POLICE DEPT,20180496480,Davidson,Nashville,6/7/2018 12:00:00 AM,2,0,0,36.168180,-86.796240,I 40,,,,0.00,,,,,,,208.20,N,Not at Intersection, ,Non-Junction,None,,,         ,Melvin,Taylor,Clear,"Sideswipe, Same Direction",no,no,no,no,yes,False
102035959,METROPOLITAN NASHVILLE POLICE DEPT,20180496532,Davidson,Nashville,6/7/2018 3:02:00 PM,2,0,0,36.150000,-86.802210,WEST END AV,,,,340.00,Feet,West,21ST AVN,,,,0.00,N,Not at Intersection, ,Non-Junction,None,,,         ,Eric,Burford,Clear,Front to Rear,no,no,no,no,no,Campus
102035976,METROPOLITAN NASHVILLE POLICE DEPT,20180496367,Davidson,Nashville,6/7/2018 1:55:00 PM,3,3,0,36.117980,-86.809970,HILLSBORO PKE,,,,28.00,Feet,North,GOLF CLUB LN,,,,0.00,N,Not at Intersection,N,Non-Junction,None,,,         ,Paul,Junkmann,Clear,Angle,no,no,no,no,no,False
102035977,METROPOLITAN NASHVILLE POLICE DEPT,20180496730,Davidson,Nashville,6/7/2018 3:33:00 PM,2,0,0,36.152810,-86.802950,21ST AVN,,,,138.00,Feet,North,CHURCH ST,,,,0.00,N,Not at Intersection, ,Non-Junction,None,,,         ,Ryan,Cagle,Clear,Angle,no,no,no,no,no,False
102035978,METROPOLITAN NASHVILLE POLICE DEPT,20180496600,Davidson,Nashville,6/7/2018 3:30:00 PM,1,1,0,36.181200,-86.787800,2ND AVN,,,,0.00,,,,,,,0.00,,,N,Non-Junction,None,,,         ,Derek,Betty,Clear,Not Collision with Motor Vehicle in Transport,no,no,no,yes,no,False
102035985,METROPOLITAN NASHVILLE POLICE DEPT,20180496728,Davidson,Nashville,6/7/2018 4:01:00 PM,2,0,0,36.187200,-86.795000,I 65,,,,0.00,,,,,,,85.60,N,Not at Intersection, ,,None,,,         ,Thomas,Miller,,,no,no,no,no,no,False
102036019,METROPOLITAN NASHVILLE POLICE DEPT,20180493864,Davidson,Nashville,6/6/2018 5:00:00 PM,2,0,0,36.110040,-86.720760,BRILEY PKWYS,,,,52.00,Feet,West,I24 W EXT RAMP,,,,0.00,N,Not at Intersection, ,Entrance/Exit Ramp Related,None,,,         ,John,Roberson,Clear,"Sideswipe, Same Direction",no,no,no,no,no,False
102036020,METROPOLITAN NASHVILLE POLICE DEPT,2018-0496714,Davidson,Nashville,6/7/2018 3:37:00 PM,2,0,0,36.128600,-86.906800,RIVER RD,,,,0.00,,,CHARLOTTE PKE PVTDR,,,,0.00,Y,Four-Way, ,"Driveway, Alley Access, etc",None,,,         ,Ryan,Allen,Clear,Angle,no,no,no,no,no,False
102036023,METROPOLITAN NASHVILLE POLICE DEPT,20180496460,Davidson,Not in City Limit,6/7/2018 2:40:00 PM,2,0,0,36.261240,-86.712530,GALLATIN PKES,,,,0.00,,,MAPLE ST,,,,0.00,Y,T-Intersection, ,Intersection-Related,None,,,         ,Brittani,Campbell,Clear,Front to Rear,no,no,no,no,no,False
102036035,METROPOLITAN NASHVILLE POLICE DEPT,20180496797,Davidson,Nashville,6/7/2018 4:01:00 PM,2,0,0,36.149190,-86.747120,I 40,,,,0.00,,,,,,,211.80,N,Not at Intersection, ,,None,,,         ,Trenton,Searcy,,,no,no,no,no,no,False
102036036,GOODLETTSVILLE POLICE DEPT,18-19964,Davidson,Not in City Limit,6/7/2018 4:40:00 PM,2,0,0,36.311860,-86.680850,VIETNAM VETERANS BLVDN,,,,0.83,Miles,East,CONFERENCE DR,,,,0.00,N,Not at Intersection, ,Non-Junction,None,,,         ,George,Forbes,Clear,Front to Rear,no,no,no,no,no,False
102036040,METROPOLITAN NASHVILLE POLICE DEPT,20180496862,Davidson,Nashville,6/7/2018 4:20:00 PM,2,0,0,36.110120,-86.770370,I 65,,,,0.00,,,,,,,79.75,N,Not at Intersection, ,Non-Junction,None,,,         ,Eric,Keller,Clear,Front to Rear,no,no,no,no,yes,False
102036041,METROPOLITAN NASHVILLE POLICE DEPT,20180496900,Davidson,Nashville,6/7/2018 5:09:00 PM,2,0,0,36.176490,-86.769360,SPRING ST,,,,104.00,Feet,East,I24 W EXT RAMP,,,,0.00,N,Not at Intersection,N,Non-Junction,None,,,         ,Joshua,Lackey,Clear,Front to Rear,no,no,no,no,yes,False
102036046,METROPOLITAN NASHVILLE POLICE DEPT,20180496741,Davidson,Nashville,6/7/2018 12:00:00 AM,3,2,0,36.097360,-86.655020,OLD MURFREESBORO PKE,,,,258.00,Feet,North,SMITH SPRINGS RD,,,,0.00,N,Not at Intersection,N,"Driveway, Alley Access, etc",None,,,         ,Kimberly,Annson,Clear,Other,no,no,no,no,no,False
102036052,METROPOLITAN NASHVILLE POLICE DEPT,20180496715,Davidson,Not in City Limit,6/7/2018 3:58:00 PM,2,1,0,36.297200,-86.811200,I 24,,,,0.00,,,,,,,39.00,N,Not at Intersection,N,Non-Junction,None,,,         ,Michael,Thompson,Clear,Not Collision with Motor Vehicle in Transport,no,no,no,no,no,False
102036058,METROPOLITAN NASHVILLE POLICE DEPT,20180496811,Davidson,Nashville,6/7/2018 4:35:00 PM,2,0,0,36.158820,-86.775780,4TH AVS,,,,68.00,Feet,South,DEMONBREUN ST,,,,0.00,N,Not at Intersection, ,Non-Junction,Construction Zone,,,         ,Tony,Folad,Clear,"Sideswipe, Same Direction",no,no,no,no,no,False
102036063,METROPOLITAN NASHVILLE POLICE DEPT,20180496856,Davidson,Nashville,6/7/2018 3:59:00 PM,2,0,0,36.109050,-86.769640,I 65,,,,0.00,,,,,,,79.65,N,Not at Intersection, ,Non-Junction,None,,,         ,Eric,Burford,Clear,Front to Rear,no,no,no,no,yes,False
102036071,METROPOLITAN NASHVILLE POLICE DEPT,2018-0496957,Davidson,Nashville,6/7/2018 5:15:00 PM,2,0,0,36.107800,-86.812670,HILLSBORO PKE,,,,0.00,,,GREEN HILLS VILLAGE DR,,,,0.00,Y,Four-Way,N,Intersection,None,,,         ,Ryan,Allen,Clear,Front to Rear,no,no,no,no,no,False
102036077,METROPOLITAN NASHVILLE POLICE DEPT,20180497096,Davidson,Nashville,6/7/2018 5:36:00 PM,2,0,0,36.157510,-86.784200,10TH AVS,,,,167.00,Feet,South,BROADWAY,,,,0.00,N,Not at Intersection, ,Non-Junction,None,,,         ,Derek,Betty,Clear,Angle,no,no,no,no,yes,False
102036088,METROPOLITAN NASHVILLE POLICE DEPT,20180496989,Davidson,Nashville,6/7/2018 5:11:00 PM,2,0,0,36.176270,-86.753170,WOODLAND ST,,,,465.00,Feet,West,RUSSELL ST,,,,0.00,N,Not at Intersection, ,Non-Junction,None,,,         ,James,Smith,Clear,Other,no,no,no,no,no,False
102036093,METROPOLITAN NASHVILLE POLICE DEPT,20180497147,Davidson,Nashville,6/7/2018 6:48:00 PM,2,0,0,36.089070,-86.649990,RANSOM PL,,,,0.00,,,MURFREESBORO PKE,,,,0.00,Y,Four-Way, ,,None,,,         ,Cheri,Cox,,,no,no,no,no,no,False
102036106,METROPOLITAN NASHVILLE POLICE DEPT,20180497205,Davidson,Nashville,6/7/2018 7:10:00 PM,2,1,0,36.046900,-86.661980,I 24,,,,0.00,,,,,,,59.20,N,Not at Intersection, ,Non-Junction,None,,,         ,Eric,Keller,Clear,Front to Rear,no,no,no,no,yes,False
102036108,METROPOLITAN NASHVILLE POLICE DEPT,20180496998,Davidson,Nashville,6/7/2018 5:45:00 PM,2,2,0,36.100160,-86.871200,HARDING PKE,,,,68.00,Feet,South,PAGE RD,,,,0.00,N,Not at Intersection,N,Non-Junction,None,,,         ,Brandon,Pedigo,Clear,Angle,no,no,no,no,no,False
102036137,METROPOLITAN NASHVILLE POLICE DEPT,20180497034,Davidson,Nashville,6/7/2018 5:39:00 PM,2,0,0,36.150710,-86.791790,MUSIC CIRN,,,,0.00,,,MUSIC SQE,,,,0.00,Y,T-Intersection, ,Intersection-Related,None,,,         ,Gary,Peters,Clear,"Sideswipe, Opposite Direction",no,no,no,no,no,False
102036138,METROPOLITAN NASHVILLE POLICE DEPT,20180497146,Davidson,Nashville,6/7/2018 6:40:00 PM,2,0,0,36.166200,-86.765880,SHELBY AV,,,,0.00,,,I24 E ENT RAMP,,,,0.00,Y,Four-Way, ,Non-Junction,None,,,         ,Reginald,Pierre-Paul,Clear,"Sideswipe, Same Direction",no,no,no,no,yes,False
102036157,METROPOLITAN NASHVILLE POLICE DEPT,20180496898,Davidson,Nashville,6/7/2018 5:05:00 PM,2,0,0,36.180880,-86.695480,BRILEY PKWYN,,,,752.00,Feet,West,BRILEY PKWYS,,,,0.00,N,Not at Intersection,N,Non-Junction,None,,,         ,Jessica,Johann,Clear,Front to Rear,no,no,no,no,no,False
102036158,METROPOLITAN NASHVILLE POLICE DEPT,20180497257,Davidson,Nashville,6/7/2018 12:00:00 AM,2,0,0,36.168140,-86.807520,MEHARRY BLVD,,,,403.00,Feet,West,DR D B TODD JR BLVD,,,,0.00,N,Not at Intersection, ,Non-Junction,None,,,         ,Melvin,Taylor,Clear,"Sideswipe, Same Direction",no,no,no,no,no,False
102036159,METROPOLITAN NASHVILLE POLICE DEPT,20180497173,Davidson,Goodlettsville,6/7/2018 5:00:00 PM,2,0,0,36.298190,-86.688380,TWIN HILLS DR,,,,0.00,,,PAULA DR,,,,0.00,Y,Four-Way,N,Intersection-Related,None,,,         ,Brittani,Campbell,Clear,Angle,no,no,no,no,no,False
102036165,METROPOLITAN NASHVILLE POLICE DEPT,20180497255,Davidson,Nashville,6/7/2018 6:20:00 PM,2,0,0,36.172840,-86.765340,JAMES ROBERTSON PKWY,,,,0.00,,,SPRING ST,,,,0.00,Y,Four-Way, ,,None,,,         ,Daniel,Wadham,,,no,no,no,no,no,False
102036166,VANDERBILT UNIVERSITY POLICE,20180496559,Davidson,Nashville,6/7/2018 3:00:00 PM,2,0,0,36.143980,-86.799860,21ST AVS,,,,45.00,Feet,South,21ST AVS,,,,0.00,N,Not at Intersection,N,Non-Junction,None,,,         ,Robert,Skucy,Clear,"Sideswipe, Same Direction",no,no,no,no,no,Campus
102036172,METROPOLITAN NASHVILLE POLICE DEPT,20180496080,Davidson,Nashville,6/7/2018 11:50:00 AM,2,0,0,36.087530,-86.730900,NOLENSVILLE PKE,,,,309.00,Feet,North,ELYSIAN FIELDS CT,,,,0.00,N,Not at Intersection,N,Non-Junction,None,,,         ,Jessie,Meadows,Clear,"Sideswipe, Same Direction",no,no,no,no,yes,False
102036179,METROPOLITAN NASHVILLE POLICE DEPT,20180496147,Davidson,Nashville,6/7/2018 12:22:00 PM,1,1,0,36.048300,-86.663850,I 24,,,,0.00,,,,,,,59.10,N,Not at Intersection,N,Non-Junction,None,,,         ,Jessie,Meadows,Clear,Not Collision with Motor Vehicle in Transport,no,no,no,no,no,False
102036186,VANDERBILT UNIVERSITY POLICE,20180497268,Davidson,Nashville,6/7/2018 8:40:00 AM,2,0,0,36.141520,-86.774810,CHESTNUT ST,,,,0.00,,,,,,,0.00,,, ,Non-Junction,None,,,         ,Christopher,Dion,Clear,"Sideswipe, Same Direction",no,no,no,yes,no,False
102036187,METROPOLITAN NASHVILLE POLICE DEPT,20180497087,Davidson,Nashville,6/7/2018 5:55:00 PM,2,0,0,36.157420,-86.792630,CHURCH ST,,,,0.00,Feet,,15TH AVN,,,,0.00,Y,Four-Way,N,Intersection-Related,None,,,         ,Jacob,Paul,Clear,"Sideswipe, Same Direction",no,no,no,no,no,False
102036197,METROPOLITAN NASHVILLE POLICE DEPT,20180497150,Davidson,Nashville,6/7/2018 6:35:00 PM,2,0,0,36.161330,-86.780600,COMMERCE ST,,,,0.00,,,6TH AVN,,,,0.00,Y,T-Intersection, ,Intersection,None,,,         ,Roy,Sain Jr.,Clear,"Sideswipe, Same Direction",no,no,no,no,no,False
102036227,METROPOLITAN NASHVILLE POLICE DEPT,20180497213,Davidson,Nashville,6/7/2018 7:15:00 PM,2,1,0,36.240120,-86.746070,BRILEY PKWYW,,,,394.00,Feet,East,BRILEY PKWYE,,,,0.00,N,Not at Intersection,N,Non-Junction,None,,,         ,Michael,Thompson,Clear,HeadOn,no,no,no,no,no,False
102036273,METROPOLITAN NASHVILLE POLICE DEPT,20180497317,Davidson,Not in City Limit,6/7/2018 8:05:00 PM,2,3,0,36.277640,-86.751250,NESBITT DR,,,,0.00,Feet,,DICKERSON PKE,,,,0.00,Y,Four-Way,N,Intersection,None,,,         ,Rodney,Phipps,Clear,Angle,no,no,no,no,no,False
102036274,METROPOLITAN NASHVILLE POLICE DEPT,20180497364,Davidson,Nashville,6/7/2018 8:22:00 PM,2,1,0,36.171920,-86.768380,I 24,,,,0.00,,,,,,,48.35,N,Not at Intersection,N,Non-Junction,None,,,         ,Randall,Smith,Clear,Angle,no,no,no,no,no,False
102036288,METROPOLITAN NASHVILLE POLICE DEPT,2018-0497367,Davidson,Nashville,6/7/2018 8:24:00 PM,2,3,0,36.069370,-86.843120,HILLSBORO PKE,,,,50.00,Feet,North,BANCROFT PL,,,,0.00,N,Not at Intersection,N,Non-Junction,None,,,         ,Ryan,Allen,Clear,Front to Rear,no,no,no,no,no,False
102036311,METROPOLITAN NASHVILLE POLICE DEPT,20180497575,Davidson,Nashville,6/7/2018 9:40:00 PM,2,3,0,36.102630,-86.740980,NOLENSVILLE PKE,,,,0.00,,,THUSS AV,,,,0.00,Y,T-Intersection,N,Non-Junction,None,,,         ,Eric,Keller,Clear,Angle,no,no,no,no,no,False
102036334,METROPOLITAN NASHVILLE POLICE DEPT,20180496491,Davidson,Nashville,6/7/2018 3:00:00 PM,3,2,0,36.086580,-86.771970,FRANKLIN PKE,,,,0.00,,,HARDING PL,,,,0.00,Y,Four-Way,N,Intersection,None,,,         ,Akira,McSwain,Clear,Angle,no,no,no,no,no,False
102036335,METROPOLITAN NASHVILLE POLICE DEPT,20180496604,Davidson,Nashville,6/7/2018 3:27:00 PM,2,0,0,36.040480,-86.781010,I65 N ENT RAMP,,,,137.00,Feet,North,I 65,,,,0.00,N,Not at Intersection, ,,None,,,         ,Akira,McSwain,,,no,no,no,no,no,False
102036336,METROPOLITAN NASHVILLE POLICE DEPT,20180496910,Davidson,Nashville,6/7/2018 3:34:00 PM,2,0,0,36.077520,-86.740950,HARDING PL,,,,1323.00,Feet,East,DANBY DR,,,,0.00,N,Not at Intersection, ,Non-Junction,None,,,         ,Akira,McSwain,Clear,Front to Rear,no,no,no,no,no,False
102036337,METROPOLITAN NASHVILLE POLICE DEPT,20180497036,Davidson,Nashville,6/7/2018 12:00:00 AM,2,0,0,36.084550,-86.728020,NOLENSVILLE PKE,,,,113.00,Feet,South,PARAGON MILLS RD,,,,0.00,N,Not at Intersection,N,Non-Junction,None,,,         ,Akira,McSwain,Clear,Angle,no,no,no,no,yes,False
102036338,METROPOLITAN NASHVILLE POLICE DEPT,20180497415,Davidson,Nashville,6/7/2018 12:00:00 AM,2,1,0,36.040230,-86.767880,OLD HICKORY BLVD,,,,150.00,Feet,East,SEVEN SPRINGS WAY,,,,0.00,N,Not at Intersection,N,Non-Junction,None,,,         ,Akira,McSwain,Clear,Front to Rear,no,no,no,no,yes,False
102036340,METROPOLITAN NASHVILLE POLICE DEPT,20180496512,Davidson,Goodlettsville,6/7/2018 12:00:00 AM,2,2,0,36.305910,-86.693820,CONFERENCE DR,,,,0.00,,,RIVERGATE MALL PVTDR,,,,0.00,Y,T-Intersection,Y,Intersection,None,,,         ,Joel,Callies,Clear,Angle,no,no,no,no,no,False
102036350,METROPOLITAN NASHVILLE POLICE DEPT,20180497656,Davidson,Goodlettsville,6/7/2018 10:18:00 PM,2,1,0,36.302560,-86.692110,GALLATIN PKEN,,,,0.00,,,,,,,0.00,,,N,Intersection,None,,,         ,Patrick,McGinnis,Clear,Front to Rear,no,no,no,no,no,False
102036351,METROPOLITAN NASHVILLE POLICE DEPT,20180497245,Davidson,Madison,6/7/2018 12:00:00 AM,2,0,0,36.296240,-86.698650,MYATT DR,,,,108.00,Feet,North,RIVERGATE STATION PVTDR,,,,0.00,N,Not at Intersection,N,Non-Junction,None,,,         ,Joel,Callies,Clear,Angle,no,no,no,no,no,False
102036355,METROPOLITAN NASHVILLE POLICE DEPT,20180497775,Davidson,Nashville,6/7/2018 11:00:00 PM,2,0,0,36.150310,-86.698150,ELM HILL PKE,,,,85.00,Feet,West,AIR LANE DR,,,,0.00,N,Not at Intersection, ,,None,,,         ,Meghan,Pope,,,no,no,no,no,no,False
102036380,METROPOLITAN NASHVILLE POLICE DEPT,20180497751,Davidson,Nashville,6/7/2018 11:20:00 PM,2,1,0,36.167140,-86.787130,JAMES ROBERTSON PKWY,,,,0.00,,,ROSA L PARKS BLVD,,,,0.00,Y,Four-Way,N,Intersection-Related,None,,,         ,Austin,Childress,Clear,Front to Rear,no,no,no,no,no,False
102036381,METROPOLITAN NASHVILLE POLICE DEPT,20180497703,Davidson,Nashville,6/7/2018 12:00:00 AM,1,0,0,36.213500,-86.795570,CHRIS ST,,,,108.00,Feet,West,OLD MATTHEWS RD,,,,0.00,N,Not at Intersection,N,Non-Junction,None,,,         ,Erik,Schall,Clear,Not Collision with Motor Vehicle in Transport,no,no,no,no,no,False
102036395,METROPOLITAN NASHVILLE POLICE DEPT,20180497810,Davidson,Not in City Limit,6/7/2018 11:04:00 PM,2,0,0,36.267930,-86.710770,CUMBERLAND AV,,,,0.00,,,GALLATIN PKEN,,,,0.00,Y,T-Intersection, ,Intersection-Related,None,,,         ,Reuben,Hewit,Clear,Unknown,no,no,no,no,no,False
102036411,METROPOLITAN NASHVILLE POLICE DEPT,20180497898,Davidson,Nashville,6/8/2018 12:29:00 AM,2,0,0,36.077090,-86.725560,EDMONDSON PKE,,,,0.00,,,WALLACE RD,,,,0.00,Y,Four-Way, ,Intersection,None,,,         ,William,Hamblen,Clear,"Sideswipe, Same Direction",no,no,no,no,no,False
102036437,METROPOLITAN NASHVILLE POLICE DEPT,20180498226,Davidson,Nashville,6/8/2018 2:51:00 AM,2,0,0,36.156830,-86.785970,11TH AVS,,,,161.00,Feet,South,11TH AVN,,,,0.00,N,Not at Intersection,N,Non-Junction,None,,,         ,Daniel,Caruth,Clear,Front to Rear,no,no,no,yes,yes,False
102036438,METROPOLITAN NASHVILLE POLICE DEPT,20180498230,Davidson,Nashville,6/8/2018 3:20:00 AM,1,0,0,36.217990,-86.711330,RIVERWOOD DR,,,,243.00,Feet,West,BRUSH HILL RD,,,,0.00,N,Not at Intersection,N,"Driveway, Alley Access, etc",None,,,         ,Douglas,Smith,Clear,Not Collision with Motor Vehicle in Transport,no,no,no,no,no,False
102036445,METROPOLITAN NASHVILLE POLICE DEPT,20180497700,Davidson,Nashville,6/7/2018 9:50:00 PM,3,0,0,36.169140,-86.749690,S 12TH ST,,,,521.00,Feet,North,SEVIER ST,,,,0.00,N,Not at Intersection,N,Unknown,None,,,         ,Edward,Holden,Clear,"Sideswipe, Same Direction",no,no,no,no,yes,False
102036447,METROPOLITAN NASHVILLE POLICE DEPT,20180497711,Davidson,Nashville,6/7/2018 10:27:00 PM,2,0,0,36.164380,-86.782560,6TH AVN,,,,153.00,Feet,South,DEADERICK ST,,,,0.00,N,Not at Intersection,N,Non-Junction,None,,,         ,Kelcey,Bell,Clear,"Sideswipe, Same Direction",no,no,no,no,no,False
102036456,METROPOLITAN NASHVILLE POLICE DEPT,20180497645,Davidson,Nashville,6/7/2018 10:10:00 PM,2,1,0,36.141240,-86.663430,I40 W EXT RAMP,,,,0.00,Feet,East,I 40,,,,0.00,N,Not at Intersection,Y,Entrance/Exit Ramp Related,None,,,         ,Joao,Pinho,Clear,Angle,no,no,no,no,no,False
102036509,METROPOLITAN NASHVILLE POLICE DEPT,20180498406,Davidson,Nashville,6/8/2018 4:53:00 AM,3,0,0,36.037400,-86.786570,FRANKLIN PKE,,,,0.00,,,OLD HICKORY BLVD,,,,0.00,Y,Four-Way,N,Intersection,None,,,         ,Nakia,Reid,Clear,"Sideswipe, Opposite Direction",no,no,no,no,no,False
102036517,METROPOLITAN NASHVILLE POLICE DEPT,20180498603,Davidson,Nashville,6/8/2018 6:46:00 AM,2,0,0,36.171930,-86.650790,LEBANON PKE,,,,457.00,Feet,West,DISSPAYNE DR,,,,0.00,N,Not at Intersection, ,Non-Junction,None,,,         ,Michael,Dance,Clear,"Sideswipe, Same Direction",no,no,no,no,no,False
102036520,METROPOLITAN NASHVILLE POLICE DEPT,20180496260,Davidson,Nashville,6/7/2018 12:00:00 AM,1,0,0,36.133840,-86.705580,PATRICIA DR,,,,107.00,Feet,South,REXDALE DR,,,,0.00,N,Not at Intersection,N,Non-Junction,None,,,         ,Scott,Toney,Unknown,Not Collision with Motor Vehicle in Transport,no,no,no,no,yes,False
102036546,METROPOLITAN NASHVILLE POLICE DEPT,20180498586,Davidson,Not in City Limit,6/8/2018 6:46:00 AM,2,1,0,36.284610,-86.807720,I 24,,,,0.00,,,,,,,39.90,N,Not at Intersection,N,Non-Junction,None,,,         ,Royce,McLester,Clear,Front to Rear,no,no,no,no,yes,False
102036551,METROPOLITAN NASHVILLE POLICE DEPT,20180498685,Davidson,Nashville,6/8/2018 7:42:00 AM,3,1,0,36.134650,-86.723480,MURFREESBORO PKE,,,,358.00,Feet,West,PLUS PARK BLVD,,,,0.00,N,Not at Intersection, ,"Driveway, Alley Access, etc",None,,,         ,Michael,Dance,Clear,Angle,no,no,no,no,no,False
102036554,METROPOLITAN NASHVILLE POLICE DEPT,20180498633,Davidson,Nashville,6/8/2018 6:38:00 AM,3,0,0,36.165840,-86.778760,3RD AVN,,,,83.00,Feet,North,UNION ST,,,,0.00,N,Not at Intersection, ,Non-Junction,None,,,         ,Tony,Folad,Clear,Front to Rear,no,no,no,no,no,False
102036569,METROPOLITAN NASHVILLE POLICE DEPT,20180498730,Davidson,Nashville,6/8/2018 7:32:00 AM,2,0,0,36.082040,-86.758290,TROUSDALE DR,,,,342.00,Feet,North,HARDING PL,,,,0.00,N,Not at Intersection, ,Non-Junction,None,,,         ,Jon,Mcvey,Clear,Front to Rear,no,no,no,no,no,False
102036573,METROPOLITAN NASHVILLE POLICE DEPT,20180498616,Davidson,Nashville,6/8/2018 7:01:00 AM,3,1,0,36.075010,-86.662540,UNA ANTIOCH PKE,,,,0.00,,,BILLINGSGATE RD,,,,0.00,Y,T-Intersection,Y,Intersection-Related,None,,,         ,Troy,Loewen,Clear,Front to Rear,no,no,no,no,no,False
102036575,METROPOLITAN NASHVILLE POLICE DEPT,20180498781,Davidson,Nashville,6/8/2018 8:22:00 AM,2,0,0,36.156790,-86.796650,17TH AVN,,,,0.00,,,STATE ST,,,,0.00,Y,Four-Way, ,Intersection,None,,,         ,William,Caillouette,Clear,Angle,no,no,no,no,no,False
102036617,METROPOLITAN NASHVILLE POLICE DEPT,20180498885,Davidson,Nashville,6/7/2018 12:50:00 PM,1,0,0,36.172090,-86.601600,OLD HICKORY BLVD,,,,224.00,Feet,South,PRINCETON PL,,,,0.00,N,Not at Intersection,N,Non-Junction,None,,,         ,Michael,Brooks,Clear,Not Collision with Motor Vehicle in Transport,no,no,no,yes,yes,False
102036618,METROPOLITAN NASHVILLE POLICE DEPT,20180498768,Davidson,Nashville,6/8/2018 8:22:00 AM,3,0,0,36.177210,-86.801050,I40 E ENT RAMP,,,,0.00,Feet,East,I 65,,,,0.00,N,Not at Intersection,N,Entrance/Exit Ramp Related,None,,,         ,Brian,Mclarty,Clear,"Sideswipe, Same Direction",no,no,no,no,no,False
102036619,METROPOLITAN NASHVILLE POLICE DEPT,20180498721,Davidson,Not in City Limit,6/8/2018 7:55:00 AM,3,3,0,36.316280,-86.876580,EATONS CREEK RD,,,,0.00,,,OLD CLARKSVILLE PKE,,,,0.00,Y,Four-Way,N,Intersection,None,,,         ,Zachary,Goodall,Clear,Other,no,no,no,no,no,False
102036630,METROPOLITAN NASHVILLE POLICE DEPT,20180498897,Davidson,Nashville,6/8/2018 9:28:00 AM,2,0,0,36.044770,-86.661050,BELL RD,,,,141.00,Feet,East,CANE RIDGE RD,,,,0.00,N,Not at Intersection, ,Non-Junction,None,,,         ,Jessie,Meadows,Clear,"Sideswipe, Same Direction",no,no,no,no,no,False
102036632,METROPOLITAN NASHVILLE POLICE DEPT,20180498880,Davidson,Nashville,6/8/2018 9:20:00 AM,2,0,0,36.180140,-86.749890,GALLATIN AV,,,,0.00,Feet,East,N 11TH ST,,,,0.00,N,Not at Intersection, ,,None,,,         ,Joshua,Baker,,,no,no,no,no,no,False
102036651,METROPOLITAN NASHVILLE POLICE DEPT,20180498860,Davidson,Nashville,6/8/2018 9:11:00 AM,2,0,0,36.155650,-86.789720,I40 E ENT RAMP,,,,0.00,,,BROADWAY,,,,0.00,Y,Four-Way, ,Intersection-Related,None,,,         ,Aaron,Jones,Clear,Front to Rear,no,no,no,no,no,False
102036653,METROPOLITAN NASHVILLE POLICE DEPT,20180498917,Davidson,Nashville,6/8/2018 9:40:00 AM,2,0,0,36.134280,-86.779090,8TH AVS,,,,0.00,,,WEDGEWOOD AV,,,,0.00,Y,Four-Way, ,Intersection-Related,None,,,         ,Jon,Mcvey,Clear,"Sideswipe, Same Direction",no,no,no,no,no,False
102036657,METROPOLITAN NASHVILLE POLICE DEPT,20180498881,Davidson,Nashville,6/8/2018 9:24:00 AM,2,0,0,36.277220,-86.794780,OLD HICKORY BLVD,,,,426.00,Feet,East,HICKORY HILLS CT,,,,0.00,N,Not at Intersection, ,Non-Junction,None,,,         ,Bobby,Samuels,Clear,"Sideswipe, Same Direction",no,no,no,no,no,False