master_record_number,agency,agency_tracking_number,county,city,collision_date,vehicles_involved,number_injured,number_dead,latitude,longitude,roadway_name,roadway_suffix,roadway_number,roadway_local_id,distance_from_reference,miles-feet_indicator,direction_from_reference,intersection_road_name,intersection_road_name_suffix,intersection_road_number,intersection_local_id,mile_marker,intersection_indicator,intersect_type,interchange_related_indicator,relation_to_junction,work_zone_type,construction_maintenance_zone,construction_maintenance_zone_location,fatal_case_number,officer_first_name,officer_last_name,weather_condition(s),manner_of_crash,pedestrian,bicycle,scooter,parking,hitrun,mou
102040212,METROPOLITAN NASHVILLE POLICE DEPT,20180507503,Davidson,Nashville,6/11/2018 4:30:00 PM,2,0,0,36.138670,-86.810870,BLAKEMORE AV,,,,0.00,,,NATCHEZ TRC,,,,0.00,Y,Four-Way, ,Non-Junction,None,,,         ,Jed,Baldoni,Clear,Front to Rear,no,no,no,no,no,Campus
102040241,METROPOLITAN NASHVILLE POLICE DEPT,20180507398,Davidson,Nashville,6/11/2018 4:11:00 PM,2,0,0,36.188960,-86.838270,COUNTY HOSPITAL RD,,,,269.00,Feet,South,HYDES FERRY RD,,,,0.00,N,Not at Intersection, ,,None,,,         ,Jason,Hogan,,,no,no,no,no,no,False
102040243,METROPOLITAN NASHVILLE POLICE DEPT,20180507589,Davidson,Nashville,6/11/2018 12:00:00 AM,3,1,0,36.206310,-86.840140,CLARKSVILLE PKE,,,,409.00,Feet,South,WHITES CREEK GRNWY,,,,0.00,N,Not at Intersection,N,Non-Junction,None,,,         ,Melvin,Taylor,Clear,Front to Rear,no,no,no,no,yes,False
102040249,METROPOLITAN NASHVILLE POLICE DEPT,20180507492,Davidson,Nashville,6/11/2018 5:00:00 PM,2,0,0,36.150120,-86.858100,CHARLOTTE PKE,,,,0.00,,,WHITE BRIDGE PKE,,,,0.00,Y,Four-Way, ,,None,,,         ,Andrew,McCarron,,,no,no,no,no,no,False
102040259,METROPOLITAN NASHVILLE POLICE DEPT,20180507519,Davidson,Nashville,6/11/2018 5:20:00 PM,2,0,0,36.045260,-86.659170,I 24,,,,0.00,,,,,,,59.40,N,Not at Intersection,N,Non-Junction,None,,,         ,Andrew,Brazee,Clear,Front to Rear,no,no,no,no,yes,False
102040260,METROPOLITAN NASHVILLE POLICE DEPT,20180507513,Davidson,Nashville,6/11/2018 5:04:00 PM,2,0,0,36.180070,-86.774090,I 24,,,,0.00,,,,,,,47.70,N,Not at Intersection,N,Non-Junction,None,,,         ,Ethan,Usherwood,Clear,Front to Rear,no,no,no,no,no,False
102040264,METROPOLITAN NASHVILLE POLICE DEPT,20180507614,Davidson,Nashville,6/11/2018 5:59:00 PM,2,0,0,36.096160,-86.655620,MURFREESBORO PKE,,,,0.00,,,SMITH SPRINGS RD,,,,0.00,Y,T-Intersection,Y,Intersection,None,,,         ,Seth,Vaughn,Clear,Angle,no,no,no,no,no,False
102040265,METROPOLITAN NASHVILLE POLICE DEPT,20180507332,Davidson,Nashville,6/11/2018 3:57:00 PM,2,0,0,36.250840,-86.718410,GALLATIN PKES,,,,24.00,Feet,North,MOVING CENTER CT,,,,0.00,N,Not at Intersection,N,Non-Junction,None,,,         ,Cecilia,Gomez,Clear,Front to Rear,no,no,no,no,no,False
102040270,METROPOLITAN NASHVILLE POLICE DEPT,20180507681,Davidson,Nashville,6/11/2018 5:35:00 PM,2,0,0,36.125490,-86.744180,GLENROSE AV,,,,157.00,Feet,East,BURBANK AV,,,,0.00,N,Not at Intersection,N,Non-Junction,None,,,         ,Jarret,Sonnenberg,Clear,Front to Rear,no,no,no,no,yes,False
102040277,METROPOLITAN NASHVILLE POLICE DEPT,20180507648,Davidson,Nashville,6/11/2018 4:40:00 PM,2,0,0,36.124210,-86.811540,I 440,,,,0.00,,,,,,,2.50,N,Not at Intersection,N,Non-Junction,None,,,         ,Eric,Burford,Clear,Front to Rear,no,no,no,no,no,False
102040279,METROPOLITAN NASHVILLE POLICE DEPT,20180507547,Davidson,Nashville,6/11/2018 4:40:00 PM,2,0,0,36.044630,-86.658080,I 24,,,,0.00,,,,,,,59.50,N,Not at Intersection, ,,None,,,         ,Ian,Swander,,,no,no,no,no,no,False
102040293,METROPOLITAN NASHVILLE POLICE DEPT,20180507441,Davidson,Not in City Limit,6/11/2018 4:42:00 PM,2,2,0,35.995890,-86.690890,CONCORD RD,,,,463.00,Feet,South,NOLENSVILLE PKE,,,,0.00,N,Not at Intersection,N,Non-Junction,None,,,         ,Edin,Plancic,Clear,Angle,no,no,no,no,no,False
102040298,METROPOLITAN NASHVILLE POLICE DEPT,20180507600,Davidson,Nashville,6/11/2018 5:52:00 PM,1,1,0,36.158630,-86.790660,GEORGE L DAVIS BLVD,,,,84.00,Feet,North,CHURCH ST,,,,0.00,N,Not at Intersection,N,Non-Junction,None,,,         ,Seth,Quiles,Clear,Not Collision with Motor Vehicle in Transport,no,no,no,no,no,False
102040301,METROPOLITAN NASHVILLE POLICE DEPT,20180507725,Davidson,Antioch,6/11/2018 12:00:00 AM,2,0,0,36.037920,-86.575640,FLAGSTONE DR,,,,143.00,Feet,South,TRAILWATER DR,,,,0.00,N,Not at Intersection,N,Non-Junction,None,,,         ,Patrick,Martin,Unknown,Unknown,no,no,no,no,yes,False
102040308,METROPOLITAN NASHVILLE POLICE DEPT,20180507431,Davidson,Nashville,6/11/2018 4:39:00 PM,3,0,0,36.040860,-86.773630,OLD HICKORY BLVD,,,,50.00,Feet,West,HEALTH PARK DR,,,,0.00,N,Not at Intersection,N,Non-Junction,None,,,         ,Austin,Kendrick,Clear,Front to Rear,no,no,no,no,no,False
102040315,METROPOLITAN NASHVILLE POLICE DEPT,20180507452,Davidson,Nashville,6/11/2018 4:47:00 PM,2,3,0,36.072130,-86.732890,WHISPERING HILLS DR,,,,0.00,,,EDMONDSON PKE,,,,0.00,Y,Four-Way,N,Intersection,None,,,         ,David,Robberson,Clear,Angle,no,no,no,no,no,False
102040317,METROPOLITAN NASHVILLE POLICE DEPT,20180507483,Davidson,Nashville,6/11/2018 5:06:00 PM,2,1,0,36.154520,-86.762700,I40 W ENT RAMP,,,,0.00,Feet,East,I 40,,,,0.00,N,Not at Intersection, ,Non-Junction,None,,,         ,Derek,Betty,Clear,Front to Rear,no,no,no,no,no,False
102040318,METROPOLITAN NASHVILLE POLICE DEPT,20180507805,Davidson,Nashville,6/11/2018 7:15:00 PM,2,0,0,36.148220,-86.776040,I40 E ENT RAMP,,,,0.00,,,I 40,,,,0.00,Y,OTHER, ,Entrance/Exit Ramp Related,None,,,         ,Derek,Betty,Clear,"Sideswipe, Same Direction",no,no,no,no,yes,False
102040342,THP District 3 - Nashville,318036482,Davidson,Not in City Limit,6/5/2018 12:23:00 PM,2,0,0,36.345400,-86.926820,I-24 EB 31 MM ENTRANCE RAMP,,,,0.00,Feet,East,I 24,,,,0.00,N,Not at Intersection, ,Non-Junction,None,,,         ,Robert,Snider,Clear,Front to Rear,no,no,no,no,no,False
102040365,METROPOLITAN NASHVILLE POLICE DEPT,20180507788,Davidson,Nashville,6/11/2018 7:05:00 PM,2,0,0,36.155010,-86.627110,STEWARTS FERRY PKE,,,,0.00,,,I40 E EXT RAMP,,,,0.00,Y,OTHER, ,Intersection-Related,None,,,         ,Kimberly,Annson,Clear,Front to Rear,no,no,no,no,no,False
102040367,METROPOLITAN NASHVILLE POLICE DEPT,20180507895,Davidson,Nashville,6/11/2018 7:43:00 PM,2,1,0,36.045960,-86.675370,BELL RD,,,,312.00,Feet,West,BLUE HOLE RD,,,,0.00,N,Not at Intersection,N,Non-Junction,None,,,         ,Eric,Keller,Clear,Angle,no,no,no,no,no,False
102040389,METROPOLITAN NASHVILLE POLICE DEPT,20180507898,Davidson,Nashville,6/11/2018 7:51:00 PM,2,1,0,36.148030,-86.876290,I 40,,,,0.00,,,,,,,202.85,N,Not at Intersection,N,Non-Junction,None,,,         ,Brandon,Pedigo,Clear,"Sideswipe, Same Direction",no,no,no,no,no,False
102040390,METROPOLITAN NASHVILLE POLICE DEPT,20180507984,Davidson,Nashville,6/11/2018 8:26:00 PM,1,0,0,36.215060,-86.817880,BUENA VISTA PKE,,,,130.00,Feet,North,MOORMANS ARM RD,,,,0.00,N,Not at Intersection,N,Non-Junction,None,,,         ,Jason,Hogan,Clear,Unknown,no,no,no,no,yes,False
102040441,METROPOLITAN NASHVILLE POLICE DEPT,20180507826,Davidson,Nashville,6/11/2018 4:33:00 PM,2,0,0,36.133940,-86.779120,8TH AVS,,,,124.00,Feet,South,WEDGEWOOD AV,,,,0.00,N,Not at Intersection,N,Non-Junction,None,,,         ,Brian,Theriac,Clear,"Sideswipe, Same Direction",no,no,no,no,no,False
102040442,METROPOLITAN NASHVILLE POLICE DEPT,20180507783,Davidson,Nashville,6/11/2018 7:05:00 PM,3,0,0,36.193660,-86.831220,CLARKSVILLE PKE,,,,0.00,,,BUENA VISTA PKE,,,,0.00,Y,Four-Way,N,Intersection,None,,,         ,Terrance,Stuckey,Clear,HeadOn,no,no,no,no,yes,False
102040444,METROPOLITAN NASHVILLE POLICE DEPT,20180507958,Davidson,Nashville,6/11/2018 8:18:00 PM,2,1,0,36.152270,-86.624600,BELL RD,,,,139.00,Feet,East,STEWARTS FERRY PKE,,,,0.00,N,Not at Intersection,N,Non-Junction,None,,,         ,Kimberly,Annson,Cloudy,Front to Rear,no,no,no,no,no,False
102040458,METROPOLITAN NASHVILLE POLICE DEPT,20180507945,Davidson,Nashville,6/11/2018 8:14:00 PM,2,2,0,36.044800,-86.662030,BELL RD,,,,147.00,Feet,West,CANE RIDGE RD,,,,0.00,N,Not at Intersection,N,Non-Junction,None,,,         ,Patrick,Martin,Cloudy,Angle,no,no,no,no,no,False
102040465,METROPOLITAN NASHVILLE POLICE DEPT,20180508066,Davidson,Nashville,6/11/2018 12:00:00 AM,2,1,0,36.236620,-86.758070,I65 N EXT RAMP,,,,0.00,,,I 65,,,,0.00,Y,T-Intersection,N,Intersection,None,,,         ,Gordon,Stovall,Clear,Angle,no,no,no,no,no,False
102040467,METROPOLITAN NASHVILLE POLICE DEPT,20180507754,Davidson,Nashville,6/11/2018 12:00:00 AM,2,0,0,36.179050,-86.795330,ROSA L PARKS BLVD,,,,83.00,Feet,North,HUME ST,,,,0.00,N,Not at Intersection, ,Non-Junction,None,,,         ,Melvin,Taylor,Clear,Rear to Rear,no,no,no,yes,yes,False
102040468,METROPOLITAN NASHVILLE POLICE DEPT,20180508076,Davidson,Nashville,6/11/2018 9:08:00 PM,1,1,0,36.164730,-86.770490,VICTORY AV,,,,192.00,Feet,West,S 1ST ST,,,,0.00,N,Not at Intersection,N,Non-Junction,None,,,         ,Zachary,Plese,Clear,Not Collision with Motor Vehicle in Transport,yes,no,no,no,no,False
102040470,METROPOLITAN NASHVILLE POLICE DEPT,20180507538,Davidson,Nashville,6/11/2018 12:00:00 AM,1,0,0,36.244170,-86.747260,I 65,,,,0.00,,,,,,,90.70,N,Not at Intersection, ,Entrance/Exit Ramp Related,None,,,         ,Joel,Callies,Clear,Not Collision with Motor Vehicle in Transport,no,no,no,no,no,False
102040478,METROPOLITAN NASHVILLE POLICE DEPT,20180507556,Davidson,Nashville,6/11/2018 5:30:00 PM,2,0,0,36.169440,-86.600910,OLD HICKORY BLVD,,,,0.00,,,I40 E ENT RAMP,,,,0.00,Y,Four-Way, ,Intersection-Related,None,,,         ,John,Roberson,Clear,Front to Rear,no,no,no,no,no,False
102040479,METROPOLITAN NASHVILLE POLICE DEPT,20180507872,Davidson,Nashville,6/11/2018 7:30:00 PM,2,0,0,36.228130,-86.832290,SUNNYVIEW DR,,,,185.00,Feet,West,BUENAVIEW BLVD,,,,0.00,N,Not at Intersection, ,Non-Junction,None,,,         ,John,Roberson,Clear,Front to Rear,no,no,no,no,no,False
102040480,METROPOLITAN NASHVILLE POLICE DEPT,20180508027,Davidson,Nashville,6/11/2018 8:39:00 PM,2,1,0,36.068060,-86.669050,RICHARDS RD,,,,0.00,Feet,,DOWDY DR,,,,0.00,Y,Four-Way,Y,Intersection,None,,,         ,Madison,Meiss,Rain,Angle,no,no,no,no,no,False
102040494,METROPOLITAN NASHVILLE POLICE DEPT,20180507643,Davidson,Nashville,6/11/2018 5:35:00 PM,2,0,0,36.155970,-86.789970,14TH AVN,,,,139.00,Feet,North,I40 E ENT RAMP,,,,0.00,N,Not at Intersection, ,Non-Junction,None,,,         ,Darryl,Williams,Clear,Angle,no,no,no,no,no,False
102040496,METROPOLITAN NASHVILLE POLICE DEPT,20180505009,Davidson,Nashville,6/10/2018 6:13:00 PM,2,1,0,36.153960,-86.818220,28TH AVN,,,,0.00,,,CHARLOTTE AV,,,,0.00,Y,Four-Way,N,Intersection,None,,,         ,Andrey,Volfson,Clear,Angle,no,no,no,no,no,False
102040501,METROPOLITAN NASHVILLE POLICE DEPT,20180508275,Davidson,Not in City Limit,6/11/2018 10:36:00 PM,1,0,0,36.061620,-86.991280,MCCRORY LN,,,,0.53,Miles,North,RUSSELL RD,,,,0.00,N,Not at Intersection, ,Non-Junction,None,,,         ,Jackson,Smythe,Clear,Not Collision with Motor Vehicle in Transport,no,no,no,no,no,False
102040502,METROPOLITAN NASHVILLE POLICE DEPT,20180508157,Davidson,Nashville,6/11/2018 9:41:00 PM,2,0,0,36.152100,-86.791350,DIVISION ST,,,,120.00,Feet,North,MUSIC SQE,,,,0.00,N,Not at Intersection, ,Non-Junction,None,,,         ,Darryl,Williams,Clear,Front to Rear,no,no,no,no,no,False
102040521,VANDERBILT UNIVERSITY POLICE,18-0806193,Davidson,Nashville,6/11/2018 6:20:00 AM,2,0,0,36.141730,-86.805830,25TH AVS,,,,0.00,,,,,,,0.00,,, ,Non-Junction,None,,,         ,Frank,Looser Jr.,Clear,Angle,no,no,no,yes,no,Campus
102040535,METROPOLITAN NASHVILLE POLICE DEPT,20180508315,Davidson,Nashville,6/11/2018 10:59:00 PM,2,1,0,36.044770,-86.661530,BELL RD,,,,0.00,,,CANE RIDGE RD,,,,0.00,Y,Four-Way,Y,Intersection,None,,,         ,Dezmond,Hughes,Clear,Angle,no,no,no,no,yes,False
102040537,METROPOLITAN NASHVILLE POLICE DEPT,20180507815,Davidson,Nashville,6/11/2018 12:00:00 AM,2,0,0,36.166990,-86.662220,LEBANON PKE,,,,0.00,,,,,,,0.00,,,N,Non-Junction,None,,,         ,Jessica,Johann,Clear,Front to Rear,no,no,no,yes,yes,False
102040538,METROPOLITAN NASHVILLE POLICE DEPT,20180508167,Davidson,Nashville,6/11/2018 9:45:00 PM,2,3,0,36.185300,-86.636500,JACKSON DOWNS BLVD,,,,0.00,,,LEBANON PKE,,,,0.00,Y,T-Intersection,N,Intersection-Related,None,,,         ,Jessica,Johann,Clear,Angle,no,no,no,no,no,False
102040546,METROPOLITAN NASHVILLE POLICE DEPT,20180508715,Davidson,Nashville,6/12/2018 2:20:00 AM,2,0,0,36.237590,-86.740630,BRILEY PKWY E ENT RAMP,,,,0.00,Feet,East,BRILEY PKWY E EXT RAMP,,,,0.00,N,Not at Intersection,N,Non-Junction,None,,,         ,Douglas,Smith,Clear,Not Collision with Motor Vehicle in Transport,no,no,no,no,yes,False
102040548,METROPOLITAN NASHVILLE POLICE DEPT,20180508450,Davidson,Nashville,6/11/2018 9:50:00 PM,2,0,0,36.155840,-86.795940,17TH AVN,,,,7.00,Feet,North,CHURCH ST,,,,0.00,N,Not at Intersection, ,,None,,,         ,Courtney,Hester,,,no,no,no,no,no,False
102040549,METROPOLITAN NASHVILLE POLICE DEPT,20180508956,Davidson,Nashville,6/12/2018 4:23:00 AM,1,0,0,36.118960,-86.729440,GLENROSE AV,,,,243.00,Feet,East,OLD GLENROSE AV,,,,0.00,N,Not at Intersection,N,Non-Junction,None,,,         ,Kurt,Lewton,Clear,Not Collision with Motor Vehicle in Transport,no,no,no,no,no,False
102040551,METROPOLITAN NASHVILLE POLICE DEPT,20180508385,Davidson,Nashville,6/11/2018 10:57:00 PM,2,0,0,36.048660,-86.647440,MT VIEW RD,,,,0.00,,,,,,,0.00,,,N,Non-Junction,None,,,         ,David,Moser,Clear,"Sideswipe, Same Direction",no,no,no,yes,yes,False
102040557,Nashville Airport Police,2018-02184,Davidson,Nashville,6/6/2018 12:00:00 AM,2,0,0,36.133410,-86.665080,TERMINAL DR,,,,0.00,Feet,,TERMINAL DR,,,,0.00,Y,OTHER,N,Non-Junction,None,,,         ,Lynn,Oliver,Unknown,Unknown,no,no,no,yes,yes,False
102040558,Nashville Airport Police,2018-02083,Davidson,Nashville,6/5/2018 6:10:00 AM,2,1,0,36.132060,-86.665340,TERMINAL DR,,,,498.00,Feet,South,DONELSON PKE S ENT RAMP,,,,0.00,N,Not at Intersection, ,Non-Junction,Work Zone,,,         ,Taran,Perry,Clear,Other,no,no,no,no,no,False
102040571,METROPOLITAN NASHVILLE POLICE DEPT,2018-0509246,Davidson,Nashville,6/12/2018 6:45:00 AM,2,0,0,36.215060,-86.594040,LEBANON PKE,,,,1072.00,Feet,East,ANDREW JACKSON PKWY,,,,0.00,N,Not at Intersection, ,Non-Junction,None,,,         ,Calvin,Graham,Cloudy,Front to Rear,no,no,no,no,no,False
102040572,METROPOLITAN NASHVILLE POLICE DEPT,20180509220,Davidson,Nashville,6/12/2018 6:55:00 AM,2,0,0,36.125910,-86.858100,HILLWOOD BLVD,,,,0.00,,,RED OAK DR,,,,0.00,Y,Four-Way,N,Intersection,None,,,         ,Curtis,Rich,Cloudy,Angle,no,no,no,no,no,False
102040581,METROPOLITAN NASHVILLE POLICE DEPT,20180509272,Davidson,Nashville,6/12/2018 7:35:00 AM,2,0,0,36.136710,-86.821200,I 440,,,,0.00,,,,,,,1.45,N,Not at Intersection, ,,None,,,         ,Walter,Cothran,,,no,no,no,no,no,False
102040583,METROPOLITAN NASHVILLE POLICE DEPT,20180509242,Davidson,Nashville,6/12/2018 6:49:00 AM,2,0,0,36.133820,-86.774730,I65 N EXT RAMP,,,,0.00,Feet,East,I 65,,,,0.00,N,Not at Intersection, ,Non-Junction,None,,,         ,Jon,Mcvey,Clear,Front to Rear,no,no,no,no,no,False
102040588,METROPOLITAN NASHVILLE POLICE DEPT,20180509210,Davidson,Nashville,6/12/2018 6:43:00 AM,3,0,0,36.215700,-86.775330,I 65,,,,0.00,,,,,,,88.00,N,Not at Intersection, ,,None,,,         ,James,Wray,,,no,no,no,no,no,False
102040594,METROPOLITAN NASHVILLE POLICE DEPT,20180509245,Davidson,Nashville,6/12/2018 6:59:00 AM,2,0,0,36.171270,-86.870980,BRILEY PKWY S EXT RAMP,,,,0.00,,,CENTENNIAL BLVD,,,,0.00,Y,OTHER, ,Intersection-Related,None,,,         ,Walter,Gray II,Clear,Front to Rear,no,no,no,no,no,False
102040614,METROPOLITAN NASHVILLE POLICE DEPT,20180509333,Davidson,Nashville,6/12/2018 7:23:00 AM,2,1,0,36.068120,-86.696340,CREEKSIDE DR,,,,0.00,,,KEELEY DR,,,,0.00,Y,Four-Way,N,Intersection,None,,,         ,Stephen,Soule,Clear,Front to Rear,no,no,no,no,no,False
102040616,METROPOLITAN NASHVILLE POLICE DEPT,2018-0509293,Davidson,Nashville,6/12/2018 7:20:00 AM,1,0,0,36.252780,-86.739440,I 65,,,,0.00,,,,,,,91.40,N,Not at Intersection, ,Non-Junction,None,,,         ,Travis,Baxter,Cloudy,Not Collision with Motor Vehicle in Transport,no,no,no,no,no,False
102040617,METROPOLITAN NASHVILLE POLICE DEPT,20180509405,Davidson,Nashville,6/12/2018 8:05:00 AM,2,0,0,36.158100,-86.799870,CHARLOTTE AV,,,,0.00,Feet,East,18TH AVN,,,,0.00,N,Not at Intersection, ,Non-Junction,None,,,         ,Walter,Cothran,Clear,"Sideswipe, Same Direction",no,no,no,no,no,False
102040628,METROPOLITAN NASHVILLE POLICE DEPT,20180509350,Davidson,Nashville,6/12/2018 7:49:00 AM,3,0,0,36.244380,-86.747270,I 65,,,,0.00,,,,,,,90.70,N,Not at Intersection,N,Non-Junction,None,,,         ,Brandon,Tennant,Clear,Front to Rear,no,no,no,no,no,False
102040637,VANDERBILT UNIVERSITY POLICE,20180509368,Davidson,Nashville,6/12/2018 7:50:00 AM,2,0,0,36.141190,-86.813330,VANDERBILT PL,,,,0.00,,,,,,,0.00,,, ,Non-Junction,None,,,         ,William,Gladu,Clear,"Sideswipe, Opposite Direction",no,no,no,yes,no,Campus
102040638,METROPOLITAN NASHVILLE POLICE DEPT,20180509425,Davidson,Nashville,6/12/2018 8:09:00 AM,2,2,0,36.141910,-86.640610,ELM HILL PKE,,,,0.00,Feet,,TIMBER VALLEY DR,,,,0.00,Y,T-Intersection,Y,Intersection,None,,,         ,Steven,Folliard,Clear,Angle,no,no,no,no,no,False
102040640,METROPOLITAN NASHVILLE POLICE DEPT,20180509443,Davidson,Nashville,6/12/2018 8:00:00 AM,2,0,0,36.097530,-86.823450,BURTON HILLS BLVD,,,,0.00,,,HILLSBORO PKE,,,,0.00,Y,Four-Way,N,Intersection,None,,,         ,Jonathan,Nicholson,Clear,Angle,no,no,no,no,no,False
102040652,METROPOLITAN NASHVILLE POLICE DEPT,20180509504,Davidson,Nashville,6/12/2018 7:12:00 AM,2,0,0,36.189100,-86.863160,BRILEY PKWYS,,,,0.00,,,BRILEY PKWY S ENT RAMP,,,,0.00,Y,OTHER, ,OtherLocation,None,,,         ,William,Coy,Clear,Front to Rear,no,no,no,no,no,False
102040654,METROPOLITAN NASHVILLE POLICE DEPT,20180509451,Davidson,Nashville,6/12/2018 8:22:00 AM,2,0,0,36.195540,-86.776150,I 65,,,,0.00,,,,,,,86.55,N,Not at Intersection, ,,None,,,         ,James,Wray,,,no,no,no,no,no,False
102040657,METROPOLITAN NASHVILLE POLICE DEPT,20180509550,Davidson,Nashville,6/12/2018 9:16:00 AM,2,3,0,36.114500,-86.816350,WOODMONT BLVD,,,,91.00,Feet,West,23RD AVS,,,,0.00,N,Not at Intersection,N,Non-Junction,None,,,         ,Curtis,Rich,Clear,Front to Rear,no,no,no,no,no,False
102040676,METROPOLITAN NASHVILLE POLICE DEPT,20180509572,Davidson,Not in City Limit,6/12/2018 9:14:00 AM,1,0,0,36.077470,-86.986940,I 40,,,,0.00,,,,,,,194.40,N,Not at Intersection,N,Non-Junction,None,,,         ,Charles,Boles,Clear,Not Collision with Motor Vehicle in Transport,no,no,no,no,no,False
102040690,METROPOLITAN NASHVILLE POLICE DEPT,20180509279,Davidson,Nashville,6/12/2018 7:10:00 AM,2,1,0,36.044850,-86.660150,BELL RD,,,,99.00,Feet,East,I24 E ENT RAMP,,,,0.00,N,Not at Intersection,N,Non-Junction,None,,,         ,Jessie,Meadows,Clear,"Sideswipe, Same Direction",no,no,no,no,no,False
102040691,METROPOLITAN NASHVILLE POLICE DEPT,20180509516,Davidson,Nashville,6/12/2018 8:41:00 AM,2,0,0,36.102530,-86.674970,DONELSON PKE,,,,416.00,Feet,North,MURFREESBORO PKE,,,,0.00,N,Not at Intersection,N,Non-Junction,None,,,         ,Jessie,Meadows,Clear,Angle,no,no,no,no,no,False
102040692,METROPOLITAN NASHVILLE POLICE DEPT,20180509576,Davidson,Nashville,6/12/2018 9:10:00 AM,2,0,0,36.152530,-86.857260,I 40,,,,0.00,,,,,,,204.00,N,Not at Intersection, ,Non-Junction,None,,,         ,Douglas,Atwood,Clear,Front to Rear,no,no,no,no,no,False
102040694,METROPOLITAN NASHVILLE POLICE DEPT,20180509665,Davidson,Nashville,6/12/2018 9:38:00 AM,2,0,0,36.151330,-86.768360,I40 E EXT RAMP,,,,0.00,,,I 40,,,,0.00,Y,Four-Way,Y,Intersection,None,,,         ,Zachary,Scott,Clear,Angle,no,no,no,no,no,False
102040728,METROPOLITAN NASHVILLE POLICE DEPT,20180509680,Davidson,Nashville,6/12/2018 9:38:00 AM,2,0,0,36.185820,-86.797930,I65 S EXT RAMP,,,,0.00,Feet,East,I 65,,,,0.00,N,Not at Intersection, ,Entrance/Exit Ramp Related,None,,,         ,Brian,Warstadt,Clear,Front to Rear,no,no,no,no,no,False
102040729,METROPOLITAN NASHVILLE POLICE DEPT,20180509655,Davidson,Not in City Limit,6/12/2018 9:43:00 AM,2,0,0,36.325100,-86.873630,I 24,,,,0.00,,,,,,,34.65,N,Not at Intersection, ,Non-Junction,None,,,         ,William,Coy,Clear,Front to Rear,no,no,no,no,no,False
102040736,METROPOLITAN NASHVILLE POLICE DEPT,20180509399,Davidson,Nashville,6/12/2018 8:04:00 AM,2,2,0,36.056280,-86.742330,EDMONDSON PKE,,,,441.00,Feet,North,MCMURRAY DR,,,,0.00,N,Not at Intersection,N,Non-Junction,None,,,         ,Jon,Mcvey,Clear,HeadOn,no,no,no,no,no,False
102040804,METROPOLITAN NASHVILLE POLICE DEPT,20180509339,Davidson,Nashville,6/12/2018 7:40:00 AM,2,1,0,36.160270,-86.792880,I 40,,,,0.00,,,,,,,208.80,N,Not at Intersection,N,Non-Junction,None,,,         ,Isaac,Wood,Clear,Front to Rear,no,no,no,no,no,False
102040808,METROPOLITAN NASHVILLE POLICE DEPT,20180509959,Davidson,Nashville,6/12/2018 11:54:00 AM,2,2,0,36.169060,-86.682400,LEBANON PKE,,,,0.00,,,FAIRWAY DR,,,,0.00,Y,Four-Way,N,Intersection,None,,,         ,Thomas,Odom,Clear,Angle,no,no,no,no,no,False
102040823,METROPOLITAN NASHVILLE POLICE DEPT,20180509965,Davidson,Nashville,6/12/2018 11:50:00 AM,1,0,0,36.152440,-86.857670,BRILEY PKWY,,,,1.00,Feet,South,I40 E ENT RAMP,,,,0.00,N,Not at Intersection, ,Non-Junction,None,,,         ,Paul,Junkmann,Clear,Not Collision with Motor Vehicle in Transport,no,no,no,no,no,False
102040825,THP District 9 - Administrative,318037986,Davidson,Nashville,6/11/2018 5:50:00 PM,2,0,0,36.140860,-86.718570,I 40,,,,0.00,,,,,,,213.70,N,Not at Intersection, ,Non-Junction,None,,,         ,Michael,Morgan,Clear,Front to Rear,no,no,no,no,no,False
102040885,METROPOLITAN NASHVILLE POLICE DEPT,20180510054,Davidson,Nashville,6/12/2018 1:00:00 PM,1,0,0,36.134940,-86.726900,I24E,,,,594.00,Feet,South,I24 W ENT RAMP,,,,0.00,N,Not at Intersection, ,Non-Junction,None,,,         ,Jessie,Meadows,Clear,Not Collision with Motor Vehicle in Transport,no,no,no,no,no,False
102040894,METROPOLITAN NASHVILLE POLICE DEPT,20180510022,Davidson,Nashville,6/12/2018 12:01:00 PM,2,0,0,36.117630,-86.702210,BRILEY PKWY S ENT RAMP,,,,0.00,Feet,East,BRILEY PKWYS,,,,0.00,N,Not at Intersection, ,Entrance/Exit Ramp Related,None,,,         ,Gabriel,Vasquez,Clear,Front to Rear,no,no,no,no,no,False
102040898,METROPOLITAN NASHVILLE POLICE DEPT,20180510045,Davidson,Nashville,6/12/2018 12:17:00 PM,2,0,0,36.130670,-86.778610,8TH AVS,,,,69.00,Feet,North,PRENTICE AV,,,,0.00,N,Not at Intersection, ,Non-Junction,None,,,         ,Jon,Mcvey,Cloudy,"Sideswipe, Same Direction",no,no,no,no,no,False
102040921,METROPOLITAN NASHVILLE POLICE DEPT,20180509811,Davidson,Nashville,6/12/2018 9:49:00 AM,2,0,0,36.174730,-86.757160,WOODLAND ST,,,,171.00,Feet,West,S 9TH ST,,,,0.00,N,Not at Intersection, ,Non-Junction,None,,,         ,Michael,Agee,Cloudy,Front to Rear,no,no,no,no,no,False
102040925,METROPOLITAN NASHVILLE POLICE DEPT,2018-0509743,Davidson,Nashville,6/12/2018 10:25:00 AM,2,2,0,36.116350,-86.777300,I440 W ENT RAMP,,,,0.00,Feet,East,I 440,,,,0.00,N,Not at Intersection,Y,Non-Junction,None,,,         ,Carlos,angulo,Clear,"Sideswipe, Same Direction",no,no,no,no,no,False