master_record_number,agency,agency_tracking_number,county,city,collision_date,vehicles_involved,number_injured,number_dead,latitude,longitude,roadway_name,roadway_suffix,roadway_number,roadway_local_id,distance_from_reference,miles-feet_indicator,direction_from_reference,intersection_road_name,intersection_road_name_suffix,intersection_road_number,intersection_local_id,mile_marker,intersection_indicator,intersect_type,interchange_related_indicator,relation_to_junction,work_zone_type,construction_maintenance_zone,construction_maintenance_zone_location,fatal_case_number,officer_first_name,officer_last_name,weather_condition(s),manner_of_crash,pedestrian,bicycle,scooter,parking,hitrun,mou
102041686,METROPOLITAN NASHVILLE POLICE DEPT,20180513024,Davidson,Nashville,6/13/2018 10:05:00 AM,2,0,0,36.233140,-86.758660,DICKERSON PKE,,,,0.00,,,MAPLEWOOD TRC,,,,0.00,Y,Four-Way, ,Intersection,None,,,         ,Russell,Freeman,Cloudy,"Sideswipe, Same Direction",no,no,no,no,no,False
102041687,METROPOLITAN NASHVILLE POLICE DEPT,20180513019,Davidson,Nashville,6/13/2018 8:30:00 AM,2,0,0,36.191250,-86.799110,ROSA L PARKS BLVD,,,,96.00,Feet,North,VANTAGE WAY CT,,,,0.00,N,Not at Intersection, ,Non-Junction,None,,,         ,Brian,Warstadt,Cloudy,Front to Rear,no,no,no,no,no,False
102041698,METROPOLITAN NASHVILLE POLICE DEPT,2018-0512963,Davidson,Nashville,6/13/2018 9:21:00 AM,2,0,0,36.061870,-86.681840,I 24,,,,0.00,,,,,,,57.70,N,Not at Intersection, ,,None,,,         ,Stanley,Collins,,,no,no,no,no,no,False
102041716,METROPOLITAN NASHVILLE POLICE DEPT,20180513263,Davidson,Nashville,6/12/2018 2:22:00 PM,2,0,0,36.136760,-86.821720,WEST END AV,,,,56.00,Feet,North,I440 E ENT RAMP,,,,0.00,N,Not at Intersection, ,Non-Junction,None,,,         ,Curtis,Rich,Clear,Angle,no,no,no,no,yes,False
102041758,METROPOLITAN NASHVILLE POLICE DEPT,20180512991,Davidson,Nashville,6/13/2018 10:12:00 AM,2,0,0,36.058880,-86.920480,HIGHWAY 100,,,,0.00,,,WILLOUGHBY WAY,,,,0.00,Y,T-Intersection,N,Intersection-Related,None,,,         ,Charles,Boles,Cloudy,Front to Rear,no,no,no,no,no,False
102041764,METROPOLITAN NASHVILLE POLICE DEPT,20180513199,Davidson,Nashville,6/13/2018 11:00:00 AM,1,0,0,36.253040,-86.716930,GALLATIN PKES,,,,76.00,Feet,South,MADISON SQ,,,,0.00,N,Not at Intersection,N,Non-Junction,None,,,         ,Brian,Otto,Cloudy,Not Collision with Motor Vehicle in Transport,no,no,no,yes,no,False
102041776,METROPOLITAN NASHVILLE POLICE DEPT,20180513378,Davidson,Nashville,6/13/2018 12:13:00 PM,1,0,0,36.154350,-86.621330,BELL RD,,,,453.00,Feet,East,BELL RD PVTDR,,,,0.00,N,Not at Intersection,N,Non-Junction,None,,,         ,Michael,Dance,Cloudy,Not Collision with Motor Vehicle in Transport,no,no,no,no,no,False
102041782,METROPOLITAN NASHVILLE POLICE DEPT,20180513219,Davidson,Nashville,6/13/2018 11:05:00 AM,2,0,0,36.247170,-86.756690,DICKERSON PKE,,,,186.00,Feet,North,SKYLINE COMMONS PVTDR,,,,0.00,N,Not at Intersection,N,Non-Junction,None,,,         ,Steven,Snitzer,Cloudy,"Sideswipe, Same Direction",no,no,no,no,yes,False
102041802,METROPOLITAN NASHVILLE POLICE DEPT,20180513032,Davidson,Nashville,6/13/2018 9:46:00 AM,2,0,0,36.193800,-86.801490,ATHENS WAY,,,,83.00,Feet,South,LAKE FRONT OFFICE PARK PVTDR,,,,0.00,N,Not at Intersection,N,Non-Junction,None,,,         ,Thomas,Miller,Clear,Angle,no,no,no,no,no,False
102041821,METROPOLITAN NASHVILLE POLICE DEPT,20180513438,Davidson,Nashville,6/13/2018 12:45:00 PM,4,0,0,36.062330,-86.904610,HIGHWAY 100,,,,6.00,Feet,East,OLD HICKORY BLVD,,,,0.00,N,Not at Intersection, ,Non-Junction,None,,,         ,Curtis,Rich,Cloudy,Front to Rear,no,no,no,no,no,False
102041854,METROPOLITAN NASHVILLE POLICE DEPT,20180513603,Davidson,Nashville,6/13/2018 1:39:00 PM,2,2,0,36.103920,-86.815490,HILLSBORO PKE,,,,273.00,Feet,North,WARFIELD DR,,,,0.00,N,Not at Intersection,N,"Driveway, Alley Access, etc",None,,,         ,Nathan,Kemp,Clear,Angle,no,no,no,no,no,False
102041866,METROPOLITAN NASHVILLE POLICE DEPT,20180513591,Davidson,Nashville,6/13/2018 1:25:00 PM,2,0,0,36.111060,-86.754320,THOMPSON LN,,,,42.00,Feet,East,EUGENIA AV,,,,0.00,N,Not at Intersection, ,Non-Junction,None,,,         ,Jon,Mcvey,Cloudy,"Sideswipe, Same Direction",no,no,no,no,no,False
102041870,METROPOLITAN NASHVILLE POLICE DEPT,20180513232,Davidson,Nashville,6/13/2018 11:21:00 AM,2,2,0,36.111930,-86.762920,THOMPSON LN,,,,0.00,,,E IRIS DR,,,,0.00,Y,Four-Way,N,Intersection,None,,,         ,Phillip,Murphy,Cloudy,Angle,no,no,no,no,no,False
102041875,BERRY HILL POLICE DEPT,18-2000,Davidson,Berry Hill,6/13/2018 11:25:00 AM,2,0,0,36.125790,-86.765870,CRAIGHEAD ST,,,,0.00,,,BRANSFORD AV,,,,0.00,Y,Four-Way, ,Intersection,None,,,         ,Ronnie,Hill,Cloudy,Angle,no,no,no,no,no,False
102041890,METROPOLITAN NASHVILLE POLICE DEPT,20180513645,Davidson,Nashville,6/13/2018 1:50:00 PM,2,0,0,36.180110,-86.811840,BUCHANAN ST,,,,0.00,,,21ST AVN,,,,0.00,Y,T-Intersection,N,Non-Junction,None,,,         ,John,Petriello,Clear,Front to Rear,no,no,no,no,yes,False
102041919,METROPOLITAN NASHVILLE POLICE DEPT,20180513483,Davidson,Nashville,6/13/2018 12:45:00 PM,2,0,0,36.180010,-86.800600,I 65,,,,0.00,,,,,,,85.00,N,Not at Intersection, ,Non-Junction,None,,,         ,Royce,McLester,Clear,"Sideswipe, Same Direction",no,no,no,no,no,False
102041924,GOODLETTSVILLE POLICE DEPT,18-20645,Davidson,Goodlettsville,6/13/2018 9:40:00 AM,2,1,0,36.314800,-86.699040,CONFERENCE DR,,,,63.00,Feet,North,WINDSOR GREEN BLVD,,,,0.00,N,Not at Intersection,N,Non-Junction,None,,,         ,John,Spencer,Clear,Front to Rear,no,no,no,no,no,False
102041934,METROPOLITAN NASHVILLE POLICE DEPT,2018-0513758,Davidson,Nashville,6/13/2018 2:10:00 PM,2,0,0,36.100340,-86.871110,PAGE RD,,,,0.00,,,HARDING PKE,,,,0.00,Y,Four-Way,N,Intersection,None,,,         ,Ryan,Allen,Clear,Front to Rear,no,no,no,no,yes,False
102041945,METROPOLITAN NASHVILLE POLICE DEPT,20180513581,Davidson,Not in City Limit,6/13/2018 1:26:00 PM,3,0,0,36.323700,-86.866180,I 24,,,,0.00,,,,,,,35.10,N,Not at Intersection,N,Non-Junction,None,,,         ,Robert,Schohn,Clear,Front to Rear,no,no,no,no,no,False
102041948,METROPOLITAN NASHVILLE POLICE DEPT,20180513839,Davidson,Nashville,6/13/2018 3:05:00 PM,2,0,0,36.079150,-86.727650,HARDING PL,,,,429.00,Feet,West,NOLENSVILLE PKE,,,,0.00,N,Not at Intersection, ,Non-Junction,None,,,         ,Ryan,Storm,Clear,Front to Rear,no,no,no,no,yes,False
102041949,METROPOLITAN NASHVILLE POLICE DEPT,20180513773,Davidson,Nashville,6/13/2018 12:00:00 AM,2,0,0,36.174020,-86.790780,MADISON ST,,,,103.00,Feet,West,7TH AVN,,,,0.00,N,Not at Intersection, ,Non-Junction,None,,,         ,Melvin,Taylor,Clear,Front to Rear,no,no,no,no,no,False
102041952,METROPOLITAN NASHVILLE POLICE DEPT,20180513717,Davidson,Nashville,6/13/2018 2:23:00 PM,2,1,0,36.154960,-86.665270,LAKELAND DR,,,,0.00,,,DONELSON PKE,,,,0.00,Y,Four-Way,N,Intersection,None,,,         ,Thomas,Odom,Clear,Angle,no,no,no,no,no,False
102041959,METROPOLITAN NASHVILLE POLICE DEPT,20180513817,Davidson,Nashville,6/13/2018 2:27:00 PM,2,0,0,36.153770,-86.763030,I 40,,,,0.00,,,,,,,210.80,N,Not at Intersection, ,Entrance/Exit Ramp Related,None,,,         ,Douglas,Sykes,Clear,Front to Rear,no,no,no,no,no,False
102041968,METROPOLITAN NASHVILLE POLICE DEPT,20180513822,Davidson,Nashville,6/13/2018 2:40:00 PM,2,1,0,36.026240,-86.588130,MURFREESBORO PKE,,,,97.00,Feet,South,HICKORY WOODS DR,,,,0.00,N,Not at Intersection,N,Non-Junction,None,,,         ,Arend,Groeneweg,Clear,Front to Rear,no,no,no,no,no,False
102041973,METROPOLITAN NASHVILLE POLICE DEPT,20180514001,Davidson,Nashville,6/13/2018 3:47:00 PM,2,0,0,36.081100,-86.758360,HARDING PL,,,,0.00,,,TROUSDALE DR,,,,0.00,Y,Four-Way, ,Intersection-Related,None,,,         ,Ryan,Storm,Clear,Front to Rear,no,no,no,no,no,False
102041981,METROPOLITAN NASHVILLE POLICE DEPT,20180514009,Davidson,Nashville,6/13/2018 12:00:00 AM,3,0,0,36.172290,-86.795310,JEFFERSON ST,,,,156.00,Feet,West,10TH AVN,,,,0.00,N,Not at Intersection, ,Non-Junction,None,,,         ,Melvin,Taylor,Clear,Front to Rear,no,no,no,no,yes,False
102041986,METROPOLITAN NASHVILLE POLICE DEPT,20180513885,Davidson,Nashville,6/13/2018 2:35:00 PM,2,0,0,36.161770,-86.779580,COMMERCE ST,,,,77.00,Feet,West,5TH AVN,,,,0.00,N,Not at Intersection, ,Non-Junction,None,,,         ,Zachary,Plese,Clear,Front to Rear,no,no,no,no,no,False
102041988,METROPOLITAN NASHVILLE POLICE DEPT,20180513900,Davidson,Nashville,6/13/2018 3:00:00 PM,2,0,0,36.171840,-86.764770,WOODLAND ST,,,,0.00,,,S 5TH ST,,,,0.00,Y,Four-Way,Y,Intersection-Related,None,,,         ,Barrett,Teague,Clear,"Sideswipe, Same Direction",no,no,no,no,yes,False
102042000,METROPOLITAN NASHVILLE POLICE DEPT,20180513998,Davidson,Nashville,6/13/2018 3:59:00 PM,1,0,0,36.142130,-86.710960,I 40,,,,0.00,,,,,,,214.15,N,Not at Intersection, ,Non-Junction,None,,,         ,Dontaveous,Eubanks,Clear,Not Collision with Motor Vehicle in Transport,no,no,no,no,no,False
102042011,METROPOLITAN NASHVILLE POLICE DEPT,20180513967,Davidson,Nashville,6/13/2018 3:51:00 PM,1,0,0,36.250330,-86.741280,I 65,,,,0.00,,,,,,,91.20,N,Not at Intersection,N,Non-Junction,None,,,         ,Michael,Thompson,Clear,Not Collision with Motor Vehicle in Transport,no,no,no,no,no,False
102042020,METROPOLITAN NASHVILLE POLICE DEPT,20180515005,Davidson,Nashville,6/13/2018 2:43:00 PM,2,0,0,36.092810,-86.678860,HARDING PL,,,,0.00,,,DONELSON PKE,,,,0.00,Y,T-Intersection, ,Intersection,None,,,         ,YUNUS,ADAK,Clear,"Sideswipe, Same Direction",no,no,no,no,no,False
102042021,METROPOLITAN NASHVILLE POLICE DEPT,20180514126,Davidson,Nashville,6/13/2018 4:20:00 PM,2,1,0,36.132050,-86.718290,MURFREESBORO PKE,,,,339.00,Feet,East,FOOTHILL CT,,,,0.00,N,Not at Intersection,N,Non-Junction,None,,,         ,Eric,Keller,Clear,"Sideswipe, Same Direction",no,no,no,no,no,False
102042023,METROPOLITAN NASHVILLE POLICE DEPT,20180514145,Davidson,Nashville,6/13/2018 12:00:00 AM,2,0,0,36.209460,-86.870040,ASHLAND CITY HWY EB ENT RAMP,,,,0.00,Feet,East,ASHLAND CITY HWY,,,,0.00,N,Not at Intersection, ,Non-Junction,None,,,         ,Melvin,Taylor,Clear,Front to Rear,no,no,no,no,no,False
102042033,METROPOLITAN NASHVILLE POLICE DEPT,20180514190,Davidson,Nashville,6/13/2018 4:51:00 PM,3,0,0,36.240190,-86.631850,OLD HICKORY BLVD,,,,204.00,Feet,West,PRENTISS DR,,,,0.00,N,Not at Intersection,N,Non-Junction,None,,,         ,Craig,Gentry,Clear,Front to Rear,no,no,no,no,no,False
102042037,METROPOLITAN NASHVILLE POLICE DEPT,20180514232,Davidson,Nashville,6/13/2018 4:21:00 PM,2,0,0,36.142440,-86.765050,HART ST,,,,0.00,,,4TH AVS,,,,0.00,Y,OTHER,N,Intersection,None,,,         ,Douglas,Sykes,Clear,"Sideswipe, Same Direction",no,no,no,no,no,False
102042044,METROPOLITAN NASHVILLE POLICE DEPT,20180513955,Davidson,Nashville,6/13/2018 3:27:00 PM,2,0,0,36.119800,-86.749660,NOLENSVILLE PKE,,,,276.00,Feet,North,NEWSOME ST,,,,0.00,N,Not at Intersection, ,Non-Junction,None,,,         ,Je-Marc,Sears,Clear,Angle,no,no,no,no,no,False
102042049,METROPOLITAN NASHVILLE POLICE DEPT,20180514054,Davidson,Nashville,6/13/2018 4:10:00 PM,2,0,0,36.151690,-86.752420,I 40,,,,0.00,,,,,,,211.45,N,Not at Intersection,N,Entrance/Exit Ramp Related,None,,,         ,Russell,Ward,Clear,"Sideswipe, Same Direction",no,no,no,no,yes,False
102042050,METROPOLITAN NASHVILLE POLICE DEPT,20180514297,Davidson,Nashville,6/13/2018 5:26:00 PM,2,0,0,36.147810,-86.822180,I 440,,,,0.00,,,,,,,1.30,N,Not at Intersection, ,Non-Junction,None,,,         ,Eric,Burford,Clear,Front to Rear,no,no,no,no,no,False
102042051,METROPOLITAN NASHVILLE POLICE DEPT,20180514031,Davidson,Nashville,6/13/2018 4:10:00 PM,2,0,0,36.147780,-86.758520,LEWIS ST,,,,94.00,Feet,North,LAFAYETTE ST,,,,0.00,N,Not at Intersection,N,Non-Junction,None,,,         ,Johnathan,Pannell,Clear,"Sideswipe, Same Direction",no,no,no,no,yes,False
102042052,METROPOLITAN NASHVILLE POLICE DEPT,20180514329,Davidson,Nashville,6/13/2018 5:02:00 PM,2,0,0,36.120520,-86.726990,I 24,,,,0.00,,,,,,,52.90,N,Not at Intersection, ,Non-Junction,None,,,         ,YUNUS,ADAK,Clear,Front to Rear,no,no,no,no,no,False
102042062,METROPOLITAN NASHVILLE POLICE DEPT,20180514274,Davidson,Nashville,6/13/2018 5:16:00 PM,2,0,0,36.160070,-86.782850,ROSA L PARKS BLVD,,,,76.00,Feet,South,COMMERCE ST,,,,0.00,N,Not at Intersection,N,Non-Junction,None,,,         ,Seth,Quiles,Clear,Front to Rear,no,no,no,no,no,False
102042075,METROPOLITAN NASHVILLE POLICE DEPT,20180514354,Davidson,Nashville,6/13/2018 3:05:00 PM,2,1,0,36.075630,-86.655280,DOVER GLEN DR,,,,59.00,Feet,West,SPLIT OAK TRL,,,,0.00,N,Not at Intersection,N,Non-Junction,None,,,         ,Eric,Keller,Clear,Not Collision with Motor Vehicle in Transport,no,no,no,no,no,False
102042077,VANDERBILT UNIVERSITY POLICE,20180511005,Davidson,Nashville,6/12/2018 6:17:00 PM,2,0,0,36.139420,-86.809190,CHILDRENS WAY,,,,0.00,,,,,,,0.00,,,N,Non-Junction,None,,,         ,Lydell,Reedy,Cloudy,Angle,no,no,no,no,yes,Campus
102042085,METROPOLITAN NASHVILLE POLICE DEPT,20180514310,Davidson,Nashville,6/13/2018 5:30:00 PM,2,0,0,36.166490,-86.765910,INTERSTATE DR,,,,101.00,Feet,North,SHELBY AV,,,,0.00,N,Not at Intersection, ,Non-Junction,None,,,         ,Zachary,Plese,Clear,Angle,no,no,no,no,no,False
102042086,METROPOLITAN NASHVILLE POLICE DEPT,20180513961,Davidson,Nashville,6/13/2018 3:53:00 PM,2,0,0,36.090330,-86.626500,SMITH SPRINGS RD,,,,0.00,,,BELL RD,,,,0.00,Y,Four-Way,N,Intersection-Related,None,,,         ,Kimberly,Annson,Clear,Other,no,no,no,no,no,False
102042090,METROPOLITAN NASHVILLE POLICE DEPT,20180514301,Davidson,Nashville,6/13/2018 4:00:00 PM,2,0,0,36.037400,-86.646460,I 24,,,,0.00,,,,,,,60.30,N,Not at Intersection, ,,None,,,         ,Arend,Groeneweg,,,no,no,no,no,no,False
102042091,METROPOLITAN NASHVILLE POLICE DEPT,20180514184,Davidson,Nashville,6/13/2018 4:31:00 PM,2,0,0,36.085970,-86.700170,HARDING PL,,,,3.00,Feet,South,I24 E ENT RAMP,,,,0.00,N,Not at Intersection, ,Non-Junction,None,,,         ,Aimee,Ortiz,Cloudy,Front to Rear,no,no,no,no,no,False
102042092,METROPOLITAN NASHVILLE POLICE DEPT,20180514294,Davidson,Nashville,6/13/2018 5:22:00 PM,2,0,0,36.184700,-86.747970,GALLATIN AV,,,,0.00,,,CHICAMAUGA AV,,,,0.00,Y,T-Intersection,Y,Intersection,None,,,         ,Daniel,Wadham,Clear,Angle,no,no,no,no,yes,False
102042113,METROPOLITAN NASHVILLE POLICE DEPT,20180514431,Davidson,Nashville,6/13/2018 6:10:00 PM,2,0,0,36.183440,-86.744890,EASTLAND AV,,,,0.00,,,N 14TH ST,,,,0.00,Y,Four-Way, ,Intersection,None,,,         ,James,Smith,Clear,Other,no,no,no,no,no,False
102042115,METROPOLITAN NASHVILLE POLICE DEPT,20180514352,Davidson,Nashville,6/13/2018 4:40:00 PM,2,0,0,36.203090,-86.591610,TULIP COVE PVTDR,,,,0.00,Feet,East,TULIP GROVE RD,,,,0.00,N,Not at Intersection,N,Non-Junction,None,,,         ,Keiara,Ward,Clear,Angle,no,no,no,no,yes,False
102042125,METROPOLITAN NASHVILLE POLICE DEPT,20180514513,Davidson,Nashville,6/13/2018 12:00:00 AM,2,0,0,36.169070,-86.796870,I 40,,,,0.00,,,,,,,207.90,N,Not at Intersection, ,Non-Junction,None,,,         ,Melvin,Taylor,Clear,Front to Rear,no,no,no,no,yes,False
102042140,METROPOLITAN NASHVILLE POLICE DEPT,20180514446,Davidson,Nashville,6/13/2018 4:52:00 PM,2,0,0,36.108200,-86.812420,HILLSBORO PKE,,,,160.00,Feet,North,GREEN HILLS VILLAGE DR,,,,0.00,N,Not at Intersection, ,Non-Junction,None,,,         ,Jacob,Paul,Clear,Angle,no,no,no,no,no,False
102042143,METROPOLITAN NASHVILLE POLICE DEPT,20180514450,Davidson,Nashville,6/13/2018 5:50:00 PM,3,0,0,36.118680,-86.631050,BELL RD,,,,178.00,Feet,North,HERON POINTE DR,,,,0.00,N,Not at Intersection,N,Non-Junction,None,,,         ,Brady,Reynolds,Clear,Front to Rear,no,no,no,no,yes,False
102042144,METROPOLITAN NASHVILLE POLICE DEPT,20180514547,Davidson,Nashville,6/13/2018 6:13:00 PM,2,0,0,36.206560,-86.791510,YOUNGS LN,,,,80.00,Feet,West,BAPTIST WORLD CENTER DR,,,,0.00,N,Not at Intersection,N,OtherLocation,None,,,         ,Jason,Hogan,Clear,Front to Rear,yes,no,no,no,yes,False
102042152,METROPOLITAN NASHVILLE POLICE DEPT,20180514391,Davidson,Nashville,6/13/2018 5:45:00 PM,2,0,0,36.198780,-86.747170,CAROLYN AV,,,,578.00,Feet,West,MARTHA AV,,,,0.00,N,Not at Intersection,N,Non-Junction,None,,,         ,Randall,Smith,Clear,Angle,no,no,no,no,yes,False
102042167,METROPOLITAN NASHVILLE POLICE DEPT,20180514634,Davidson,Nashville,6/13/2018 5:40:00 PM,2,1,0,36.083460,-86.763810,I 65,,,,0.00,,,,,,,77.90,N,Not at Intersection,N,Non-Junction,None,,,         ,Jacob,Paul,Clear,Front to Rear,no,no,no,no,yes,False
102042203,METROPOLITAN NASHVILLE POLICE DEPT,20180514444,Davidson,Nashville,6/13/2018 6:00:00 PM,2,0,0,36.186870,-86.608570,JACKSON PASS,,,,0.00,,,ANDREW JACKSON PKWY,,,,0.00,Y,OTHER,N,Non-Junction,None,,,         ,Russell,Ward,Clear,HeadOn,no,no,no,no,yes,False
102042234,METROPOLITAN NASHVILLE POLICE DEPT,20180514416,Davidson,Nashville,6/13/2018 6:05:00 PM,2,0,0,36.073960,-86.734970,BLACKMAN RD,,,,0.00,Feet,,OVERCREST DR,,,,0.00,Y,T-Intersection, ,Intersection-Related,None,,,         ,Bobby,Samuels,Clear,Angle,no,no,no,no,no,False
102042264,METROPOLITAN NASHVILLE POLICE DEPT,20180514774,Davidson,Nashville,6/13/2018 8:00:00 AM,2,0,0,36.147390,-86.682890,CENTURY BLVD,,,,0.00,,,,,,,0.00,,,N,Non-Junction,None,,,         ,Allyson,Reis,Clear,"Sideswipe, Same Direction",no,no,no,yes,yes,False
102042265,METROPOLITAN NASHVILLE POLICE DEPT,20180514308,Davidson,Not in City Limit,6/13/2018 5:30:00 PM,2,2,0,36.277910,-86.734650,I 65,,,,0.00,,,,,,,93.20,N,Not at Intersection,N,Non-Junction,None,,,         ,Kevin,Crawford,Clear,"Sideswipe, Same Direction",no,no,no,no,no,False
102042298,METROPOLITAN NASHVILLE POLICE DEPT,20180514715,Davidson,Nashville,6/13/2018 8:15:00 PM,2,0,0,36.064590,-86.620340,HAMILTON CHURCH RD,,,,36.00,Feet,West,HAMILTON GLEN DR,,,,0.00,N,Not at Intersection, ,Non-Junction,None,,,         ,Eric,Keller,Clear,"Sideswipe, Same Direction",no,no,no,no,no,False
102042308,METROPOLITAN NASHVILLE POLICE DEPT,20180514884,Davidson,Nashville,6/13/2018 8:54:00 PM,2,0,0,36.153480,-86.795030,WEST END AV,,,,213.00,Feet,West,17TH AVS,,,,0.00,N,Not at Intersection,N,Non-Junction,None,,,         ,Jacob,Paul,Clear,"Sideswipe, Same Direction",no,no,no,no,yes,False
102042317,METROPOLITAN NASHVILLE POLICE DEPT,20180514890,Davidson,Nashville,6/13/2018 12:00:00 AM,2,0,0,36.161640,-86.814760,BATAVIA ST,,,,105.00,Feet,West,25TH AVN,,,,0.00,N,Not at Intersection,N,Non-Junction,None,,,         ,Christopher,Dickerson,Clear,Angle,no,no,no,no,yes,False
102042320,METROPOLITAN NASHVILLE POLICE DEPT,20180514729,Davidson,Nashville,6/13/2018 8:23:00 PM,2,0,0,36.135540,-86.797170,MAGNOLIA BLVD,,,,0.00,,,18TH AVS,,,,0.00,Y,T-Intersection,N,Intersection,None,,,         ,Eric,Burford,Clear,Angle,no,no,no,no,no,False
102042324,METROPOLITAN NASHVILLE POLICE DEPT,20180505298,Davidson,Nashville,6/13/2018 4:23:00 PM,3,0,0,36.136230,-86.629790,BELL RD,,,,0.00,,,REELFOOT DR,,,,0.00,Y,T-Intersection, ,Non-Junction,None,,,         ,Darryl,Williams,Rain,Front to Rear,no,no,no,no,yes,False
102042370,METROPOLITAN NASHVILLE POLICE DEPT,20180514939,Davidson,Nashville,6/13/2018 9:56:00 PM,2,0,0,36.155590,-86.771070,2ND AVS,,,,0.00,,,LEA AV,,,,0.00,Y,Four-Way, ,Non-Junction,None,,,         ,Joseph,Bingham,Clear,"Sideswipe, Same Direction",no,no,no,no,no,False
102042374,METROPOLITAN NASHVILLE POLICE DEPT,20180514403,Davidson,Not in City Limit,6/13/2018 12:00:00 AM,2,0,0,36.269260,-86.755740,OLD HICKORY BLVDW,,,,0.00,Feet,,DICKERSON PKE,,,,0.00,Y,Four-Way,N,Intersection,None,,,         ,Joel,Callies,Clear,Angle,no,no,no,no,no,False
102042375,METROPOLITAN NASHVILLE POLICE DEPT,20180514963,Davidson,Nashville,6/13/2018 10:13:00 PM,1,0,0,36.107270,-86.719910,I 24,,,,0.00,,,,,,,53.90,N,Not at Intersection,N,Non-Junction,None,,,         ,Eric,Keller,Clear,Unknown,no,no,no,no,yes,False
102042444,GOODLETTSVILLE POLICE DEPT,18-20700,Davidson,Goodlettsville,6/13/2018 9:02:00 PM,3,1,0,36.310630,-86.702250,I 65,,,,0.00,,,,,,,96.05,N,Not at Intersection,Y,Entrance/Exit Ramp Related,None,,,         ,Jeffery,Hunter,Cloudy,"Sideswipe, Same Direction",no,no,no,no,no,False
102042450,METROPOLITAN NASHVILLE POLICE DEPT,20180515448,Davidson,Nashville,6/14/2018 1:33:00 AM,1,0,0,36.126860,-86.629730,BELL RD,,,,227.00,Feet,South,PRIEST WOODS DR,,,,0.00,N,Not at Intersection, ,Non-Junction,None,,,         ,Bridget,Griepentrog,Clear,Not Collision with Motor Vehicle in Transport,no,no,no,no,no,False
102042453,METROPOLITAN NASHVILLE POLICE DEPT,20180515556,Davidson,Nashville,6/13/2018 11:30:00 PM,2,0,0,36.150640,-86.631570,FITZPATRICK RD,,,,577.00,Feet,North,BLACKWOOD DR,,,,0.00,N,Not at Intersection,N,Non-Junction,None,,,         ,Bridget,Griepentrog,Clear,HeadOn,no,no,no,no,yes,False
102042463,METROPOLITAN NASHVILLE POLICE DEPT,20180515670,Davidson,Nashville,6/14/2018 3:25:00 AM,1,0,0,36.217600,-86.623790,OLD HICKORY BLVD,,,,311.00,Feet,North,2ND ST,,,,0.00,N,Not at Intersection,N,"Driveway, Alley Access, etc",None,,,         ,Emily,Mulready,Clear,Not Collision with Motor Vehicle in Transport,no,no,no,no,yes,False
102042522,METROPOLITAN NASHVILLE POLICE DEPT,2018-0512927,Davidson,Nashville,6/13/2018 8:26:00 AM,2,0,0,36.171430,-86.769040,INTERSTATE DR,,,,0.00,,,JAMES ROBERTSON PKWY,,,,0.00,Y,Four-Way, ,Intersection-Related,None,,,         ,Michael,Schlegel,Clear,Front to Rear,no,no,no,no,no,False
102042525,METROPOLITAN NASHVILLE POLICE DEPT,2018-0515955,Davidson,Nashville,6/14/2018 5:45:00 AM,2,1,0,36.032780,-86.771150,CHURCH STE,,,,45.00,Feet,West,ANNABEL LN,,,,0.00,N,Not at Intersection,N,Non-Junction,None,,,         ,Thomas,Miller,Fog,Angle,no,no,no,no,no,False
102042556,METROPOLITAN NASHVILLE POLICE DEPT,20180516058,Davidson,Not in City Limit,6/14/2018 12:00:00 AM,2,0,0,36.271780,-86.696790,FEDDERS DR,,,,238.00,Feet,West,SINGER DR,,,,0.00,N,Not at Intersection,N,Non-Junction,None,,,         ,Michelle,Steidl,Unknown,"Sideswipe, Opposite Direction",no,no,no,no,yes,False
102042565,METROPOLITAN NASHVILLE POLICE DEPT,20180516111,Davidson,Nashville,6/14/2018 7:22:00 AM,2,1,0,36.169280,-86.862060,CENTENNIAL BLVD,,,,0.00,,,LINDER INDUSTRIAL DR,,,,0.00,Y,Four-Way,N,Intersection,None,,,         ,Curtis,Rich,Cloudy,HeadOn,no,no,no,no,no,False
102042568,METROPOLITAN NASHVILLE POLICE DEPT,20180516179,Davidson,Nashville,6/14/2018 8:10:00 AM,2,0,0,36.044830,-86.670170,BELL RD,,,,78.00,Feet,East,HICKORY PARK DR,,,,0.00,N,Not at Intersection, ,,None,,,         ,Jessie,Meadows,,,no,no,no,no,no,False
102042570,METROPOLITAN NASHVILLE POLICE DEPT,20180516066,Davidson,Nashville,6/14/2018 6:52:00 AM,2,0,0,36.114440,-86.810810,HILLSBORO PKE,,,,179.00,Feet,North,WOODMONT BLVD,,,,0.00,N,Not at Intersection, ,Non-Junction,None,,,         ,Jon,Mcvey,Cloudy,Angle,no,no,no,no,no,False
102042584,METROPOLITAN NASHVILLE POLICE DEPT,20180516073,Davidson,Nashville,6/14/2018 5:20:00 AM,1,0,0,36.343060,-86.757160,LICKTON PKE,,,,176.00,Feet,West,LOWER WALKERS CREEK RD,,,,0.00,N,Not at Intersection, ,Non-Junction,None,,,         ,Steven,Snitzer,Cloudy,Not Collision with Motor Vehicle in Transport,no,no,no,no,no,False
102042603,METROPOLITAN NASHVILLE POLICE DEPT,20180516081,Davidson,Nashville,6/14/2018 7:00:00 AM,2,0,0,36.165510,-86.780130,4TH AVN,,,,123.00,Feet,South,DEADERICK ST,,,,0.00,N,Not at Intersection, ,,None,,,         ,Gregory,Julia,,,no,no,no,no,no,False