master_record_number,agency,agency_tracking_number,county,city,collision_date,vehicles_involved,number_injured,number_dead,latitude,longitude,roadway_name,roadway_suffix,roadway_number,roadway_local_id,distance_from_reference,miles-feet_indicator,direction_from_reference,intersection_road_name,intersection_road_name_suffix,intersection_road_number,intersection_local_id,mile_marker,intersection_indicator,intersect_type,interchange_related_indicator,relation_to_junction,work_zone_type,construction_maintenance_zone,construction_maintenance_zone_location,fatal_case_number,officer_first_name,officer_last_name,weather_condition(s),manner_of_crash,pedestrian,bicycle,scooter,parking,hitrun,mou
102044229,METROPOLITAN NASHVILLE POLICE DEPT,20180520730,Davidson,Nashville,6/15/2018 4:11:00 PM,2,0,0,36.062430,-86.625910,MURFREESBORO PKE,,,,1146.00,Feet,South,HAMILTON CHURCH RD,,,,0.00,N,Not at Intersection, ,,None,,,         ,Hillary,Sherman,,,no,no,no,no,no,False
102044244,METROPOLITAN NASHVILLE POLICE DEPT,20180520831,Davidson,Nashville,6/15/2018 4:00:00 PM,3,0,0,36.134330,-86.727100,I 24,,,,0.00,,,,,,,52.10,N,Not at Intersection,N,Non-Junction,None,,,         ,Eric,Keller,Clear,Front to Rear,no,no,no,no,no,False
102044247,METROPOLITAN NASHVILLE POLICE DEPT,20180520953,Davidson,Nashville,6/15/2018 4:55:00 PM,2,0,0,36.145750,-86.776990,I 65,,,,0.00,,,,,,,82.20,N,Not at Intersection, ,Entrance/Exit Ramp Related,None,,,         ,Douglas,Sykes,Rain,Front to Rear,no,no,no,no,no,False
102044252,METROPOLITAN NASHVILLE POLICE DEPT,20180520869,Davidson,Nashville,6/15/2018 4:54:00 PM,1,1,0,36.077830,-86.767310,LAMBERT DR,,,,350.00,Feet,North,I65 S ENT RAMP,,,,0.00,N,Not at Intersection,N,Non-Junction,None,,,         ,Akira,McSwain,Rain,Not Collision with Motor Vehicle in Transport,no,no,no,no,no,False
102044261,METROPOLITAN NASHVILLE POLICE DEPT,20180520884,Davidson,Nashville,6/15/2018 4:30:00 PM,2,0,0,36.199490,-86.620590,LEBANON PKE WB EXT RAMP,,,,0.00,,,OLD HICKORY BLVD,,,,0.00,Y,OTHER, ,,None,,,         ,Brady,Reynolds,,,no,no,no,no,no,False
102044262,METROPOLITAN NASHVILLE POLICE DEPT,20180520981,Davidson,Nashville,6/15/2018 12:00:00 AM,2,0,0,36.171620,-86.796900,11TH AVN,,,,100.00,Feet,South,JEFFERSON ST,,,,0.00,N,Not at Intersection, ,Non-Junction,None,,,         ,Melvin,Taylor,Clear,Front to Rear,no,no,no,no,no,False
102044270,METROPOLITAN NASHVILLE POLICE DEPT,20180520661,Davidson,Nashville,6/15/2018 3:25:00 PM,2,3,0,36.167690,-86.805830,MEHARRY BLVD,,,,27.00,Feet,East,DR D B TODD JR BLVD,,,,0.00,N,Not at Intersection,N,Non-Junction,None,,,         ,Justin,Vaughn,Clear,Front to Rear,no,no,no,no,no,False
102044273,METROPOLITAN NASHVILLE POLICE DEPT,20180521088,Davidson,Nashville,6/15/2018 6:09:00 PM,2,0,0,36.182680,-86.736140,EASTLAND AV,,,,138.00,Feet,West,CHAPEL AV,,,,0.00,N,Not at Intersection,N,Non-Junction,None,,,         ,Richard,Conger,Rain,Front to Rear,no,no,no,no,no,False
102044275,METROPOLITAN NASHVILLE POLICE DEPT,20180521072,Davidson,Not in City Limit,6/15/2018 4:14:00 PM,2,0,0,36.264210,-86.735070,OLD HICKORY BLVDW,,,,37.00,Feet,East,BOYDS HILLTOP DR,,,,0.00,N,Not at Intersection,N,Non-Junction,None,,,         ,Bradley,Fort,Clear,Front to Rear,no,no,no,no,no,False
102044279,METROPOLITAN NASHVILLE POLICE DEPT,20180520767,Davidson,Not in City Limit,6/15/2018 12:00:00 AM,1,0,0,36.269530,-86.757260,OLD HICKORY BLVD,,,,460.00,Feet,West,DICKERSON PKE,,,,0.00,N,Not at Intersection,N,Non-Junction,None,,,         ,Michael,Quinn,Clear,Not Collision with Motor Vehicle in Transport,no,no,no,no,no,False
102044283,METROPOLITAN NASHVILLE POLICE DEPT,20180521099,Davidson,Nashville,6/15/2018 5:51:00 PM,2,1,0,36.043330,-86.713030,NOLENSVILLE PKE,,,,321.00,Feet,North,MILL CREEK WHITTLEMORE GRNWY,,,,0.00,N,Not at Intersection,N,Non-Junction,None,,,         ,Randall,Ward,Clear,Front to Rear,no,no,no,no,no,False
102044284,METROPOLITAN NASHVILLE POLICE DEPT,20180520630,Davidson,Nashville,6/15/2018 3:44:00 PM,2,2,0,36.064790,-86.628480,HAMILTON CHURCH RD,,,,0.00,,,MURFREESBORO PKE,,,,0.00,Y,Four-Way,N,Intersection,None,,,         ,Patrick,Martin,Clear,Angle,no,no,no,no,no,False
102044288,VANDERBILT UNIVERSITY POLICE,20180520667,Davidson,Nashville,6/15/2018 12:00:00 AM,2,0,0,36.139260,-86.805730,CHILDRENS WAY,,,,0.00,,,,,,,0.00,,, ,Non-Junction,None,,,         ,William,West,Clear,Angle,no,no,no,yes,yes,Campus
102044308,METROPOLITAN NASHVILLE POLICE DEPT,20180520625,Davidson,Nashville,6/15/2018 3:30:00 PM,2,0,0,36.132800,-86.726750,I 24,,,,0.00,,,,,,,52.00,N,Not at Intersection, ,Non-Junction,None,,,         ,Andrew,Anoskey,Clear,"Sideswipe, Same Direction",no,no,no,no,yes,False
102044309,METROPOLITAN NASHVILLE POLICE DEPT,20180520781,Davidson,Nashville,6/15/2018 4:30:00 PM,2,1,0,36.235360,-86.712310,BRILEY PKWYW,,,,531.00,Feet,West,BRILEY PKWYE,,,,0.00,N,Not at Intersection,N,Non-Junction,None,,,         ,Joshua,Lackey,Clear,Front to Rear,no,no,no,no,no,False
102044313,METROPOLITAN NASHVILLE POLICE DEPT,20180520818,Davidson,Not in City Limit,6/15/2018 3:29:00 PM,2,1,0,36.261190,-86.712550,GALLATIN PKES,,,,19.00,Feet,South,MAPLE ST,,,,0.00,N,Not at Intersection,N,Non-Junction,None,,,         ,Harold,Willmore IV,Clear,Front to Rear,no,no,no,no,yes,False
102044318,METROPOLITAN NASHVILLE POLICE DEPT,20180520843,Davidson,Nashville,6/15/2018 4:41:00 PM,2,0,0,36.055010,-86.642410,ZELIDA AV,,,,0.00,,,BELL RD,,,,0.00,Y,Four-Way,N,Intersection,None,,,         ,William,Durham,Clear,Angle,no,no,no,no,yes,False
102044322,METROPOLITAN NASHVILLE POLICE DEPT,20180521016,Davidson,Nashville,6/15/2018 5:30:00 PM,2,0,0,36.170840,-86.764150,S 5TH ST,,,,0.00,,,RUSSELL ST,,,,0.00,Y,Four-Way, ,,None,,,         ,Barrett,Teague,,,no,no,no,no,no,False
102044325,METROPOLITAN NASHVILLE POLICE DEPT,20180520952,Davidson,Madison,6/15/2018 5:22:00 PM,2,0,0,36.263180,-86.713090,OLD HICKORY BLVDW,,,,0.00,,,OLD TIME VILLAGE PVTDR,,,,0.00,Y,T-Intersection, ,Rail Grade Crossing,None,,,         ,Brittani,Campbell,Clear,Front to Rear,no,no,no,no,no,False
102044341,METROPOLITAN NASHVILLE POLICE DEPT,20180520727,Davidson,Nashville,6/15/2018 3:58:00 PM,2,0,0,36.249100,-86.742130,I 65,,,,0.00,,,,,,,91.10,N,Not at Intersection, ,Entrance/Exit Ramp Related,None,,,         ,Thomas,Burns,Clear,Front to Rear,no,no,no,no,no,False
102044342,METROPOLITAN NASHVILLE POLICE DEPT,20180521210,Davidson,Nashville,6/15/2018 6:00:00 PM,2,0,0,36.217830,-86.597630,ANDREW JACKSON PKWY,,,,0.00,Feet,East,JACKSON MEADOWS DR,,,,0.00,N,Not at Intersection,N,Non-Junction,None,,,         ,Keiara,Ward,Clear,Front to Rear,no,no,no,no,no,False
102044353,METROPOLITAN NASHVILLE POLICE DEPT,20180521005,Davidson,Nashville,6/15/2018 5:40:00 PM,2,0,0,36.144680,-86.744230,ELM HILL PKE,,,,55.00,Feet,West,FESSLERS LN,,,,0.00,N,Not at Intersection,N,Non-Junction,None,,,         ,Johnathan,Pannell,Rain,Angle,no,no,no,no,no,False
102044354,METROPOLITAN NASHVILLE POLICE DEPT,20180521119,Davidson,Nashville,6/15/2018 6:00:00 PM,2,0,0,36.146960,-86.743230,I 40,,,,0.00,,,,,,,212.05,N,Not at Intersection, ,Non-Junction,None,,,         ,Johnathan,Pannell,Clear,"Sideswipe, Same Direction",no,no,no,no,no,False
102044371,METROPOLITAN NASHVILLE POLICE DEPT,20180520835,Davidson,Nashville,6/15/2018 4:35:00 PM,2,1,0,36.139720,-86.703090,KAREN DR,,,,342.00,Feet,West,LAURINDA DR,,,,0.00,N,Not at Intersection,N,Non-Junction,None,,,         ,Andrew,Anoskey,Rain,Angle,no,no,no,no,no,False
102044372,BERRY HILL POLICE DEPT,18-2039,Davidson,Nashville,6/15/2018 12:00:00 AM,2,0,0,36.118910,-86.755900,MELROSE AV,,,,0.00,,,EUGENIA AV,,,,0.00,Y,Four-Way,Y,Intersection,None,,,         ,John,Gleixner,Rain,Angle,no,no,no,no,no,False
102044374,BERRY HILL POLICE DEPT,18-2040,Davidson,Nashville,6/15/2018 12:00:00 AM,3,5,0,36.110190,-86.770430,I 65,,,,0.00,,,,,,,79.75,N,Not at Intersection,N,Non-Junction,None,,,         ,John,Gleixner,Cloudy,Front to Rear,no,no,no,no,no,False
102044375,METROPOLITAN NASHVILLE POLICE DEPT,20180521139,Davidson,Nashville,6/15/2018 5:25:00 PM,4,1,0,36.097580,-86.738400,NOLENSVILLE PKE,,,,62.00,Feet,South,VERITAS ST,,,,0.00,N,Not at Intersection,N,Non-Junction,None,,,         ,Honorio,Canchola,Rain,Front to Rear,no,no,no,no,no,False
102044380,METROPOLITAN NASHVILLE POLICE DEPT,20180521002,Davidson,Nashville,6/15/2018 5:05:00 PM,2,0,0,36.140220,-86.818140,WEST END AV,,,,315.00,Feet,South,PARK DR,,,,0.00,N,Not at Intersection, ,Non-Junction,None,,,         ,Jacob,Paul,Clear,Front to Rear,no,no,no,no,no,False
102044387,METROPOLITAN NASHVILLE POLICE DEPT,20180521282,Davidson,Nashville,6/15/2018 4:18:00 PM,2,0,0,36.248050,-86.720910,DUE WEST AVW,,,,163.00,Feet,West,GALLATIN PKES,,,,0.00,N,Not at Intersection,N,Non-Junction,None,,,         ,Rudy,Basaldua,Clear,Rear to Side,no,no,no,no,no,False
102044390,METROPOLITAN NASHVILLE POLICE DEPT,20180521150,Davidson,Nashville,6/15/2018 4:50:00 PM,2,0,0,36.153550,-86.794890,WEST END AV,,,,164.00,Feet,West,17TH AVS,,,,0.00,N,Not at Intersection,N,Non-Junction,None,,,         ,Akira,McSwain,Rain,"Sideswipe, Same Direction",no,no,no,no,yes,False
102044391,METROPOLITAN NASHVILLE POLICE DEPT,20180521025,Davidson,Nashville,6/15/2018 4:10:00 PM,2,0,0,36.118530,-86.726300,I 24,,,,0.00,,,,,,,53.00,N,Not at Intersection, ,Non-Junction,None,,,         ,Aimee,Ortiz,Clear,Front to Rear,no,no,no,no,no,False
102044396,METROPOLITAN NASHVILLE POLICE DEPT,20180521145,Davidson,Nashville,6/15/2018 6:28:00 PM,2,0,0,36.177060,-86.774570,N 1ST ST,,,,54.00,Feet,North,SPRING ST,,,,0.00,N,Not at Intersection, ,Non-Junction,None,,,         ,Zachary,Plese,Cloudy,Front to Rear,no,no,no,no,no,False
102044404,METROPOLITAN NASHVILLE POLICE DEPT,20180520896,Davidson,Nashville,6/15/2018 5:06:00 PM,2,0,0,36.151970,-86.848570,51ST AVN,,,,0.00,,,CHARLOTTE AV,,,,0.00,Y,Four-Way, ,Intersection-Related,None,,,         ,Shaun,Heath,Rain,Front to Rear,no,no,no,no,no,False
102044405,METROPOLITAN NASHVILLE POLICE DEPT,20180521116,Davidson,Nashville,6/15/2018 6:00:00 PM,2,0,0,36.140540,-86.724000,I24E,,,,13.00,Feet,South,POPLAR LN,,,,0.00,N,Not at Intersection, ,,None,,,         ,Jessica,Johann,,,no,no,no,no,no,False
102044406,METROPOLITAN NASHVILLE POLICE DEPT,20180521288,Davidson,Nashville,6/15/2018 6:46:00 PM,2,0,0,36.038890,-86.782590,I 65,,,,0.00,,,,,,,74.60,N,Not at Intersection,N,Non-Junction,None,,,         ,Randall,Ward,Clear,Not Collision with Motor Vehicle in Transport,no,no,no,no,no,False
102044414,METROPOLITAN NASHVILLE POLICE DEPT,20180521259,Davidson,Nashville,6/15/2018 12:00:00 AM,2,0,0,36.103990,-86.820830,HILLSBORO CIR,,,,539.00,Feet,West,BANDYWOOD DR,,,,0.00,N,Not at Intersection,N,Non-Junction,None,,,         ,Ryan,Allen,Clear,Other,no,no,no,yes,yes,False
102044466,METROPOLITAN NASHVILLE POLICE DEPT,20180521146,Davidson,Nashville,6/15/2018 6:25:00 PM,2,0,0,36.168150,-86.657540,LEBANON PKE,,,,214.00,Feet,West,MUNN RD,,,,0.00,N,Not at Intersection, ,Non-Junction,None,,,         ,Allyson,Reis,Rain,Angle,no,no,no,no,no,False
102044467,METROPOLITAN NASHVILLE POLICE DEPT,20180521522,Davidson,Nashville,6/15/2018 9:05:00 PM,2,0,0,36.110940,-86.745220,THOMPSON LN,,,,0.00,,,NOLENSVILLE PKE,,,,0.00,Y,Four-Way, ,Intersection-Related,None,,,         ,Jacob,Paul,Clear,Front to Rear,no,no,no,no,no,False
102044479,METROPOLITAN NASHVILLE POLICE DEPT,20180521386,Davidson,Nashville,6/15/2018 12:00:00 AM,2,2,0,36.177180,-86.813830,23RD AVN,,,,206.00,Feet,North,OSAGE ST,,,,0.00,N,Not at Intersection,N,Non-Junction,None,,,         ,Russell,Jones,Clear,Angle,no,no,no,no,no,False
102044480,METROPOLITAN NASHVILLE POLICE DEPT,20180520452,Davidson,Nashville,6/15/2018 2:21:00 PM,2,0,0,36.111930,-86.762920,THOMPSON LN,,,,0.00,,,E IRIS DR,,,,0.00,Y,OTHER,N,OtherLocation,None,,,         ,Jacob,Paul,Rain,Angle,no,no,no,no,yes,False
102044481,METROPOLITAN NASHVILLE POLICE DEPT,20180521147,Davidson,Nashville,6/15/2018 6:14:00 PM,2,0,0,36.078920,-86.728310,HARDING PL,,,,639.00,Feet,West,COVENTRY DR,,,,0.00,N,Not at Intersection,N,Non-Junction,None,,,         ,David,Robberson,Clear,Angle,no,no,no,no,yes,False
102044483,METROPOLITAN NASHVILLE POLICE DEPT,20180521543,Davidson,Nashville,6/15/2018 9:18:00 PM,2,1,0,36.130420,-86.899440,CHARLOTTE PKE,,,,0.00,,,I40 W ENT RAMP,,,,0.00,Y,T-Intersection, ,Intersection,None,,,         ,Ryan,Allen,Clear,Angle,no,no,no,no,no,False
102044493,METROPOLITAN NASHVILLE POLICE DEPT,20180521561,Davidson,Not in City Limit,6/15/2018 5:24:00 PM,2,0,0,36.264410,-86.711440,GALLATIN PKEN,,,,50.00,Feet,North,OLD TIME VILLAGE PVTDR,,,,0.00,N,Not at Intersection, ,Non-Junction,None,,,         ,Harold,Willmore IV,Clear,Angle,no,no,no,no,no,False
102044505,METROPOLITAN NASHVILLE POLICE DEPT,20180521541,Davidson,Nashville,6/15/2018 9:09:00 PM,2,2,0,36.183590,-86.748470,GALLATIN AV,,,,92.00,Feet,North,W EASTLAND AV,,,,0.00,N,Not at Intersection,N,Non-Junction,None,,,         ,James,Smith,Cloudy,Front to Rear,no,no,no,no,no,False
102044515,METROPOLITAN NASHVILLE POLICE DEPT,20180521466,Davidson,Nashville,6/15/2018 6:36:00 PM,2,0,0,36.150230,-86.699330,ELM HILL PKE,,,,258.00,Feet,East,ACORN DR,,,,0.00,N,Not at Intersection, ,,None,,,         ,Trenton,Searcy,,,no,no,no,no,no,False
102044517,METROPOLITAN NASHVILLE POLICE DEPT,20180521548,Davidson,Not in City Limit,6/15/2018 9:15:00 PM,2,1,0,36.077040,-87.013010,I 40,,,,0.00,,,,,,,192.95,N,Not at Intersection,N,Non-Junction,None,,,         ,John,Hoesli,Clear,Front to Rear,no,no,no,no,no,False
102044527,METROPOLITAN NASHVILLE POLICE DEPT,20180521653,Davidson,Nashville,6/15/2018 9:59:00 PM,2,0,0,36.062970,-86.735220,BREWER DR,,,,0.00,,,WESTCREST DR,,,,0.00,Y,T-Intersection,N,Intersection,None,,,         ,Akira,McSwain,Clear,Angle,no,no,no,no,yes,False
102044547,METROPOLITAN NASHVILLE POLICE DEPT,20180520987,Davidson,Nashville,6/15/2018 4:45:00 PM,2,0,0,36.114400,-86.724520,I 24,,,,0.00,,,,,,,53.30,N,Not at Intersection, ,Entrance/Exit Ramp Related,None,,,         ,John,Roberson,Clear,Front to Rear,no,no,no,no,no,False
102044554,METROPOLITAN NASHVILLE POLICE DEPT,20180521645,Davidson,Nashville,6/15/2018 7:50:00 PM,2,0,0,36.152820,-86.683410,ELM HILL PKE,,,,0.00,,,MCGAVOCK PKE,,,,0.00,Y,Four-Way, ,Intersection,None,,,         ,Allyson,Reis,Clear,Angle,no,no,no,no,no,False
102044555,METROPOLITAN NASHVILLE POLICE DEPT,20180521501,Davidson,Nashville,6/15/2018 8:50:00 PM,2,0,0,36.233090,-86.758280,MAPLEWOOD TRC,,,,113.00,Feet,East,W MAPLEWOOD LN,,,,0.00,N,Not at Intersection,N,Non-Junction,None,,,         ,Daniel,Wadham,Clear,"Sideswipe, Same Direction",no,no,no,yes,no,False
102044559,METROPOLITAN NASHVILLE POLICE DEPT,20180521571,Davidson,Nashville,6/15/2018 9:27:00 PM,2,2,0,36.166230,-86.765790,SHELBY AV,,,,0.00,,,I24 E EXT RAMP,,,,0.00,Y,Four-Way,N,Intersection,None,,,         ,Roy,Sain Jr.,Clear,"Sideswipe, Opposite Direction",no,no,no,no,no,False
102044588,METROPOLITAN NASHVILLE POLICE DEPT,20180521722,Davidson,Nashville,6/15/2018 10:52:00 PM,2,0,0,36.167660,-86.663320,LEBANON PKE,,,,0.00,,,DONELSON PKE,,,,0.00,Y,T-Intersection, ,Intersection,None,,,         ,Curtis,Fisher,Clear,Front to Rear,no,no,no,no,no,False
102044623,METROPOLITAN NASHVILLE POLICE DEPT,20180521770,Davidson,Nashville,6/15/2018 11:00:00 PM,2,0,0,36.141840,-86.676900,I40 E EXT RAMP,,,,0.00,Feet,East,I 40,,,,0.00,N,Not at Intersection,N,Non-Junction,None,,,         ,Bradley,Pope,Clear,Front to Rear,no,no,no,no,no,False
102044660,VANDERBILT UNIVERSITY POLICE,20180521827,Davidson,Nashville,6/15/2018 11:30:00 PM,2,0,0,36.110940,-86.767210,POWELL AV,,,,0.00,,,OLD POWELL AV,,,,0.00,Y,OTHER, ,Unknown,None,,,         ,Edwin,Melgar,Clear,Rear to Side,no,no,no,yes,no,False
102044666,METROPOLITAN NASHVILLE POLICE DEPT,20180521822,Davidson,Nashville,6/15/2018 10:53:00 PM,2,0,0,36.160760,-86.793690,14TH AVN,,,,0.00,Feet,,CHARLOTTE AV,,,,0.00,Y,Four-Way, ,Intersection,None,,,         ,Brenna,Hosey,Cloudy,"Sideswipe, Same Direction",no,no,no,no,no,False
102044668,METROPOLITAN NASHVILLE POLICE DEPT,20180521900,Davidson,Nashville,6/16/2018 12:11:00 AM,2,0,0,36.135940,-86.778240,EAST ARGYLE AV,,,,0.00,,,,,,,0.00,,,N,Non-Junction,None,,,         ,Steven,Wiser,Clear,Angle,no,no,no,yes,no,False
102044681,METROPOLITAN NASHVILLE POLICE DEPT,20180521793,Davidson,Nashville,6/15/2018 9:36:00 PM,2,0,0,36.162700,-86.775710,2ND AVN,,,,224.00,Feet,South,COMMERCE ST,,,,0.00,N,Not at Intersection, ,Non-Junction,None,,,         ,Billy,Price,Clear,"Sideswipe, Same Direction",no,no,no,no,no,False
102044693,METROPOLITAN NASHVILLE POLICE DEPT,20180521923,Davidson,Nashville,6/16/2018 12:00:00 AM,2,0,0,36.167010,-86.763730,SHELBY AV,,,,0.00,,,S 4TH ST,,,,0.00,Y,Four-Way,N,Intersection-Related,None,,,         ,John,Anderson,Clear,Angle,no,no,no,no,yes,False
102044712,METROPOLITAN NASHVILLE POLICE DEPT,20180521971,Davidson,Nashville,6/16/2018 12:45:00 AM,1,1,0,36.235930,-86.744910,I65 S EXT RAMP,,,,0.00,Feet,East,ELLINGTON PKWYS,,,,0.00,N,Not at Intersection,N,Non-Junction,None,,,         ,Lindsey,Anderson,Clear,Not Collision with Motor Vehicle in Transport,no,no,no,no,no,False
102044726,METROPOLITAN NASHVILLE POLICE DEPT,20180521967,Davidson,Nashville,6/16/2018 12:35:00 AM,2,0,0,36.160710,-86.777000,4TH AVS,,,,126.00,Feet,South,4TH AVN,,,,0.00,N,Not at Intersection, ,Non-Junction,None,,,         ,Daniel,Caruth,Clear,"Sideswipe, Same Direction",no,no,no,no,no,False
102044728,METROPOLITAN NASHVILLE POLICE DEPT,20180521924,Davidson,Nashville,6/16/2018 12:24:00 AM,2,0,0,36.206270,-86.773480,W TRINITY LN,,,,0.00,,,I65 N ENT RAMP,,,,0.00,Y,T-Intersection,N,Entrance/Exit Ramp Related,None,,,         ,Lindsey,Anderson,Clear,Angle,no,no,no,no,yes,False
102044731,METROPOLITAN NASHVILLE POLICE DEPT,20180521812,Davidson,Nashville,6/15/2018 11:15:00 PM,1,0,0,36.145230,-86.646380,I 40,,,,0.00,,,,,,,217.20,N,Not at Intersection, ,Non-Junction,None,,,         ,Meghan,Pope,Clear,Not Collision with Motor Vehicle in Transport,no,no,no,no,no,False
102044773,METROPOLITAN NASHVILLE POLICE DEPT,20180521973,Davidson,Nashville,6/16/2018 12:47:00 AM,1,1,0,36.093910,-86.706470,I 24,,,,0.00,,,,,,,55.05,N,Not at Intersection,N,Non-Junction,Construction Zone,Work On Shoulder Or Median,Advanced Warning Area,         ,Robert,Erickson,Clear,Not Collision with Motor Vehicle in Transport,no,no,no,no,no,False
102044788,METROPOLITAN NASHVILLE POLICE DEPT,20180522069,Davidson,Nashville,6/16/2018 1:22:00 AM,2,0,0,36.077950,-86.730510,HARDING PL,,,,0.00,,,,,,,0.00,,,N,Non-Junction,None,,,         ,Joshua,Dickall,Clear,Front to Rear,no,no,no,yes,yes,False
102044799,METROPOLITAN NASHVILLE POLICE DEPT,20180522274,Davidson,Nashville,6/16/2018 4:07:00 AM,1,1,0,36.162230,-86.774360,1ST AVS,,,,0.00,,,1ST AVN,,,,0.00,Y,T-Intersection,N,Intersection,None,,,         ,Stephen,Waterman,Clear,Not Collision with Motor Vehicle in Transport,no,no,no,no,no,False
102044825,METROPOLITAN NASHVILLE POLICE DEPT,20180522282,Davidson,Nashville,6/16/2018 4:12:00 AM,2,2,0,36.171430,-86.769040,INTERSTATE DR,,,,0.00,,,JAMES ROBERTSON PKWY,,,,0.00,Y,Four-Way,N,Intersection-Related,None,,,         ,Brenna,Hosey,Clear,HeadOn,no,no,no,no,no,False
102044851,THP District 3 - Nashville,318039172,Davidson,Goodlettsville,6/16/2018 6:45:00 AM,2,1,0,36.312270,-86.674400,VIETNAM VETERANS BLVDS,,,,453.00,Feet,West,HIGHWAY 386,,,,0.00,N,Not at Intersection,N,Non-Junction,Construction Zone,Laneclosure,Activity Area,         ,John-Mark,Tarr,Clear,Front to Rear,no,no,no,no,no,False
102044854,METROPOLITAN NASHVILLE POLICE DEPT,20180522504,Davidson,Nashville,6/16/2018 7:16:00 AM,3,0,0,36.136100,-86.778080,EAST ARGYLE AV,,,,252.00,Feet,East,8TH AVS,,,,0.00,N,Not at Intersection,N,Non-Junction,None,,,         ,Nathan,Kemp,Clear,"Sideswipe, Opposite Direction",no,no,no,no,no,False
102044873,BERRY HILL POLICE DEPT,18-2033,Davidson,Berry Hill,6/15/2018 10:05:00 AM,2,1,0,36.125790,-86.765870,BRANSFORD AV,,,,0.00,,,CRAIGHEAD ST,,,,0.00,Y,OTHER,N,Non-Junction,None,,,         ,Larry,Carter,Clear,Angle,no,no,no,no,no,False
102044893,METROPOLITAN NASHVILLE POLICE DEPT,20180522488,Davidson,Nashville,6/16/2018 7:05:00 AM,1,2,0,36.234880,-86.703570,BRILEY PKWYE,,,,926.00,Feet,South,BRILEY PKWYW,,,,0.00,N,Not at Intersection,N,Non-Junction,None,,,         ,Gerry,Hutcheson,Clear,Not Collision with Motor Vehicle in Transport,no,no,no,no,no,False
102044932,METROPOLITAN NASHVILLE POLICE DEPT,20180522456,Davidson,Nashville,6/16/2018 6:30:00 AM,2,0,0,36.045690,-86.658580,I24 W ENT RAMP,,,,0.00,Feet,East,I 24,,,,0.00,N,Not at Intersection,Y,Non-Junction,None,,,         ,Nopel,Stella,Clear,"Sideswipe, Opposite Direction",no,no,no,no,no,False
102044965,METROPOLITAN NASHVILLE POLICE DEPT,20180522690,Davidson,Nashville,6/16/2018 9:22:00 AM,2,1,0,36.206620,-86.777900,BRICK CHURCH PKE,,,,0.00,,,W TRINITY LN,,,,0.00,Y,Four-Way, ,Intersection,None,,,         ,William,Coy,Clear,Front to Rear,no,no,no,no,no,False
102044966,METROPOLITAN NASHVILLE POLICE DEPT,20180522522,Davidson,Nashville,6/16/2018 7:05:00 AM,4,0,0,36.235630,-86.708890,BRILEY PKWYE,,,,470.00,Feet,East,MUSIC VALLEY DR,,,,0.00,N,Not at Intersection,N,Non-Junction,None,,,         ,Tien,Nguyen,Clear,"Sideswipe, Same Direction",no,no,no,no,yes,False
102044988,METROPOLITAN NASHVILLE POLICE DEPT,20180522718,Davidson,Nashville,6/16/2018 9:30:00 AM,1,1,0,36.184390,-86.798100,ROSA L PARKS BLVD,,,,136.00,Feet,South,I65 N ENT RAMP,,,,0.00,N,Not at Intersection,N,Non-Junction,None,,,         ,Brian,Mclarty,Clear,Not Collision with Motor Vehicle in Transport,no,no,no,no,no,False
102045003,METROPOLITAN NASHVILLE POLICE DEPT,20180522827,Davidson,Nashville,6/16/2018 10:38:00 AM,2,1,0,36.135620,-86.724810,MURFREESBORO PKE,,,,95.00,Feet,East,I24 W EXT RAMP,,,,0.00,N,Not at Intersection,N,Non-Junction,None,,,         ,MIchael,Mihajlov,Clear,Front to Rear,no,no,no,no,no,False
102045050,METROPOLITAN NASHVILLE POLICE DEPT,20180522918,Davidson,Nashville,6/16/2018 11:20:00 AM,2,0,0,36.138540,-86.726840,I 24,,,,0.00,,,,,,,52.40,N,Not at Intersection, ,Non-Junction,None,,,         ,Brian,Etchison,Clear,Front to Rear,no,no,no,no,no,False
102045060,METROPOLITAN NASHVILLE POLICE DEPT,20180522938,Davidson,Nashville,6/16/2018 11:25:00 AM,2,1,0,36.129890,-86.901490,CHARLOTTE PKE,,,,221.00,Feet,West,CABOT DR,,,,0.00,N,Not at Intersection,N,Non-Junction,None,,,         ,Douglas,Atwood,Clear,Front to Rear,no,no,no,no,no,False
102045101,METROPOLITAN NASHVILLE POLICE DEPT,20180522903,Davidson,Nashville,6/16/2018 10:59:00 AM,2,0,0,36.217540,-86.793990,OLD MATTHEWS RD,,,,341.00,Feet,South,COMBS DR,,,,0.00,N,Not at Intersection,N,Non-Junction,None,,,         ,William,Coy,Clear,Front to Rear,no,no,no,no,yes,False
102045113,METROPOLITAN NASHVILLE POLICE DEPT,20180522676,Davidson,Nashville,6/15/2018 12:00:00 AM,2,0,0,36.151730,-86.795690,BROADWAY,,,,170.00,Feet,South,18TH AVS,,,,0.00,N,Not at Intersection,N,Non-Junction,None,,,         ,William,Caillouette,Unknown,"Sideswipe, Opposite Direction",no,no,no,yes,yes,False
102045114,METROPOLITAN NASHVILLE POLICE DEPT,20180522970,Davidson,Not in City Limit,6/16/2018 11:50:00 AM,2,0,0,36.044570,-86.955590,HIGHWAY 100,,,,192.00,Feet,East,OLD HARDING PKE,,,,0.00,N,Not at Intersection, ,,None,,,         ,Wesley,Tilley,,,no,no,no,no,no,False