master_record_number,agency,agency_tracking_number,county,city,collision_date,vehicles_involved,number_injured,number_dead,latitude,longitude,roadway_name,roadway_suffix,roadway_number,roadway_local_id,distance_from_reference,miles-feet_indicator,direction_from_reference,intersection_road_name,intersection_road_name_suffix,intersection_road_number,intersection_local_id,mile_marker,intersection_indicator,intersect_type,interchange_related_indicator,relation_to_junction,work_zone_type,construction_maintenance_zone,construction_maintenance_zone_location,fatal_case_number,officer_first_name,officer_last_name,weather_condition(s),manner_of_crash,pedestrian,bicycle,scooter,parking,hitrun,mou
102045176,METROPOLITAN NASHVILLE POLICE DEPT,20180523076,Davidson,Nashville,6/16/2018 12:30:00 PM,2,0,0,36.154930,-86.626940,STEWARTS FERRY PKE,,,,58.00,Feet,East,I40 E ENT RAMP,,,,0.00,N,Not at Intersection, ,Entrance/Exit Ramp Related,None,,,         ,Scott,Toney,Clear,Front to Rear,no,no,no,no,no,False
102045184,METROPOLITAN NASHVILLE POLICE DEPT,20180522999,Davidson,Nashville,6/16/2018 12:00:00 AM,2,0,0,36.153670,-86.784050,11TH AVS,,,,182.00,Feet,South,LAUREL ST,,,,0.00,N,Not at Intersection, ,Non-Junction,None,,,         ,James,Thornton,Clear,"Sideswipe, Same Direction",no,no,no,no,no,False
102045188,METROPOLITAN NASHVILLE POLICE DEPT,20180523129,Davidson,Nashville,6/16/2018 1:15:00 PM,1,0,0,36.048440,-86.775580,I 65,,,,0.00,,,,,,,75.40,N,Not at Intersection,N,Non-Junction,None,,,         ,Earl,Davis,Clear,Not Collision with Motor Vehicle in Transport,no,no,no,no,no,False
102045192,METROPOLITAN NASHVILLE POLICE DEPT,20180522957,Davidson,Nashville,6/16/2018 11:38:00 AM,2,0,0,36.160740,-86.849010,51ST AVN,,,,75.00,Feet,South,TENNESSEE AV,,,,0.00,N,Not at Intersection,N,Non-Junction,None,,,         ,Walter,Gray II,Clear,"Sideswipe, Same Direction",no,no,no,no,yes,False
102045207,METROPOLITAN NASHVILLE POLICE DEPT,20180522889,Davidson,Madison,6/16/2018 11:11:00 AM,2,2,0,36.262980,-86.680910,STATE RT 45,,,,9.00,Feet,East,RIO VISTA DR,,,,0.00,N,Not at Intersection,Y,Unknown,None,,,         ,Joel,Rogers,Clear,Angle,no,no,no,no,no,False
102045219,METROPOLITAN NASHVILLE POLICE DEPT,20180522958,Davidson,Nashville,6/16/2018 11:43:00 AM,2,0,0,36.042430,-86.712870,MILL CREEK WHITTLEMORE GRNWY,,,,0.00,,,SWISS AV,,,,0.00,Y,Four-Way,N,Intersection-Related,None,,,         ,Brandon,Vance,Clear,Angle,no,no,no,no,no,False
102045222,METROPOLITAN NASHVILLE POLICE DEPT,20180523028,Davidson,Nashville,6/16/2018 12:20:00 PM,2,1,0,36.029950,-86.592280,MURFREESBORO PKE,,,,0.00,,,HURRICANE CREEK BLVD,,,,0.00,Y,OTHER,Y,Intersection,None,,,         ,James,Jarvis,Clear,Angle,no,no,no,no,no,False
102045234,METROPOLITAN NASHVILLE POLICE DEPT,20180523127,Davidson,Nashville,6/16/2018 1:17:00 PM,2,1,0,36.153570,-86.788410,14TH AVS,,,,0.00,,,DEMONBREUN ST,,,,0.00,Y,Four-Way,N,Intersection,None,,,         ,William,Caillouette,Clear,Front to Rear,no,no,no,no,no,False
102045237,METROPOLITAN NASHVILLE POLICE DEPT,20180523182,Davidson,Not in City Limit,6/16/2018 12:00:00 AM,2,0,0,36.020220,-86.676270,STEPHENS HILL LN,,,,140.00,Feet,South,HIDDEN CREEK DR,,,,0.00,N,Not at Intersection,N,Non-Junction,None,,,         ,Brandon,Vance,Clear,Unknown,no,no,no,no,yes,False
102045289,METROPOLITAN NASHVILLE POLICE DEPT,20180523112,Davidson,Nashville,6/16/2018 1:04:00 PM,3,1,0,36.185190,-86.753120,CHICAMAUGA AV,,,,80.00,Feet,West,LAURENT ST,,,,0.00,N,Not at Intersection,N,"Driveway, Alley Access, etc",None,,,         ,Doyle,Price,Clear,Angle,no,no,no,no,no,False
102045290,METROPOLITAN NASHVILLE POLICE DEPT,20180522991,Davidson,Nashville,6/16/2018 11:52:00 AM,2,2,0,36.145550,-86.662980,ROYAL PKWY,,,,0.00,,,AIRPORT CENTER DR,,,,0.00,Y,T-Intersection,N,Intersection-Related,None,,,         ,Tien,Nguyen,Clear,"Sideswipe, Same Direction",no,no,no,no,yes,False
102045291,METROPOLITAN NASHVILLE POLICE DEPT,20180523196,Davidson,Nashville,6/16/2018 2:12:00 PM,2,1,0,36.038400,-86.784210,I65 S EXT RAMP,,,,60.00,Feet,East,OLD HICKORY BLVD,,,,0.00,N,Not at Intersection, ,Non-Junction,None,,,         ,Samuel,Miller,Clear,Front to Rear,no,no,no,no,no,False
102045294,METROPOLITAN NASHVILLE POLICE DEPT,20180523056,Davidson,Nashville,6/16/2018 12:27:00 PM,2,0,0,36.152350,-86.769010,2ND AVS,,,,0.00,,,LINDSLEY AV,,,,0.00,Y,Four-Way, ,Non-Junction,None,,,         ,Shedie,Herbert III,Clear,Angle,no,no,no,no,no,False
102045299,BERRY HILL POLICE DEPT,18-2036,Davidson,Berry Hill,6/15/2018 2:50:00 PM,1,0,0,36.119100,-86.774680,FRANKLIN PKE,,,,92.00,Feet,North,BERRY RD,,,,0.00,N,Not at Intersection, ,Non-Junction,None,,,         ,Stephen,Reece,Clear,Not Collision with Motor Vehicle in Transport,no,no,no,yes,no,False
102045301,METROPOLITAN NASHVILLE POLICE DEPT,20180523178,Davidson,Nashville,6/16/2018 1:18:00 PM,2,0,0,36.097750,-86.763300,I 65,,,,0.00,,,,,,,78.90,N,Not at Intersection, ,Non-Junction,None,,,         ,Raymond,Flaherty,Clear,"Sideswipe, Same Direction",no,no,no,no,no,False
102045303,METROPOLITAN NASHVILLE POLICE DEPT,20180523130,Davidson,Nashville,6/16/2018 12:56:00 PM,2,0,0,36.184520,-86.797790,I 65,,,,0.00,,,,,,,85.35,N,Not at Intersection, ,Non-Junction,None,,,         ,Royce,McLester,Clear,Not Collision with Motor Vehicle in Transport,no,no,no,no,no,False
102045329,METROPOLITAN NASHVILLE POLICE DEPT,20180523255,Davidson,Nashville,6/16/2018 1:52:00 PM,2,0,0,36.160290,-86.774120,2ND AVS,,,,158.00,Feet,North,DEMONBREUN ST,,,,0.00,N,Not at Intersection, ,Non-Junction,None,,,         ,Seth,Quiles,Clear,"Sideswipe, Same Direction",no,no,no,no,no,False
102045341,METROPOLITAN NASHVILLE POLICE DEPT,20180523271,Davidson,Nashville,6/16/2018 2:50:00 PM,2,0,0,36.116710,-86.923250,CHARLOTTE PKE,,,,0.00,Feet,,OLD HICKORY BLVD,,,,0.00,Y,Four-Way,N,Intersection-Related,None,,,         ,John,Hoesli,Clear,Front to Rear,no,no,no,no,yes,False
102045379,METROPOLITAN NASHVILLE POLICE DEPT,20180523266,Davidson,Nashville,6/16/2018 3:00:00 PM,2,2,0,36.206140,-86.771810,W TRINITY LN,,,,211.00,Feet,West,LUCAS LN,,,,0.00,N,Not at Intersection, ,Non-Junction,None,,,         ,Kevin,Clausius,Clear,Angle,no,no,no,no,no,False
102045380,THP District 3 - Nashville,318038354,Davidson,Nashville,6/13/2018 1:44:00 PM,2,1,0,36.241080,-86.755400,BRILEY PKWYE,,,,0.00,,,I65 S EXT RAMP,,,,0.00,Y,OTHER,Y,Entrance/Exit Ramp Related,None,,,         ,Joseph,Olivas,Clear,"Sideswipe, Same Direction",no,no,no,no,no,False
102045391,METROPOLITAN NASHVILLE POLICE DEPT,20180523229,Davidson,Nashville,6/16/2018 2:35:00 PM,2,0,0,36.163180,-86.761660,I 24,,,,0.00,,,,,,,49.25,N,Not at Intersection,N,Non-Junction,None,,,         ,Barrett,Teague,Clear,Front to Rear,no,no,no,no,no,False
102045401,METROPOLITAN NASHVILLE POLICE DEPT,20180523447,Davidson,Nashville,6/16/2018 4:40:00 PM,2,0,0,36.111600,-86.792330,WOODMONT BLVD,,,,76.00,Feet,East,GRANNY WHITE PKE,,,,0.00,N,Not at Intersection,N,Non-Junction,None,,,         ,Ryan,Storm,Clear,Front to Rear,no,no,no,no,no,False
102045415,METROPOLITAN NASHVILLE POLICE DEPT,20180523337,Davidson,Nashville,6/16/2018 3:51:00 PM,2,2,0,36.149880,-86.762320,CHARLES E DAVIS BLVD,,,,266.00,Feet,North,J C NAPIER CT,,,,0.00,N,Not at Intersection,N,Non-Junction,None,,,         ,Allyson,Reis,Clear,Angle,no,no,no,no,yes,False
102045419,METROPOLITAN NASHVILLE POLICE DEPT,20180523318,Davidson,Nashville,6/16/2018 12:58:00 PM,2,0,0,36.040810,-86.712620,MILL CREEK WHITTEMORE GRNWY,,,,336.00,Feet,North,MILL CREEK WHITTLEMORE GRNWY,,,,0.00,N,Not at Intersection,N,"Driveway, Alley Access, etc",None,,,         ,Andrew,Brazee,Clear,"Sideswipe, Same Direction",no,no,no,yes,yes,False
102045423,METROPOLITAN NASHVILLE POLICE DEPT,20180523363,Davidson,Nashville,6/16/2018 3:54:00 PM,3,4,0,36.126260,-86.727830,I 24,,,,0.00,,,,,,,51.45,N,Not at Intersection,N,Non-Junction,None,,,         ,Devonte,Coleman,Clear,Front to Rear,no,no,no,no,no,False
102045430,METROPOLITAN NASHVILLE POLICE DEPT,20180523495,Davidson,Nashville,6/16/2018 5:06:00 PM,2,0,0,36.090190,-86.712750,SCOTWOOD DR,,,,180.00,Feet,East,DAWN DR,,,,0.00,N,Not at Intersection,N,Non-Junction,None,,,         ,YUNUS,ADAK,Clear,Front to Rear,no,no,no,no,no,False
102045437,METROPOLITAN NASHVILLE POLICE DEPT,20180523373,Davidson,Nashville,6/16/2018 3:45:00 PM,2,0,0,36.082620,-86.697800,I 24,,,,0.00,,,,,,,56.00,N,Not at Intersection,N,Non-Junction,None,,,         ,Marcus,Darden,Clear,"Sideswipe, Same Direction",no,no,no,no,yes,False
102045446,GOODLETTSVILLE POLICE DEPT,18-21110,Davidson,Goodlettsville,6/16/2018 4:45:00 PM,2,0,0,36.312310,-86.672870,VIETNAM VETERANS,BLVD,SR386,,0.00,,,,,,,2.20,N,Not at Intersection, ,Non-Junction,Construction Zone,,,         ,William,Hunter,Clear,Front to Rear,no,no,no,no,no,False
102045456,METROPOLITAN NASHVILLE POLICE DEPT,20180523560,Davidson,Nashville,6/16/2018 5:40:00 PM,2,0,0,36.176510,-86.769720,SPRING ST,,,,0.00,,,I24 W EXT RAMP,,,,0.00,Y,T-Intersection, ,Intersection,None,,,         ,Ethan,Usherwood,Clear,Angle,no,no,no,no,no,False
102045465,METROPOLITAN NASHVILLE POLICE DEPT,20180523616,Davidson,Nashville,6/16/2018 12:00:00 AM,2,0,0,36.046210,-86.676500,BELL RD,,,,659.00,Feet,West,BLUE HOLE RD,,,,0.00,N,Not at Intersection,N,Non-Junction,None,,,         ,Madison,Meiss,Clear,"Sideswipe, Same Direction",no,no,no,no,yes,False
102045466,METROPOLITAN NASHVILLE POLICE DEPT,20180523272,Davidson,Not in City Limit,6/16/2018 2:38:00 PM,1,0,0,36.280280,-86.835570,WHITES CREEK PKE,,,,2217.00,Feet,South,TRANHAM RD,,,,0.00,N,Not at Intersection,N,OtherLocation,None,,,         ,Jason,Hogan,Clear,Not Collision with Motor Vehicle in Transport,no,no,no,no,no,False
102045468,METROPOLITAN NASHVILLE POLICE DEPT,20180523428,Davidson,Not in City Limit,6/16/2018 4:29:00 PM,1,1,0,36.100070,-86.935210,I 40,,,,0.00,,,,,,,198.15,N,Not at Intersection,N,Non-Junction,None,,,         ,Regina,Lewis,Clear,Not Collision with Motor Vehicle in Transport,no,no,no,no,no,False
102045470,METROPOLITAN NASHVILLE POLICE DEPT,20180523556,Davidson,Nashville,6/16/2018 5:30:00 PM,2,2,0,36.040210,-86.767770,OLD HICKORY BLVD,,,,177.00,Feet,East,SEVEN SPRINGS WAY,,,,0.00,N,Not at Intersection,N,Non-Junction,None,,,         ,David,Robberson,Clear,Angle,no,no,no,no,no,False
102045475,METROPOLITAN NASHVILLE POLICE DEPT,20180523623,Davidson,Nashville,6/16/2018 6:10:00 PM,3,1,0,36.159630,-86.614610,BELL RD,,,,1419.00,Feet,South,DODSON CHAPEL RD,,,,0.00,N,Not at Intersection,N,Non-Junction,None,,,         ,Brady,Reynolds,Cloudy,Front to Rear,no,no,no,no,no,False
102045498,METROPOLITAN NASHVILLE POLICE DEPT,20180523211,Davidson,Nashville,6/16/2018 12:41:00 PM,2,1,0,36.045620,-86.719890,OLD HICKORY BLVD,,,,0.00,Feet,,ZERMATT AV,,,,0.00,Y,T-Intersection,N,Intersection,None,,,         ,Akira,McSwain,Clear,Front to Rear,no,no,no,no,no,False
102045499,METROPOLITAN NASHVILLE POLICE DEPT,20180523384,Davidson,Nashville,6/16/2018 3:00:00 PM,2,0,0,36.079260,-86.727330,HARDING PL,,,,325.00,Feet,West,NOLENSVILLE PKE,,,,0.00,N,Not at Intersection,N,Non-Junction,None,,,         ,Akira,McSwain,Clear,"Sideswipe, Same Direction",no,no,no,no,yes,False
102045500,METROPOLITAN NASHVILLE POLICE DEPT,20180523493,Davidson,Nashville,6/16/2018 2:50:00 PM,2,0,0,36.111970,-86.773410,FRANKLIN PKE,,,,125.00,Feet,North,FRANKLIN PKE SB ENT RAMP,,,,0.00,N,Not at Intersection,N,Non-Junction,None,,,         ,Akira,McSwain,Clear,Front to Rear,no,no,no,no,yes,False
102045520,METROPOLITAN NASHVILLE POLICE DEPT,20180523464,Davidson,Nashville,6/16/2018 12:00:00 AM,1,0,0,36.276270,-86.735260,I 65,,,,0.00,,,,,,,93.10,N,Not at Intersection,N,Non-Junction,None,,,         ,Michael,Quinn,Clear,Not Collision with Motor Vehicle in Transport,no,no,no,no,no,False
102045547,METROPOLITAN NASHVILLE POLICE DEPT,20180523805,Davidson,Nashville,6/16/2018 7:40:00 PM,2,0,0,36.176740,-86.772290,I24 W EXT RAMP,,,,0.00,,,I 24,,,,0.00,Y,T-Intersection, ,,None,,,         ,Ethan,Usherwood,,,no,no,no,no,no,False
102045588,METROPOLITAN NASHVILLE POLICE DEPT,20180523655,Davidson,Nashville,6/16/2018 5:24:00 PM,2,0,0,36.169010,-86.600630,OLD HICKORY BLVD,,,,192.00,Feet,North,MILLS RD,,,,0.00,N,Not at Intersection,N,Non-Junction,None,,,         ,Keiara,Ward,Clear,"Sideswipe, Opposite Direction",no,no,no,yes,yes,False
102045593,METROPOLITAN NASHVILLE POLICE DEPT,20180523506,Davidson,Nashville,6/16/2018 5:09:00 PM,2,1,0,36.169690,-86.821350,SCHRADER LN,,,,17.00,Feet,West,W HEIMAN ST,,,,0.00,N,Not at Intersection,N,Non-Junction,None,,,         ,Jonathon,Sheppard,Clear,Front to Rear,no,no,no,no,no,False
102045601,METROPOLITAN NASHVILLE POLICE DEPT,20180523589,Davidson,Not in City Limit,6/16/2018 5:30:00 PM,2,0,0,36.273240,-86.710080,GALLATIN PKEN,,,,76.00,Feet,South,ANDERSON LN,,,,0.00,N,Not at Intersection, ,Non-Junction,None,,,         ,Michael,Thompson,Clear,Front to Rear,no,no,no,no,no,False
102045602,METROPOLITAN NASHVILLE POLICE DEPT,20180523531,Davidson,Not in City Limit,6/16/2018 5:10:00 PM,2,0,0,36.309030,-86.679040,GALLATIN PKEN,,,,752.00,Feet,East,RIVERCHASE BLVD,,,,0.00,N,Not at Intersection, ,Non-Junction,None,,,         ,Michael,Thompson,Clear,HeadOn,no,no,no,no,no,False
102045605,METROPOLITAN NASHVILLE POLICE DEPT,20180523704,Davidson,Nashville,6/16/2018 12:00:00 AM,2,0,0,36.200260,-86.763170,PULLEN AV,,,,312.00,Feet,West,LISCHEY AV,,,,0.00,N,Not at Intersection,N,Non-Junction,None,,,         ,Daniel,Wadham,Clear,Unknown,no,no,no,no,yes,False
102045610,METROPOLITAN NASHVILLE POLICE DEPT,20180523915,Davidson,Nashville,6/16/2018 8:16:00 PM,2,0,0,36.117460,-86.826630,HAMPTON AV,,,,0.00,,,BOWLING AV,,,,0.00,Y,Four-Way,Y,Intersection,None,,,         ,Justin,Coyle,Cloudy,Angle,no,no,no,no,no,False
102045612,METROPOLITAN NASHVILLE POLICE DEPT,20180523641,Davidson,Nashville,6/16/2018 6:00:00 PM,2,0,0,36.165150,-86.602940,BELL RD,,,,49.00,Feet,West,MILLS RD,,,,0.00,N,Not at Intersection,N,Non-Junction,None,,,         ,Abbey,Sawl,Clear,Front to Rear,no,no,no,no,yes,False
102045633,METROPOLITAN NASHVILLE POLICE DEPT,20180523901,Davidson,Goodlettsville,6/16/2018 5:30:00 PM,2,0,0,36.290550,-86.722550,I 65,,,,0.00,,,,,,,94.25,N,Not at Intersection, ,Non-Junction,None,,,         ,Adam,Nicholson,Clear,Front to Rear,no,no,no,no,no,False
102045634,METROPOLITAN NASHVILLE POLICE DEPT,20180523889,Davidson,Nashville,6/16/2018 7:50:00 PM,2,0,0,36.169550,-86.600980,OLD HICKORY BLVD,,,,0.00,,,I40 E ENT RAMP,,,,0.00,Y,Four-Way,Y,Entrance/Exit Ramp Related,None,,,         ,Seth,Vaughn,Clear,Angle,no,no,no,no,no,False
102045653,METROPOLITAN NASHVILLE POLICE DEPT,20180524117,Davidson,Nashville,6/16/2018 9:37:00 PM,2,0,0,36.150010,-86.779190,8TH AVS,,,,116.00,Feet,North,DIVISION ST,,,,0.00,N,Not at Intersection,N,Non-Junction,None,,,         ,Kevin,Johnson,Clear,Front to Rear,no,no,no,no,yes,False
102045680,METROPOLITAN NASHVILLE POLICE DEPT,20180524045,Davidson,Nashville,6/16/2018 9:00:00 PM,2,1,0,36.045480,-86.647290,CROSSINGS BLVD,,,,0.00,Feet,,MT VIEW RD,,,,0.00,Y,Four-Way,Y,Intersection,None,,,         ,Ian,Swander,Cloudy,Angle,no,no,no,no,no,False
102045689,METROPOLITAN NASHVILLE POLICE DEPT,20180524087,Davidson,Nashville,6/16/2018 9:20:00 PM,2,1,0,36.142160,-86.666470,I40 W EXT RAMP,,,,0.00,Feet,East,I 40,,,,0.00,N,Not at Intersection,N,Non-Junction,None,,,         ,Darci,Stechman,Clear,Angle,no,no,no,no,no,False
102045700,METROPOLITAN NASHVILLE POLICE DEPT,20180524033,Davidson,Nashville,6/16/2018 9:00:00 PM,1,1,0,36.082030,-86.727070,NOLENSVILLE PKE,,,,219.00,Feet,South,WELSHWOOD DR,,,,0.00,N,Not at Intersection,N,Non-Junction,None,,,         ,Akira,McSwain,Clear,Not Collision with Motor Vehicle in Transport,yes,no,no,no,yes,False
102045740,METROPOLITAN NASHVILLE POLICE DEPT,20180524044,Davidson,Nashville,6/16/2018 9:00:00 PM,2,0,0,36.200100,-86.769130,GATEWOOD AV,,,,225.00,Feet,East,DICKERSON PKE,,,,0.00,N,Not at Intersection,N,Non-Junction,None,,,         ,Kevin,Clausius,Clear,Angle,no,no,no,no,yes,False
102045758,METROPOLITAN NASHVILLE POLICE DEPT,20180523420,Davidson,Nashville,6/16/2018 4:00:00 PM,2,0,0,36.166540,-86.663500,DONELSON PKE,,,,414.00,Feet,South,LEBANON PKE,,,,0.00,N,Not at Intersection,N,Non-Junction,None,,,         ,Allyson,Reis,Clear,Angle,no,no,no,no,yes,False
102045763,METROPOLITAN NASHVILLE POLICE DEPT,20180523928,Davidson,Nashville,6/16/2018 8:32:00 PM,1,0,0,36.156780,-86.835260,INDIANA AV,,,,0.00,,,,,,,0.00,,, ,,None,,,         ,Randy,Heinze,,,no,no,no,yes,no,False
102045766,METROPOLITAN NASHVILLE POLICE DEPT,20180524136,Davidson,Nashville,6/16/2018 9:21:00 PM,2,0,0,36.153940,-86.787770,DEMONBREUN ST,,,,0.00,,,I 40,,,,0.00,Y,Four-Way,Y,Intersection,None,,,         ,David,Snowden,Clear,Angle,no,no,no,no,no,False
102045777,METROPOLITAN NASHVILLE POLICE DEPT,20180524125,Davidson,Old Hickory,6/16/2018 9:51:00 PM,2,0,0,36.247470,-86.641270,OLD HICKORY BLVD,,,,0.00,,,24TH ST,,,,0.00,Y,Four-Way,Y,Intersection,None,,,         ,Seth,Vaughn,Clear,Front to Rear,no,no,no,no,no,False
102045791,METROPOLITAN NASHVILLE POLICE DEPT,20180524190,Davidson,Nashville,6/16/2018 9:35:00 PM,2,1,0,36.151930,-86.791410,DIVISION ST,,,,74.00,Feet,East,MUSIC SQE,,,,0.00,N,Not at Intersection, ,OtherLocation,None,,,         ,Eric,Westbrook,Clear,Angle,no,no,no,no,no,False
102045803,METROPOLITAN NASHVILLE POLICE DEPT,20180524242,Davidson,Nashville,6/16/2018 10:02:00 PM,2,0,0,36.161540,-86.775970,3RD AVS,,,,0.00,Feet,,BROADWAY,,,,0.00,Y,Four-Way,N,Intersection,None,,,         ,Brenna,Hosey,Clear,"Sideswipe, Opposite Direction",no,no,no,no,yes,False
102045823,GOODLETTSVILLE POLICE DEPT,18-21111,Davidson,Goodlettsville,6/16/2018 4:51:00 PM,2,0,0,36.312279,-86.674690,VIETNAM VETERANS,BLVD,SR386,,0.10,Miles,East,VIETNAM VETERANS,BLVD,SR386,,2.20,N,Not at Intersection,N,Non-Junction,Construction Zone,Lane Shift-Crossover,Activity Area,         ,Charles,Hauskin,Clear,Front to Rear,no,no,no,no,no,False
102045828,METROPOLITAN NASHVILLE POLICE DEPT,20180524286,Davidson,Nashville,6/16/2018 11:30:00 PM,2,0,0,36.162320,-86.776480,3RD AVN,,,,239.00,Feet,South,COMMERCE ST,,,,0.00,N,Not at Intersection, ,Non-Junction,None,,,         ,Austin,Childress,Clear,Other,no,no,no,no,no,False
102045829,METROPOLITAN NASHVILLE POLICE DEPT,20180524364,Davidson,Nashville,6/16/2018 11:45:00 PM,2,0,0,36.150630,-86.804350,LOUISE AV,,,,124.00,Feet,South,ELLISTON PL,,,,0.00,N,Not at Intersection,N,Non-Junction,None,,,         ,Craig,Oakley,Clear,"Sideswipe, Same Direction",no,no,no,no,yes,Campus
102045831,METROPOLITAN NASHVILLE POLICE DEPT,20180524289,Davidson,Nashville,6/16/2018 10:20:00 PM,2,0,0,36.217530,-86.802980,WHITES CREEK PKE,,,,270.00,Feet,South,MOORMANS ARM RD,,,,0.00,N,Not at Intersection, ,Non-Junction,None,,,         ,Nicholas,MacDougall,Clear,Front to Rear,no,no,no,no,no,False
102045847,METROPOLITAN NASHVILLE POLICE DEPT,20180524334,Davidson,Nashville,6/16/2018 11:40:00 PM,2,0,0,36.159650,-86.796180,CHARLOTTE AV,,,,0.00,,,MCMILLIN ST,,,,0.00,Y,Four-Way,N,Non-Junction,None,,,         ,Joshua,Green,Clear,Angle,no,no,no,no,no,False
102045888,METROPOLITAN NASHVILLE POLICE DEPT,20180524441,Davidson,Nashville,6/17/2018 12:52:00 AM,2,0,0,36.084160,-86.705890,LINBAR DR,,,,0.00,Feet,,HARDING PL,,,,0.00,Y,Four-Way,N,Intersection,None,,,         ,Autumn,Manning,Clear,Front to Rear,no,no,no,no,yes,False
102045891,METROPOLITAN NASHVILLE POLICE DEPT,20180524515,Davidson,Nashville,6/17/2018 1:40:00 AM,1,0,0,36.203300,-86.776650,I 65,,,,0.00,,,,,,,87.10,N,Not at Intersection, ,Non-Junction,None,,,         ,Edward,Holden,Clear,Not Collision with Motor Vehicle in Transport,no,no,no,no,no,False
102045895,METROPOLITAN NASHVILLE POLICE DEPT,20180524626,Davidson,Nashville,6/17/2018 1:00:00 AM,2,0,0,36.186340,-86.608920,ANDREW JACKSON PKWY,,,,218.00,Feet,South,JACKSON PASS,,,,0.00,N,Not at Intersection, ,,None,,,         ,Meghan,Pope,,,no,no,no,yes,no,False
102045899,GOODLETTSVILLE POLICE DEPT,18-21133,Davidson,Goodlettsville,6/16/2018 9:45:00 PM,2,0,0,36.305660,-86.703030,MEADOW LARK LN,,,,0.00,,,RIVERGATE DR,,,,0.00,Y,Four-Way,N,Non-Junction,None,,,         ,Nicholas,Given,Clear,Front to Rear,no,no,no,no,yes,False
102045940,METROPOLITAN NASHVILLE POLICE DEPT,20180524469,Davidson,Nashville,6/17/2018 12:32:00 AM,2,0,0,36.236120,-86.759230,DICKERSON PKE,,,,0.00,,,,,,,0.00,,,N,Non-Junction,None,,,         ,Lindsey,Anderson,Clear,Angle,no,no,no,no,yes,False
102045949,METROPOLITAN NASHVILLE POLICE DEPT,20180524469,Davidson,Nashville,6/17/2018 12:00:00 AM,1,0,0,36.239250,-86.753820,I 65,,,,0.00,,,,,,,90.20,N,Not at Intersection,N,Non-Junction,None,,,         ,Amanda,Hane,Clear,Not Collision with Motor Vehicle in Transport,no,no,no,no,yes,False
102045950,METROPOLITAN NASHVILLE POLICE DEPT,20180524327,Davidson,Nashville,6/16/2018 11:47:00 PM,2,0,0,36.164230,-86.777730,3RD,,,,200.00,Feet,South,CHURCH,,,,0.00,N,Not at Intersection,N,Non-Junction,None,,,         ,Brenton,Adcox,Clear,Angle,no,no,no,no,yes,False
102045951,METROPOLITAN NASHVILLE POLICE DEPT,20180524602,Davidson,Nashville,6/17/2018 1:44:00 AM,2,0,0,36.163250,-86.776070,COMMERCE,ST,US1,,25.00,Feet,West,3RD,AVE,US3,,0.00,N,Not at Intersection,N,Non-Junction,None,,,         ,Brenton,Adcox,Clear,Angle,no,no,no,no,yes,False
102045962,METROPOLITAN NASHVILLE POLICE DEPT,20180524744,Davidson,Nashville,6/17/2018 4:21:00 AM,1,0,0,36.178910,-86.695440,BRILEY PKWYN,,,,835.00,Feet,West,BRILEY PKWYS,,,,0.00,N,Not at Intersection,N,Non-Junction,None,,,         ,Kyle,Berkheiser,Clear,Not Collision with Motor Vehicle in Transport,no,no,no,no,no,False
102045975,METROPOLITAN NASHVILLE POLICE DEPT,20180524592,Davidson,Nashville,6/17/2018 2:40:00 AM,1,0,0,36.082070,-86.721350,WELCH RD,,,,115.00,Feet,West,KERN DR,,,,0.00,N,Not at Intersection,N,Non-Junction,None,,,         ,Sharissa,Perez,Clear,Not Collision with Motor Vehicle in Transport,no,no,no,no,yes,False
102045988,METROPOLITAN NASHVILLE POLICE DEPT,20180524805,Davidson,Nashville,6/17/2018 5:02:00 AM,1,0,0,36.152820,-86.797840,19TH AVN,,,,202.00,Feet,South,HAYES ST,,,,0.00,N,Not at Intersection,N,Non-Junction,None,,,         ,Jonathan,Hadley,Clear,Not Collision with Motor Vehicle in Transport,no,no,no,no,yes,False
102045989,METROPOLITAN NASHVILLE POLICE DEPT,20180524592,Davidson,Nashville,6/17/2018 2:30:00 AM,4,0,0,36.051020,-86.689890,OCALA DR,,,,0.00,Feet,East,ROBERT YOEST DR,,,,0.00,N,Not at Intersection,N,Non-Junction,None,,,         ,Sandra,Fly,Clear,Other,no,no,no,yes,no,False
102046048,METROPOLITAN NASHVILLE POLICE DEPT,20180524916,Davidson,Nashville,6/17/2018 6:59:00 AM,2,0,0,36.058870,-86.651000,PIPPIN DR,,,,0.00,Feet,East,TOOK DR,,,,0.00,N,Not at Intersection,N,Non-Junction,None,,,         ,James,Jarvis,Clear,HeadOn,no,no,no,no,no,False
102046059,METROPOLITAN NASHVILLE POLICE DEPT,20180524945,Davidson,Nashville,6/17/2018 7:22:00 AM,2,0,0,36.176960,-86.775360,SPRING ST,,,,229.00,Feet,West,N 1ST ST,,,,0.00,N,Not at Intersection,N,Non-Junction,None,,,         ,Cedric,connolly,Clear,Angle,no,no,no,no,no,False
102046087,METROPOLITAN NASHVILLE POLICE DEPT,20180524959,Davidson,Nashville,6/17/2018 7:31:00 AM,1,0,0,36.045930,-86.660320,I 24,,,,0.00,,,,,,,59.35,N,Not at Intersection,N,Non-Junction,None,,,         ,Brandon,Vance,Clear,Not Collision with Motor Vehicle in Transport,no,no,no,no,no,False
102046088,METROPOLITAN NASHVILLE POLICE DEPT,20180525049,Davidson,Nashville,6/17/2018 12:00:00 AM,2,0,0,36.146400,-86.816160,BURCH AV,,,,55.00,Feet,East,31ST AVN,,,,0.00,N,Not at Intersection, ,Non-Junction,None,,,         ,Raymond,Flaherty,Clear,Angle,no,no,no,no,yes,False