master_record_number,agency,agency_tracking_number,county,city,collision_date,vehicles_involved,number_injured,number_dead,latitude,longitude,roadway_name,roadway_suffix,roadway_number,roadway_local_id,distance_from_reference,miles-feet_indicator,direction_from_reference,intersection_road_name,intersection_road_name_suffix,intersection_road_number,intersection_local_id,mile_marker,intersection_indicator,intersect_type,interchange_related_indicator,relation_to_junction,work_zone_type,construction_maintenance_zone,construction_maintenance_zone_location,fatal_case_number,officer_first_name,officer_last_name,weather_condition(s),manner_of_crash,pedestrian,bicycle,scooter,parking,hitrun,mou
102051652,METROPOLITAN NASHVILLE POLICE DEPT,20180543710,Davidson,Nashville,6/23/2018 12:00:00 AM,2,0,0,36.163310,-86.762130,I 24,,,,0.00,,,,,,,49.20,N,Not at Intersection, ,Non-Junction,None,,,         ,James,Thornton,Cloudy,Front to Rear,no,no,no,no,no,False
102051655,METROPOLITAN NASHVILLE POLICE DEPT,20180543597,Davidson,Nashville,6/23/2018 9:40:00 AM,2,0,0,36.176310,-86.589290,VALLEY GROVE DR,,,,190.00,Feet,East,WOODWAY LN,,,,0.00,N,Not at Intersection,N,Non-Junction,None,,,         ,Cassandra,Del Bosco,Clear,"Sideswipe, Opposite Direction",no,no,no,no,yes,False
102051657,METROPOLITAN NASHVILLE POLICE DEPT,20180543615,Davidson,Nashville,6/23/2018 9:55:00 AM,2,0,0,36.205260,-86.723290,MCGAVOCK PKE,,,,255.00,Feet,West,GENEIVA DR,,,,0.00,N,Not at Intersection,N,Non-Junction,None,,,         ,Faye,Denson,Clear,Angle,no,no,no,no,no,False
102051681,METROPOLITAN NASHVILLE POLICE DEPT,20180543669,Davidson,Nashville,6/23/2018 10:20:00 AM,2,0,0,36.044790,-86.724870,ENCLAVE CIR,,,,0.00,,,OLD HICKORY BLVD,,,,0.00,Y,Four-Way, ,,None,,,         ,Raymond,Flaherty,,,no,no,no,no,no,False
102051701,METROPOLITAN NASHVILLE POLICE DEPT,20180543780,Davidson,Nashville,6/23/2018 11:10:00 AM,2,0,0,36.157930,-86.800270,CHARLOTTE AV,,,,136.00,Feet,West,18TH AVN,,,,0.00,N,Not at Intersection,N,Non-Junction,None,,,         ,Brent,Hedgcoth,Cloudy,Front to Rear,no,no,no,no,yes,False
102051730,METROPOLITAN NASHVILLE POLICE DEPT,20180543840,Davidson,Nashville,6/23/2018 11:44:00 AM,4,2,0,36.152170,-86.753250,I 40,,,,0.00,,,,,,,211.40,N,Not at Intersection,N,Non-Junction,None,,,         ,Tien,Nguyen,Clear,Front to Rear,no,no,no,no,no,False
102051731,METROPOLITAN NASHVILLE POLICE DEPT,20180543740,Davidson,Nashville,6/23/2018 10:25:00 AM,2,0,0,36.119560,-86.701930,MURFREESBORO PKE,,,,0.00,,,JUPITER DR,,,,0.00,Y,T-Intersection, ,Intersection,None,,,         ,Charles,Wakefield,Clear,Angle,no,no,no,no,no,False
102051735,METROPOLITAN NASHVILLE POLICE DEPT,20180543886,Davidson,Nashville,6/23/2018 12:11:00 PM,1,1,0,36.211440,-86.735420,HOME RD,,,,388.00,Feet,North,AMERICAN BUSINESS CENTER PVTDR,,,,0.00,N,Not at Intersection,N,Non-Junction,None,,,         ,Nicholas,Smith,Cloudy,Not Collision with Motor Vehicle in Transport,no,no,no,no,yes,False
102051736,METROPOLITAN NASHVILLE POLICE DEPT,20180543833,Davidson,Nashville,6/23/2018 11:39:00 AM,2,0,0,36.143140,-86.736760,I 40,,,,0.00,,,,,,,212.70,N,Not at Intersection,N,Non-Junction,None,,,         ,Ralph,Harvey,Cloudy,"Sideswipe, Same Direction",no,no,no,no,yes,False
102051746,METROPOLITAN NASHVILLE POLICE DEPT,20180543884,Davidson,Nashville,6/23/2018 11:57:00 AM,2,0,0,36.192410,-86.961890,RIVER ROAD PKE,,,,192.00,Feet,East,CUB CREEK RD,,,,0.00,N,Not at Intersection,N,Non-Junction,None,,,         ,Terrence,Bradley,Clear,Front to Rear,no,no,no,no,no,False
102051749,METROPOLITAN NASHVILLE POLICE DEPT,20180543777,Davidson,Nashville,6/23/2018 11:00:00 AM,1,1,0,36.062260,-86.625710,MURFREESBORO PKE,,,,1232.00,Feet,South,HAMILTON CHURCH RD,,,,0.00,N,Not at Intersection,N,Non-Junction,None,,,         ,Barry,Demonbreun,Clear,Not Collision with Motor Vehicle in Transport,no,no,no,no,no,False
102051796,METROPOLITAN NASHVILLE POLICE DEPT,20180544042,Davidson,Nashville,6/23/2018 12:00:00 AM,2,0,0,36.157650,-86.773410,3RD AVS,,,,0.00,,,KOREAN VETERANS BLVD,,,,0.00,Y,Four-Way, ,Intersection,None,,,         ,James,Thornton,Cloudy,Angle,no,no,no,no,no,False
102051797,METROPOLITAN NASHVILLE POLICE DEPT,20180544023,Davidson,Nashville,6/23/2018 1:30:00 PM,2,0,0,36.187920,-86.798480,DOMINICAN DR,,,,0.00,Feet,West,ROSA L PARKS BLVD,,,,0.00,N,Not at Intersection, ,Non-Junction,None,,,         ,Brian,Mclarty,Clear,Front to Rear,no,no,no,no,no,False
102051805,METROPOLITAN NASHVILLE POLICE DEPT,20180543995,Davidson,Nashville,6/23/2018 1:05:00 PM,2,1,0,36.103620,-86.666480,OLD MURFREESBORO PKE,,,,0.00,Feet,,FAIRCLOTH LN,,,,0.00,Y,Four-Way,N,Intersection,None,,,         ,Gerry,Hutcheson,Cloudy,Angle,no,no,no,no,no,False
102051806,METROPOLITAN NASHVILLE POLICE DEPT,20180543941,Davidson,Nashville,6/23/2018 12:30:00 PM,2,0,0,36.135660,-86.726730,I 24,,,,0.00,,,,,,,52.20,N,Not at Intersection, ,Non-Junction,None,,,         ,James,Thomas,Cloudy,Front to Rear,no,no,no,no,no,False
102051812,METROPOLITAN NASHVILLE POLICE DEPT,20180543896,Davidson,Nashville,6/23/2018 12:17:00 PM,2,0,0,36.179490,-86.821400,DELK AV,,,,456.00,Feet,South,BUCHANAN CT,,,,0.00,N,Not at Intersection, ,Non-Junction,None,,,         ,James,Wray,Clear,"Sideswipe, Same Direction",no,no,no,no,no,False
102051814,METROPOLITAN NASHVILLE POLICE DEPT,20180543921,Davidson,Nashville,6/23/2018 12:35:00 PM,2,0,0,36.167150,-86.779610,3RD AVN,,,,0.00,,,JAMES ROBERTSON PKWY,,,,0.00,Y,OTHER, ,Intersection-Related,None,,,         ,Frank,Campbell,Cloudy,Angle,no,no,no,no,no,False
102051817,METROPOLITAN NASHVILLE POLICE DEPT,20180543794,Davidson,Nashville,6/23/2018 11:10:00 AM,1,0,0,36.192240,-86.727180,PORTER RD,,,,291.00,Feet,North,STRAIGHTWAY AV,,,,0.00,N,Not at Intersection,N,OtherLocation,None,,,         ,Joshua,Baker,Clear,Not Collision with Motor Vehicle in Transport,no,no,no,yes,no,False
102051826,METROPOLITAN NASHVILLE POLICE DEPT,20180542456,Davidson,Nashville,6/22/2018 10:08:00 PM,2,0,0,36.227490,-86.810240,WHITES CREEK PKE,,,,1806.00,Feet,North,KNIGHT DR,,,,0.00,N,Not at Intersection,N,Non-Junction,None,,,         ,Andrey,Volfson,Clear,Front to Rear,no,no,no,no,yes,False
102051840,METROPOLITAN NASHVILLE POLICE DEPT,20180541212,Davidson,Nashville,6/22/2018 2:10:00 PM,3,4,0,36.134590,-86.723390,MURFREESBORO PKE,,,,319.00,Feet,West,PLUS PARK BLVD,,,,0.00,N,Not at Intersection,N,Non-Junction,None,,,         ,Jessie,Meadows,Clear,Angle,no,no,no,no,no,False
102051848,METROPOLITAN NASHVILLE POLICE DEPT,20180543988,Davidson,Nashville,6/23/2018 1:11:00 PM,2,0,0,36.165580,-86.817890,I 40,,,,0.00,,,,,,,206.60,N,Not at Intersection,N,Non-Junction,None,,,         ,Patrick,Taylor,Clear,Angle,no,no,no,no,yes,False
102051852,METROPOLITAN NASHVILLE POLICE DEPT,20180544077,Davidson,Not in City Limit,6/23/2018 2:10:00 PM,2,0,0,36.263070,-86.711920,STATE RT 45,,,,0.00,,,GALLATIN PKEN,,,,0.00,Y,Four-Way,Y,Intersection-Related,None,,,         ,Samuel,Kersten,Cloudy,"Sideswipe, Same Direction",no,no,no,no,yes,False
102051883,METROPOLITAN NASHVILLE POLICE DEPT,20180544103,Davidson,Nashville,6/23/2018 2:31:00 PM,2,0,0,36.216730,-86.864570,PRINCESS LN,,,,144.00,Feet,East,EATONS CREEK RD,,,,0.00,N,Not at Intersection, ,Non-Junction,None,,,         ,Bryan,Musgrave,Clear,Angle,no,no,no,no,no,False
102051885,METROPOLITAN NASHVILLE POLICE DEPT,20180544097,Davidson,Nashville,6/23/2018 12:00:00 AM,3,0,0,36.159380,-86.760030,I 24,,,,0.00,,,,,,,49.50,N,Not at Intersection,N,Non-Junction,None,,,         ,Trevor,Taylor,Clear,Front to Rear,no,no,no,no,yes,False
102051893,METROPOLITAN NASHVILLE POLICE DEPT,20180544142,Davidson,Nashville,6/23/2018 2:02:00 PM,4,0,0,36.089640,-86.650320,MURFREESBORO PKE,,,,228.00,Feet,North,RANSOM PL,,,,0.00,N,Not at Intersection,N,Non-Junction,None,,,         ,Cheri,Cox,Clear,Front to Rear,no,no,no,no,no,False
102051894,METROPOLITAN NASHVILLE POLICE DEPT,20180544225,Davidson,Nashville,6/23/2018 3:27:00 PM,2,0,0,36.108070,-86.922410,OLD HICKORY BLVD,,,,85.00,Feet,North,ROCKY LN,,,,0.00,N,Not at Intersection,N,Non-Junction,None,,,         ,Adam,Reese,Clear,Front to Rear,no,no,no,no,no,False
102051912,METROPOLITAN NASHVILLE POLICE DEPT,20180544185,Davidson,Nashville,6/23/2018 3:21:00 PM,2,0,0,36.087170,-86.730520,NOLENSVILLE PKE,,,,138.00,Feet,North,ELYSIAN FIELDS CT,,,,0.00,N,Not at Intersection, ,Non-Junction,None,,,         ,Akira,McSwain,Clear,Front to Rear,no,no,no,no,no,False
102051913,METROPOLITAN NASHVILLE POLICE DEPT,20180544231,Davidson,Nashville,6/23/2018 3:38:00 PM,2,0,0,36.167010,-86.763730,SHELBY AV,,,,1.00,Feet,East,S 4TH ST,,,,0.00,N,Not at Intersection, ,Non-Junction,None,,,         ,Michael,Moss,Clear,"Sideswipe, Same Direction",no,no,no,no,no,False
102051925,METROPOLITAN NASHVILLE POLICE DEPT,20180544263,Davidson,Nashville,6/23/2018 4:00:00 PM,2,0,0,36.165260,-86.767500,SHELBY AV,,,,190.00,Feet,North,S 2ND ST,,,,0.00,N,Not at Intersection, ,Non-Junction,None,,,         ,Jessie,Meadows,Clear,"Sideswipe, Same Direction",no,no,no,no,no,False
102051954,METROPOLITAN NASHVILLE POLICE DEPT,20180544145,Davidson,Nashville,6/23/2018 2:40:00 PM,2,0,0,36.119850,-86.738410,PEACHTREE ST,,,,0.00,,,STERLING BOONE DR,,,,0.00,Y,OTHER, ,Non-Junction,None,,,         ,Je-Marc,Sears,Clear,Front to Rear,no,no,no,no,no,False
102051969,METROPOLITAN NASHVILLE POLICE DEPT,20180544256,Davidson,Goodlettsville,6/23/2018 3:42:00 PM,2,0,0,36.301650,-86.693440,THE GALLERY AT RIVERGATE PVTDR,,,,0.00,Feet,East,GALLATIN PKEN,,,,0.00,N,Not at Intersection, ,Non-Junction,None,,,         ,Bradley,Fort,Clear,Angle,no,no,no,no,no,False
102051971,METROPOLITAN NASHVILLE POLICE DEPT,20180544236,Davidson,Nashville,6/23/2018 3:30:00 PM,2,1,0,36.040900,-86.779380,STONE BROOK DR,,,,0.00,,,OLD HICKORY BLVD,,,,0.00,Y,Four-Way,N,Intersection,None,,,         ,David,Robberson,Clear,Angle,no,no,no,no,no,False
102051973,METROPOLITAN NASHVILLE POLICE DEPT,20180544285,Davidson,Nashville,6/23/2018 4:00:00 PM,2,0,0,36.142650,-86.707830,I 40,,,,0.00,,,,,,,214.35,N,Not at Intersection, ,Non-Junction,None,,,         ,Andrew,Anoskey,Clear,"Sideswipe, Same Direction",no,no,no,no,no,False
102051984,METROPOLITAN NASHVILLE POLICE DEPT,20180544355,Davidson,Nashville,6/23/2018 12:00:00 AM,2,0,0,36.145410,-86.778970,8TH AVS,,,,129.00,Feet,North,ARCHER ST,,,,0.00,N,Not at Intersection,N,Non-Junction,None,,,         ,Akira,McSwain,Clear,Angle,no,no,no,no,yes,False
102051995,METROPOLITAN NASHVILLE POLICE DEPT,2018-0544031,Davidson,Nashville,6/23/2018 1:38:00 PM,2,2,0,36.089150,-86.732690,NOLENSVILLE PKE,,,,427.00,Feet,South,ZOO RD,,,,0.00,N,Not at Intersection,N,Non-Junction,None,,,         ,Sean,Williams,Clear,Angle,no,no,no,no,no,False
102052007,METROPOLITAN NASHVILLE POLICE DEPT,20180544471,Davidson,Nashville,6/23/2018 5:23:00 PM,2,0,0,36.167540,-86.787660,ROSA L PARKS BLVD,,,,0.00,,,10TH CIRN,,,,0.00,Y,Y-Intersection, ,Intersection,None,,,         ,Roy,Sain Jr.,Clear,"Sideswipe, Same Direction",no,no,no,no,yes,False
102052011,METROPOLITAN NASHVILLE POLICE DEPT,20180544550,Davidson,Nashville,6/23/2018 6:04:00 PM,2,1,0,36.205890,-86.768610,E TRINITY LN,,,,0.00,,,W TRINITY LN,,,,0.00,Y,Four-Way,N,Intersection,None,,,         ,Gordon,Stovall,Clear,Angle,no,no,no,no,yes,False
102052054,METROPOLITAN NASHVILLE POLICE DEPT,20180544567,Davidson,Nashville,6/23/2018 6:00:00 PM,2,0,0,36.218110,-86.696020,MUSIC VALLEY DR,,,,389.00,Feet,North,MCGAVOCK PKE,,,,0.00,N,Not at Intersection, ,Non-Junction,None,,,         ,Tony,Mingsing,Clear,Angle,no,no,no,no,no,False
102052069,METROPOLITAN NASHVILLE POLICE DEPT,20180544608,Davidson,Nashville,6/23/2018 6:20:00 PM,2,1,0,36.143460,-86.687370,I 40,,,,0.00,,,,,,,215.45,N,Not at Intersection,N,Non-Junction,None,,,         ,Darci,Stechman,Clear,Front to Rear,no,no,no,no,no,False
102052075,METROPOLITAN NASHVILLE POLICE DEPT,20180544653,Davidson,Nashville,6/23/2018 12:00:00 AM,2,0,0,36.154470,-86.770360,2ND AVS,,,,0.00,,,MIDDLETON ST,,,,0.00,Y,T-Intersection, ,Intersection,None,,,         ,Trevor,Taylor,Clear,Angle,no,no,no,no,no,False
102052095,METROPOLITAN NASHVILLE POLICE DEPT,20180544858,Davidson,Nashville,6/23/2018 4:15:00 PM,2,0,0,36.171350,-86.741740,BOSCOBEL ST,,,,292.00,Feet,East,S 16TH ST,,,,0.00,N,Not at Intersection, ,Non-Junction,None,,,         ,Hunter,Fikes,Clear,Angle,no,no,no,no,yes,False
102052097,METROPOLITAN NASHVILLE POLICE DEPT,20180544646,Davidson,Goodlettsville,6/23/2018 6:15:00 PM,2,0,0,36.301650,-86.693440,THE GALLERY AT RIVERGATE PVTDR,,,,0.00,Feet,,GALLATIN PKEN,,,,0.00,Y,Four-Way, ,Intersection,None,,,         ,Michael,Quinn,Clear,Front to Rear,no,no,no,no,yes,False
102052098,METROPOLITAN NASHVILLE POLICE DEPT,20180544148,Davidson,Nashville,6/23/2018 2:55:00 PM,2,0,0,36.148630,-86.745770,I 40,,,,0.00,,,,,,,211.90,N,Not at Intersection, ,Non-Junction,None,,,         ,Allyson,Reis,Clear,"Sideswipe, Same Direction",no,no,no,no,no,False
102052120,METROPOLITAN NASHVILLE POLICE DEPT,20180544516,Davidson,Nashville,6/23/2018 5:48:00 PM,2,0,0,36.193300,-86.751920,ELLINGTON PKWY N EXT RAMP,,,,0.00,,,DOUGLAS AV,,,,0.00,Y,T-Intersection, ,Entrance/Exit Ramp Related,None,,,         ,Daniel,Wadham,Clear,Front to Rear,no,no,no,no,no,False
102052154,METROPOLITAN NASHVILLE POLICE DEPT,20180544843,Davidson,Nashville,6/23/2018 7:53:00 PM,2,0,0,36.158480,-86.778100,DEMONBREUN ST,,,,268.00,Feet,North,6TH AVS,,,,0.00,N,Not at Intersection,N,Non-Junction,None,,,         ,Seth,Quiles,Clear,Rear to Rear,no,no,no,no,yes,False
102052204,METROPOLITAN NASHVILLE POLICE DEPT,20180545119,Davidson,Nashville,6/23/2018 9:40:00 PM,1,0,0,36.045220,-86.716550,OLD HICKORY BLVD,,,,145.00,Feet,East,HICKORY PLZ,,,,0.00,N,Not at Intersection,N,Non-Junction,None,,,         ,Akira,McSwain,Clear,Not Collision with Motor Vehicle in Transport,no,no,no,no,no,False
102052212,METROPOLITAN NASHVILLE POLICE DEPT,20180544747,Davidson,Nashville,6/23/2018 7:00:00 PM,2,0,0,36.046430,-86.668990,BEECHWOOD TER,,,,606.00,Feet,North,BELL RD,,,,0.00,N,Not at Intersection, ,Non-Junction,None,,,         ,Eric,Wegener,Clear,Angle,no,no,no,no,yes,False
102052233,METROPOLITAN NASHVILLE POLICE DEPT,20180544996,Davidson,Nashville,6/23/2018 8:59:00 PM,2,0,0,36.087590,-86.691830,HARDING PL,,,,128.00,Feet,East,ANTIOCH PKE,,,,0.00,N,Not at Intersection,N,Non-Junction,None,,,         ,YUNUS,ADAK,Clear,Front to Rear,no,no,no,no,no,False
102052248,METROPOLITAN NASHVILLE POLICE DEPT,20180545212,Davidson,Nashville,6/23/2018 10:38:00 PM,2,0,0,36.149280,-86.774660,I 40,,,,0.00,,,,,,,210.15,N,Not at Intersection, ,Non-Junction,None,,,         ,Randall,Atkinson,Clear,Front to Rear,no,no,no,no,no,False
102052253,METROPOLITAN NASHVILLE POLICE DEPT,2018-0545124,Davidson,Nashville,6/23/2018 9:53:00 PM,1,1,0,36.131450,-86.801380,21ST AVS,,,,0.00,,,,,,,0.00,,Not at Intersection,N,Non-Junction,None,,,         ,Ryan,Caulfield,Clear,Not Collision with Motor Vehicle in Transport,no,no,no,no,no,False
102052257,METROPOLITAN NASHVILLE POLICE DEPT,20180545263,Davidson,Nashville,6/23/2018 11:30:00 PM,2,0,0,36.105760,-86.672120,MURFREESBORO PKE,,,,107.00,Feet,West,EZELL PKE,,,,0.00,N,Not at Intersection,Y,OtherLocation,None,,,         ,Brett,Johns,Clear,Front to Rear,no,no,no,no,no,False
102052258,METROPOLITAN NASHVILLE POLICE DEPT,20180545307,Davidson,Not in City Limit,6/23/2018 11:00:00 PM,1,0,0,36.268930,-86.755350,OLD HICKORY BLVDW,,,,0.00,,,,,,,0.00,,,N,Non-Junction,None,,,         ,Ashton,Hill,Clear,Not Collision with Motor Vehicle in Transport,no,no,no,yes,yes,False
102052271,METROPOLITAN NASHVILLE POLICE DEPT,20180545264,Davidson,Nashville,6/23/2018 11:10:00 PM,2,0,0,36.141430,-86.885610,I 40,,,,0.00,,,,,,,202.15,N,Not at Intersection,N,Non-Junction,None,,,         ,Kenneth,Bray,Clear,"Sideswipe, Same Direction",no,no,no,no,yes,False
102052294,METROPOLITAN NASHVILLE POLICE DEPT,20180545234,Davidson,Nashville,6/23/2018 10:58:00 PM,2,0,0,36.234410,-86.721360,BRILEY PKWYW,,,,0.00,Feet,East,BRILEY PKWY W EXT RAMP,,,,0.00,N,Not at Intersection,N,Non-Junction,None,,,         ,Thomas,Burns,Clear,Front to Rear,no,no,no,no,yes,False
102052298,METROPOLITAN NASHVILLE POLICE DEPT,20180545251,Davidson,Nashville,6/23/2018 10:38:00 PM,2,0,0,36.206720,-86.779810,W TRINITY LN,,,,353.00,Feet,East,SCRUGGS LN,,,,0.00,N,Not at Intersection, ,Non-Junction,None,,,         ,John,Deiterick,Clear,Front to Rear,no,no,no,no,no,False
102052304,METROPOLITAN NASHVILLE POLICE DEPT,20180545413,Davidson,Nashville,6/23/2018 11:00:00 PM,2,0,0,36.016640,-86.620420,OLD HICKORY BLVD,,,,0.00,,,,,,,0.00,,,N,Non-Junction,None,,,         ,Kaleb,Stella,Clear,Front to Rear,no,no,no,yes,yes,False
102052306,METROPOLITAN NASHVILLE POLICE DEPT,20180545305,Davidson,Nashville,6/23/2018 11:46:00 PM,2,1,0,36.069120,-86.683840,RICHARDS RD,,,,0.00,,,ANTIOCH PKE,,,,0.00,Y,T-Intersection, ,Intersection-Related,None,,,         ,David,Simmonds,Clear,Front to Rear,no,no,no,no,no,False
102052321,METROPOLITAN NASHVILLE POLICE DEPT,20180545319,Davidson,Nashville,6/23/2018 12:00:00 AM,2,2,0,36.038090,-86.784460,I65 S EXT RAMP,,,,0.00,Feet,East,I 65,,,,0.00,N,Not at Intersection,N,Entrance/Exit Ramp Related,None,,,         ,Courtney,Hester,Clear,"Sideswipe, Same Direction",no,no,no,no,yes,False
102052336,METROPOLITAN NASHVILLE POLICE DEPT,20180545208,Davidson,Nashville,6/23/2018 10:25:00 PM,2,0,0,36.167520,-86.765110,I24 W ENT RAMP,,,,447.00,Feet,West,S 4TH ST,,,,0.00,N,Not at Intersection, ,Entrance/Exit Ramp Related,None,,,         ,Edward,Holden,Clear,Front to Rear,no,no,no,no,no,False
102052821,GOODLETTSVILLE POLICE DEPT,18-21810,Davidson,Goodlettsville,6/22/2018 3:16:00 PM,2,0,0,36.325470,-86.701330,LONG HOLLOW PKE,,,,181.00,Feet,North,CONFERENCE DR,,,,0.00,N,Not at Intersection, ,Non-Junction,None,,,         ,John,Spencer,Clear,Front to Rear,no,no,no,no,no,False
102053284,THP District 9 - Administrative,318040010,Davidson,Nashville,6/20/2018 12:15:00 PM,1,1,0,36.167250,-86.781080,JAMES ROBERTSON PKWY,,,,0.00,,,4TH AVN,,,,0.00,,Not at Intersection,N,Non-Junction,None,,,         ,Brian,Carmouche,Clear,Not Collision with Motor Vehicle in Transport,no,no,no,yes,no,False
102054065,METROPOLITAN NASHVILLE POLICE DEPT,20180550698,Davidson,Nashville,6/22/2018 12:00:00 AM,2,0,0,36.180620,-86.758850,N 9TH ST,,,,0.00,,,MARINA ST,,,,0.00,Y,Four-Way,N,Intersection-Related,None,,,         ,Lindsey,Anderson,Clear,"Sideswipe, Same Direction",no,no,no,no,yes,False
102054854,METROPOLITAN NASHVILLE POLICE DEPT,20180538636,Davidson,Nashville,6/21/2018 7:30:00 PM,2,1,1,36.107150,-86.719540,I 24,,,,0.00,,,,,,,53.90,N,Not at Intersection,N,Non-Junction,None,,,18-0399  ,Christopher,Augustin,Cloudy,Not Collision with Motor Vehicle in Transport,no,no,no,no,no,False
102055194,THP District 3 - Nashville,318039954,Davidson,Nashville,6/20/2018 3:12:00 AM,2,0,0,36.179910,-86.794280,7TH AVN,,,,211.00,Feet,North,HUME ST,,,,0.00,N,Not at Intersection,N,Non-Junction,None,,,         ,William,Matsunaga,Clear,Angle,no,no,no,no,yes,False
102055857,Nashville Airport Police,2018-02381,Davidson,Nashville,6/23/2018 12:00:00 AM,2,0,0,36.135510,-86.663390,STATE HWY 255,,,,0.00,,,RAMP,,,,0.00,Y,OTHER, ,Non-Junction,None,,,         ,Chevy,Estes,Clear,Front to Rear,no,no,no,no,no,False
102061601,GOODLETTSVILLE POLICE DEPT,18-21212,Davidson,Goodlettsville,6/17/2018 6:35:00 PM,2,0,0,36.300030,-86.711530,I 65,,,,0.00,,,,,,,95.15,N,Not at Intersection, ,Non-Junction,Work Zone,,,         ,Andre,Sanders,Clear,Front to Rear,no,no,no,no,no,False
102061602,GOODLETTSVILLE POLICE DEPT,18-21140,Davidson,Goodlettsville,6/16/2018 10:25:00 PM,2,0,0,36.300620,-86.710990,I 65,,,,0.00,,,,,,,95.20,N,Not at Intersection,N,Non-Junction,Work Zone,Laneclosure,Transition Area,         ,Andre,Sanders,Clear,Front to Rear,no,no,no,no,no,False
102071057,METROPOLITAN NASHVILLE POLICE DEPT,20180544525,Davidson,Nashville,6/23/2018 5:54:00 PM,2,1,0,36.172570,-86.812850,23RD AVN,,,,105.00,Feet,North,UNDERWOOD ST,,,,0.00,N,Not at Intersection,N,Non-Junction,None,,,         ,Katelin,Ehrhardt,Cloudy,HeadOn,no,no,no,no,yes,False
102071864,METROPOLITAN NASHVILLE POLICE DEPT,20180469007,Davidson,Nashville,5/29/2018 8:40:00 AM,2,0,0,36.163237,-86.784928,ROSA L. PARKS AVENUE,AVE,,,100.00,Feet,North,UNION STREET,,,,0.00,N,Not at Intersection,N,Non-Junction,None,,,         ,William,Vincion,Rain,Angle,no,no,no,no,no,False
102073417,METROPOLITAN NASHVILLE POLICE DEPT,20180519045,Davidson,Nashville,6/15/2018 3:09:00 AM,1,1,0,36.174630,-86.760680,MAIN ST,,,,82.00,Feet,East,N 7TH ST,,,,0.00,N,Not at Intersection,N,Non-Junction,None,,,         ,Christopher,Augustin,Clear,Not Collision with Motor Vehicle in Transport,no,no,no,no,no,False
102074346,BELLE MEADE POLICE DEPT,18-0173,Davidson,Belle Meade,6/21/2018 5:08:00 PM,2,0,0,36.113270,-86.862950,JACKSON BLVD,,,,0.00,,,HARDING PKE,,,,0.00,Y,T-Intersection, ,Intersection,None,,,         ,Katelyn,Cloxton,Clear,Angle,no,no,no,no,no,False
102076623,METROPOLITAN NASHVILLE POLICE DEPT,20180612704,Davidson,Nashville,6/14/2018 1:00:00 PM,2,0,0,36.148400,-86.667120,NELSON PL,,,,0.00,,,,,,,0.00,,,N,"Driveway, Alley Access, etc",None,,,         ,Kimberly,Annson,Clear,Other,no,no,no,no,yes,False
102239912,Metro Park Police,20180472386,Davidson,Nashville,5/30/2018 3:40:00 PM,2,0,0,36.155650,-86.789720,BROADWAY,,,,0.00,,,14TH AVS,,,,0.00,Y,T-Intersection, ,Intersection,None,,,         ,Brian,Thompson,Clear,"Sideswipe, Same Direction",no,no,no,no,no,False
102052284,METROPOLITAN NASHVILLE POLICE DEPT,20180545334,Davidson,Not in City Limit,6/24/2018 12:00:00 AM,1,0,0,36.356710,-86.860400,WILKINSON RD,,,,8.00,Feet,East,GREENBRIER RD,,,,0.00,N,Not at Intersection, ,Non-Junction,None,,,         ,Erik,Schall,Clear,Not Collision with Motor Vehicle in Transport,no,no,no,no,no,False
102052313,METROPOLITAN NASHVILLE POLICE DEPT,20180545404,Davidson,Nashville,6/24/2018 12:51:00 AM,2,0,0,36.198100,-86.608570,ANDREW JACKSON PKWY,,,,269.00,Feet,North,TYLER DR,,,,0.00,N,Not at Intersection,N,"Driveway, Alley Access, etc",None,,,         ,Emily,Mulready,Clear,Angle,no,no,no,no,no,False
102052316,METROPOLITAN NASHVILLE POLICE DEPT,20180545488,Davidson,Nashville,6/24/2018 12:55:00 AM,2,0,0,36.161320,-86.775830,3RD AVS,,,,88.00,Feet,South,BROADWAY,,,,0.00,N,Not at Intersection,N,Non-Junction,None,,,         ,Jeremy,Arrington,Clear,Angle,no,no,no,no,yes,False
102052320,METROPOLITAN NASHVILLE POLICE DEPT,20180545613,Davidson,Nashville,6/24/2018 12:00:00 AM,1,0,0,36.213330,-86.855150,W HAMILTON RD,,,,33.00,Feet,South,DRAKES HILL DR,,,,0.00,N,Not at Intersection,N,Non-Junction,None,,,         ,Erik,Schall,Clear,Not Collision with Motor Vehicle in Transport,no,no,no,no,yes,False
102052330,METROPOLITAN NASHVILLE POLICE DEPT,20180545668,Davidson,Nashville,6/24/2018 2:40:00 AM,2,0,0,36.157930,-86.791610,I40 E ENT RAMP,,,,0.00,Feet,,I 40,,,,0.00,Y,T-Intersection,N,Non-Junction,None,,,         ,Craig,Oakley,Clear,Front to Rear,no,no,no,no,no,False
102052334,METROPOLITAN NASHVILLE POLICE DEPT,20180545709,Davidson,Nashville,6/24/2018 3:06:00 AM,2,0,0,36.154340,-86.798960,19TH AVN,,,,0.00,,,CHURCH ST,,,,0.00,Y,Four-Way,Y,Intersection-Related,None,,,         ,Dakota,Vermillion,Clear,Front to Rear,no,no,no,no,yes,False