master_record_number,agency,agency_tracking_number,county,city,collision_date,vehicles_involved,number_injured,number_dead,latitude,longitude,roadway_name,roadway_suffix,roadway_number,roadway_local_id,distance_from_reference,miles-feet_indicator,direction_from_reference,intersection_road_name,intersection_road_name_suffix,intersection_road_number,intersection_local_id,mile_marker,intersection_indicator,intersect_type,interchange_related_indicator,relation_to_junction,work_zone_type,construction_maintenance_zone,construction_maintenance_zone_location,fatal_case_number,officer_first_name,officer_last_name,weather_condition(s),manner_of_crash,pedestrian,bicycle,scooter,parking,hitrun,mou
102054084,METROPOLITAN NASHVILLE POLICE DEPT,20180551107,Davidson,Nashville,6/26/2018 12:00:00 AM,3,0,0,36.189070,-86.816670,25TH AVN,,,,266.00,Feet,North,DOWLAN ST,,,,0.00,N,Not at Intersection,N,Non-Junction,None,,,         ,William,Erickson,Rain,"Sideswipe, Same Direction",no,no,no,no,yes,False
102054088,METROPOLITAN NASHVILLE POLICE DEPT,20180551108,Davidson,Nashville,6/26/2018 12:00:00 AM,2,0,0,36.190490,-86.816950,25TH AVN,,,,0.00,,,26TH AVN,,,,0.00,Y,OTHER,N,Non-Junction,None,,,         ,Jamel,Griffin,Rain,Angle,no,no,no,no,yes,False
102054090,METROPOLITAN NASHVILLE POLICE DEPT,20180551133,Davidson,Nashville,6/26/2018 12:00:00 AM,1,1,0,36.254290,-86.721490,GIBSON DR,,,,13.00,Feet,South,CHADWELL DR,,,,0.00,N,Not at Intersection,N,OtherLocation,None,,,         ,David,Williford,Clear,Not Collision with Motor Vehicle in Transport,no,no,no,no,yes,False
102054107,METROPOLITAN NASHVILLE POLICE DEPT,20180551106,Davidson,Nashville,6/26/2018 2:30:00 AM,2,1,0,36.165810,-86.780330,4TH AVN,,,,0.00,,,DEADERICK ST,,,,0.00,Y,Four-Way,N,Intersection,None,,,         ,Stephen,Waterman,Clear,Angle,no,no,no,no,no,False
102054112,METROPOLITAN NASHVILLE POLICE DEPT,20180551370,Davidson,Antioch,6/26/2018 4:15:00 AM,1,0,0,36.047840,-86.612050,MURFREESBORO PKE,,,,1284.00,Feet,North,MOUNTAIN SPRINGS RD,,,,0.00,N,Not at Intersection,N,Non-Junction,None,,,         ,William,Monaghan,Clear,Not Collision with Motor Vehicle in Transport,no,no,no,no,no,False
102054120,METROPOLITAN NASHVILLE POLICE DEPT,2018-0551264,Davidson,Nashville,6/26/2018 3:45:00 AM,1,1,0,36.041140,-86.743750,EDMONDSON PKE,,,,418.00,Feet,North,OLD HICKORY BLVD,,,,0.00,N,Not at Intersection,N,Non-Junction,None,,,         ,Thomas,Miller,Clear,Not Collision with Motor Vehicle in Transport,no,no,no,no,no,False
102054144,METROPOLITAN NASHVILLE POLICE DEPT,20180551424,Davidson,Nashville,6/26/2018 5:13:00 AM,2,0,0,36.083260,-86.764030,I65 S EXT RAMP,,,,0.00,Feet,East,I 65,,,,0.00,N,Not at Intersection,N,Non-Junction,None,,,         ,Randall,Atkinson,Clear,Not Collision with Motor Vehicle in Transport,no,no,no,no,no,False
102054153,METROPOLITAN NASHVILLE POLICE DEPT,20180551611,Davidson,Nashville,6/26/2018 6:31:00 AM,2,1,0,36.198440,-86.620270,LEBANON PKE,,,,0.00,,,OLD HICKORY BLVD,,,,0.00,Y,Four-Way, ,Intersection,None,,,         ,Leonard,Spadavecchia,Clear,Front to Rear,no,no,no,no,no,False
102054165,METROPOLITAN NASHVILLE POLICE DEPT,20180551624,Davidson,Nashville,6/26/2018 6:51:00 AM,2,0,0,36.157060,-86.627360,I 40,,,,0.00,,,,,,,219.10,N,Not at Intersection, ,Non-Junction,None,,,         ,Michael,Dance,Clear,Front to Rear,no,no,no,no,no,False
102054183,METROPOLITAN NASHVILLE POLICE DEPT,20180551634,Davidson,Nashville,6/26/2018 5:46:00 AM,2,0,0,36.189880,-86.816570,25TH AVN,,,,246.00,Feet,South,26TH AVN,,,,0.00,N,Not at Intersection, ,Non-Junction,None,,,         ,Brian,Warstadt,Unknown,"Sideswipe, Same Direction",no,no,no,no,yes,False
102054196,METROPOLITAN NASHVILLE POLICE DEPT,20180551629,Davidson,Not in City Limit,6/26/2018 6:52:00 AM,2,2,0,36.265430,-86.711130,GALLATIN PKEN,,,,153.00,Feet,South,DULING AV,,,,0.00,N,Not at Intersection,N,Non-Junction,None,,,         ,Michelle,Steidl,Clear,Angle,no,no,no,no,no,False
102054231,METROPOLITAN NASHVILLE POLICE DEPT,20180551670,Davidson,Nashville,6/26/2018 7:10:00 AM,2,0,0,36.154860,-86.842350,46TH AVN,,,,151.00,Feet,North,DELAWARE AV,,,,0.00,N,Not at Intersection, ,,None,,,         ,William,Loucks Jr.,,,no,no,no,no,no,False
102054246,METROPOLITAN NASHVILLE POLICE DEPT,20180551679,Davidson,Nashville,6/26/2018 7:15:00 AM,3,0,0,36.112170,-86.723050,I 24,,,,0.00,,,,,,,53.50,N,Not at Intersection, ,Non-Junction,None,,,         ,Jessie,Meadows,Clear,Front to Rear,no,no,no,no,no,False
102054261,METROPOLITAN NASHVILLE POLICE DEPT,20180551874,Davidson,Nashville,6/26/2018 8:19:00 AM,2,0,0,36.172480,-86.595110,CENTRAL PKE,,,,0.00,,,TULIP GROVE RD,,,,0.00,Y,Four-Way, ,Intersection,None,,,         ,Michael,Dance,Clear,Front to Rear,no,no,no,no,no,False
102054262,METROPOLITAN NASHVILLE POLICE DEPT,20180551846,Davidson,Nashville,6/26/2018 8:00:00 AM,2,0,0,36.116310,-86.791370,I 440,,,,0.00,,,,,,,3.90,N,Not at Intersection, ,Non-Junction,None,,,         ,Timothy,Skopek,Clear,Front to Rear,no,no,no,no,no,False
102054294,METROPOLITAN NASHVILLE POLICE DEPT,20180551819,Davidson,Nashville,6/26/2018 8:07:00 AM,2,0,0,36.153830,-86.840600,I 40,,,,0.00,,,,,,,204.90,N,Not at Intersection,N,Non-Junction,None,,,         ,William,Loucks Jr.,Clear,Front to Rear,no,no,no,no,no,False
102054308,METROPOLITAN NASHVILLE POLICE DEPT,2018-0551921,Davidson,Nashville,6/26/2018 8:30:00 AM,2,0,0,36.197490,-86.618590,LEBANON PKE PVTDR,,,,286.00,Feet,North,OLD HICKORY BLVD PVTDR,,,,0.00,N,Not at Intersection, ,Non-Junction,None,,,         ,Calvin,Graham,Clear,Front to Rear,no,no,no,no,no,False
102054309,METROPOLITAN NASHVILLE POLICE DEPT,2018-0551881,Davidson,Nashville,6/26/2018 8:14:00 AM,2,0,0,36.111160,-86.755230,THOMPSON LN,,,,0.00,,,SIDCO DR,,,,0.00,Y,Four-Way, ,Intersection-Related,None,,,         ,Aaron,Jones,Clear,Front to Rear,no,no,no,no,no,False
102054310,METROPOLITAN NASHVILLE POLICE DEPT,20180551862,Davidson,Antioch,6/26/2018 7:30:00 AM,2,0,0,36.042850,-86.606550,MURFREESBORO PKE,,,,0.00,,,HOBSON PKE,,,,0.00,Y,Four-Way, ,Intersection-Related,None,,,         ,Amy,Hirschmann,Clear,Front to Rear,no,no,no,no,no,False
102054319,METROPOLITAN NASHVILLE POLICE DEPT,20180551748,Davidson,Nashville,6/26/2018 7:43:00 AM,2,0,0,36.134010,-86.758950,NOLENSVILLE PKE,,,,0.00,,,CRAIGHEAD ST,,,,0.00,Y,T-Intersection,N,Intersection-Related,None,,,         ,Jon,Mcvey,Clear,Angle,no,no,no,no,no,False
102054320,METROPOLITAN NASHVILLE POLICE DEPT,20180551916,Davidson,Nashville,6/26/2018 8:25:00 AM,2,0,0,36.122800,-86.804950,I440 W EXT RAMP,,,,0.00,Feet,East,I 440,,,,0.00,N,Not at Intersection,N,Non-Junction,None,,,         ,Jon,Mcvey,Clear,Front to Rear,no,no,no,no,no,False
102054331,METROPOLITAN NASHVILLE POLICE DEPT,20180551935,Davidson,Nashville,6/26/2018 8:40:00 AM,4,1,0,36.153340,-86.804970,22ND AVN,,,,195.00,Feet,South,PATTERSON ST,,,,0.00,N,Not at Intersection,N,Non-Junction,None,,,         ,Walter,Cothran,Clear,Angle,no,no,no,yes,no,False
102054335,METROPOLITAN NASHVILLE POLICE DEPT,20180551787,Davidson,Nashville,6/26/2018 7:56:00 AM,1,1,0,36.139820,-86.787590,HORTON AV,,,,0.00,,,12TH AVS,,,,0.00,Y,Four-Way,N,Intersection,None,,,         ,William,Caillouette,Clear,Not Collision with Motor Vehicle in Transport,yes,no,no,no,yes,False
102054336,METROPOLITAN NASHVILLE POLICE DEPT,20180552101,Davidson,Nashville,6/26/2018 9:10:00 AM,2,0,0,36.150360,-86.868460,I 40,,,,0.00,,,,,,,203.35,N,Not at Intersection, ,Non-Junction,None,,,         ,Brian,Myatt,Clear,"Sideswipe, Same Direction",no,no,no,no,no,False
102054339,METROPOLITAN NASHVILLE POLICE DEPT,2018-0552031,Davidson,Not in City Limit,6/26/2018 9:20:00 AM,1,1,0,36.264330,-86.724550,OLD HICKORY BLVDW,,,,137.00,Feet,West,HERITAGE DR,,,,0.00,N,Not at Intersection,N,Non-Junction,None,,,         ,Travis,Baxter,Cloudy,Not Collision with Motor Vehicle in Transport,yes,no,no,yes,no,False
102054359,METROPOLITAN NASHVILLE POLICE DEPT,20180552044,Davidson,Nashville,6/26/2018 9:22:00 AM,2,0,0,36.162650,-86.784570,ROSA L PARKS AV,,,,109.00,Feet,South,UNION ST,,,,0.00,N,Not at Intersection, ,Non-Junction,Construction Zone,,,         ,Andrew,Richey,Clear,"Sideswipe, Same Direction",no,no,no,no,no,False
102054361,METROPOLITAN NASHVILLE POLICE DEPT,20180552186,Davidson,Nashville,6/26/2018 10:31:00 AM,2,2,0,36.171960,-86.591670,CENTRAL PKE,,,,0.00,,,VALLEY GROVE DR,,,,0.00,Y,T-Intersection,N,Intersection,None,,,         ,Thomas,Odom,Clear,Front to Rear,no,no,no,no,no,False
102054375,METROPOLITAN NASHVILLE POLICE DEPT,20180552191,Davidson,Nashville,6/26/2018 11:03:00 AM,2,0,0,36.096230,-86.877870,HARDING PKE,,,,85.00,Feet,West,VOSSLAND DR,,,,0.00,N,Not at Intersection, ,Non-Junction,None,,,         ,Cesar,Rocha,Clear,Front to Rear,no,no,no,no,no,False
102054377,METROPOLITAN NASHVILLE POLICE DEPT,20180552231,Davidson,Nashville,6/26/2018 11:00:00 AM,2,0,0,36.134450,-86.629860,BELL RD,,,,228.00,Feet,South,TRAILS END LN,,,,0.00,N,Not at Intersection, ,Non-Junction,None,,,         ,Michael,Dance,Clear,"Sideswipe, Opposite Direction",no,no,no,no,no,False
102054397,METROPOLITAN NASHVILLE POLICE DEPT,20180552238,Davidson,Nashville,6/26/2018 11:03:00 AM,2,0,0,36.095840,-86.878700,HARDING PKE,,,,196.00,Feet,West,WESTMINSTER PL,,,,0.00,N,Not at Intersection, ,Non-Junction,None,,,         ,Cesar,Rocha,Clear,Front to Rear,no,no,no,no,no,False
102054457,METROPOLITAN NASHVILLE POLICE DEPT,20180552428,Davidson,Nashville,6/26/2018 12:00:00 AM,2,0,0,36.174590,-86.795160,MONROE ST,,,,28.00,Feet,East,10TH AVN,,,,0.00,N,Not at Intersection, ,Non-Junction,None,,,         ,Melvin,Taylor,Clear,Angle,no,no,no,no,no,False
102054480,METROPOLITAN NASHVILLE POLICE DEPT,20180552419,Davidson,Nashville,6/26/2018 12:15:00 PM,2,0,0,36.229040,-86.758680,BROADMOOR DR,,,,0.00,,,,,,,0.00,,,N,OtherLocation,None,,,         ,Russell,Freeman,Clear,Rear to Rear,no,no,no,no,yes,False
102054484,METROPOLITAN NASHVILLE POLICE DEPT,20180552397,Davidson,Nashville,6/26/2018 12:10:00 PM,2,0,0,36.106490,-86.813480,HILLSBORO PKE,,,,258.00,Feet,North,ABBOTT MARTIN RD,,,,0.00,N,Not at Intersection,N,Non-Junction,None,,,         ,Jon,Mcvey,Cloudy,Angle,no,no,no,no,yes,False
102054511,METROPOLITAN NASHVILLE POLICE DEPT,20180552351,Davidson,Nashville,6/26/2018 11:50:00 AM,2,0,0,36.155600,-86.665160,DONELSON PKE,,,,234.00,Feet,North,LAKELAND DR,,,,0.00,N,Not at Intersection,N,Non-Junction,None,,,         ,Larry,Benz,Clear,Front to Rear,no,no,no,no,no,False
102054550,METROPOLITAN NASHVILLE POLICE DEPT,20180545770,Davidson,Nashville,6/24/2018 5:21:00 AM,1,3,0,36.072790,-86.691770,I 24,,,,0.00,,,,,,,56.75,N,Not at Intersection,N,Non-Junction,None,,,         ,Kevin,Coleman,Clear,Not Collision with Motor Vehicle in Transport,no,no,no,no,no,False
102054578,METROPOLITAN NASHVILLE POLICE DEPT,20180552567,Davidson,Nashville,6/26/2018 12:58:00 PM,2,0,0,36.112650,-86.897090,CURRYWOOD DR,,,,0.00,,,BROWNLEE DR,,,,0.00,Y,Four-Way,N,Non-Junction,None,,,         ,Benjamin,Cantrell,Clear,Angle,no,no,no,no,no,False
102054584,METROPOLITAN NASHVILLE POLICE DEPT,20180552444,Davidson,Nashville,6/26/2018 12:45:00 PM,2,0,0,36.102180,-86.870250,HARDING PL,,,,0.00,,,HARDING PKE,,,,0.00,Y,OTHER, ,Intersection,None,,,         ,George,Spencer,Clear,Angle,no,no,no,no,no,False
102054609,METROPOLITAN NASHVILLE POLICE DEPT,20180552528,Davidson,Goodlettsville,6/26/2018 12:45:00 PM,2,0,0,36.295750,-86.700210,GALLATIN PKEN,,,,31.00,Feet,North,RIVERGATE STATION PVTDR,,,,0.00,N,Not at Intersection, ,,None,,,         ,Brandon,Tennant,,,no,no,no,no,no,False
102054612,VANDERBILT UNIVERSITY POLICE,20180552544,Davidson,Nashville,6/26/2018 12:00:00 PM,2,0,0,36.141590,-86.810840,NATCHEZ TRC,,,,0.00,,,,,,,0.00,,, ,Non-Junction,None,,,         ,Linda,Jennings,Clear,Angle,no,no,no,yes,no,Campus
102054618,METROPOLITAN NASHVILLE POLICE DEPT,20180552430,Davidson,Nashville,6/26/2018 12:45:00 PM,1,0,0,36.066900,-86.718120,NOLENSVILLE PKE,,,,100.00,Feet,North,NORTHCREST DR,,,,0.00,N,Not at Intersection,N,Non-Junction,None,,,         ,Jessie,Meadows,Clear,Not Collision with Motor Vehicle in Transport,no,no,no,yes,yes,False
102054655,METROPOLITAN NASHVILLE POLICE DEPT,20180552663,Davidson,Nashville,6/26/2018 1:23:00 PM,2,0,0,36.125380,-86.742440,GLENROSE AV,,,,12.00,Feet,West,FOSTER AV,,,,0.00,N,Not at Intersection, ,Non-Junction,None,,,         ,James,Thomas,Clear,Front to Rear,no,no,no,no,no,False
102054677,METROPOLITAN NASHVILLE POLICE DEPT,20180552639,Davidson,Nashville,6/26/2018 1:40:00 PM,2,0,0,36.141970,-86.816210,WEST END AV,,,,11.00,Feet,North,32ND AVS,,,,0.00,N,Not at Intersection, ,Non-Junction,None,,,         ,Jon,Mcvey,Cloudy,Front to Rear,no,no,no,no,no,Campus
102054679,METROPOLITAN NASHVILLE POLICE DEPT,20180552057,Davidson,Nashville,6/26/2018 9:33:00 AM,3,1,0,36.070040,-86.684390,ANTIOCH PKE,,,,101.00,Feet,South,HAYWOOD LN,,,,0.00,N,Not at Intersection,N,Non-Junction,None,,,         ,Eric,Keller,Clear,Front to Rear,no,no,no,no,no,False
102054693,METROPOLITAN NASHVILLE POLICE DEPT,2018-0552742,Davidson,Nashville,6/26/2018 2:25:00 PM,2,0,0,36.129260,-86.802610,21ST AVS,,,,0.00,,,ASHWOOD AV,,,,0.00,Y,OTHER, ,Non-Junction,None,,,         ,Timothy,Edwards,Clear,Angle,no,no,no,no,no,False
102054696,METROPOLITAN NASHVILLE POLICE DEPT,20180552543,Davidson,Nashville,6/26/2018 1:00:00 PM,3,3,0,36.147600,-86.744200,I 40,,,,0.00,,,,,,,212.00,N,Not at Intersection,N,Non-Junction,None,,,         ,Ryan,Ludvigson,Clear,Angle,no,no,no,no,no,False
102054715,METROPOLITAN NASHVILLE POLICE DEPT,20180552679,Davidson,Nashville,6/26/2018 2:02:00 PM,2,2,0,36.215120,-86.597670,LEBANON PKE,,,,0.00,Feet,,ANDREW JACKSON PKWY,,,,0.00,Y,Four-Way,N,Intersection-Related,None,,,         ,Michael,Dance,Cloudy,Angle,no,no,no,no,no,False
102054720,METROPOLITAN NASHVILLE POLICE DEPT,20180552768,Davidson,Nashville,6/26/2018 2:42:00 PM,2,0,0,36.170080,-86.679770,MCGAVOCK PKE,,,,263.00,Feet,North,LEBANON PKE,,,,0.00,N,Not at Intersection, ,Non-Junction,None,,,         ,Thomas,Odom,Rain,Angle,no,no,no,no,no,False
102054722,METROPOLITAN NASHVILLE POLICE DEPT,20180552590,Davidson,Nashville,6/26/2018 1:24:00 PM,2,1,0,36.120530,-86.750020,MELROSE AV,,,,0.00,Feet,,I440 E ENT RAMP,,,,0.00,Y,Four-Way,Y,Intersection-Related,None,,,         ,Michael,Dudley,Cloudy,Angle,no,no,no,no,no,False
102054723,VANDERBILT UNIVERSITY POLICE,2018-0552760,Davidson,Nashville,6/26/2018 12:00:00 AM,2,0,0,36.110940,-86.767210,POWELL AV,,,,0.00,,,,,,,0.00,,, ,Non-Junction,None,,,         ,Nancy,Douglas,Cloudy,Unknown,no,no,no,yes,yes,False
102054737,METROPOLITAN NASHVILLE POLICE DEPT,20180552822,Davidson,Nashville,6/26/2018 1:50:00 PM,3,0,0,36.041380,-86.779800,FRANKLIN PIKE CIR,,,,214.00,Feet,North,OLD HICKORY BLVD,,,,0.00,N,Not at Intersection,N,Non-Junction,None,,,         ,Akira,McSwain,Clear,Front to Rear,no,no,no,no,yes,False
102054742,METROPOLITAN NASHVILLE POLICE DEPT,20180552849,Davidson,Nashville,6/26/2018 3:00:00 PM,1,1,0,36.171390,-86.869260,BRILEY PKWYS,,,,0.00,,,CENTENNIAL BLVD,,,,0.00,Y,OTHER,N,Non-Junction,None,,,         ,Andrew,McCarron,Rain,Not Collision with Motor Vehicle in Transport,no,no,no,no,no,False
102054750,METROPOLITAN NASHVILLE POLICE DEPT,20180552878,Davidson,Not in City Limit,6/26/2018 12:00:00 AM,2,0,0,36.329590,-86.896940,I 24,,,,0.00,,,,,,,33.30,N,Not at Intersection, ,Non-Junction,None,,,         ,Melvin,Taylor,Rain,"Sideswipe, Same Direction",no,no,no,no,yes,False
102054751,METROPOLITAN NASHVILLE POLICE DEPT,20180552806,Davidson,Nashville,6/26/2018 11:55:00 AM,2,0,0,36.150500,-86.857880,WHITE BRIDGE PKE,,,,129.00,Feet,North,CHARLOTTE PKE,,,,0.00,N,Not at Intersection,N,Non-Junction,None,,,         ,Ryan,Allen,Clear,Front to Rear,no,no,no,no,yes,False
102054758,METROPOLITAN NASHVILLE POLICE DEPT,20180552843,Davidson,Nashville,6/26/2018 3:01:00 PM,2,1,0,36.123840,-86.826560,WOODLAWN DR,,,,0.00,,,BOWLING AV,,,,0.00,Y,Four-Way,N,Intersection,None,,,         ,Eric,McCoy,Rain,Angle,no,no,no,no,no,False
102054759,METROPOLITAN NASHVILLE POLICE DEPT,20180552891,Davidson,Nashville,6/26/2018 3:03:00 PM,2,0,0,36.167750,-86.778280,JAMES ROBERTSON PKWY,,,,109.00,Feet,East,2ND AVN,,,,0.00,N,Not at Intersection, ,Non-Junction,None,,,         ,David,Snowden,Rain,Front to Rear,no,no,no,no,yes,False
102054761,METROPOLITAN NASHVILLE POLICE DEPT,20180552930,Davidson,Nashville,6/26/2018 2:27:00 PM,2,0,0,36.157980,-86.772640,2ND AVS,,,,0.00,,,KOREAN VETERANS BLVD,,,,0.00,Y,Four-Way, ,Intersection,None,,,         ,Jason,King,Cloudy,Front to Rear,no,no,no,no,no,False
102054768,METROPOLITAN NASHVILLE POLICE DEPT,20180553027,Davidson,Nashville,6/26/2018 3:52:00 PM,2,1,0,36.180300,-86.816260,BUCHANAN ST,,,,0.00,Feet,East,24TH AVN,,,,0.00,N,Not at Intersection,N,Non-Junction,None,,,         ,Bryan,Musgrave,Clear,Angle,no,no,no,no,no,False
102054771,METROPOLITAN NASHVILLE POLICE DEPT,20180553001,Davidson,Nashville,6/26/2018 3:47:00 PM,2,0,0,36.181720,-86.749250,GALLATIN AV,,,,9.00,Feet,North,CALVIN AV,,,,0.00,N,Not at Intersection, ,Non-Junction,None,,,         ,Michael,Fitch,Clear,Front to Rear,no,no,no,no,no,False
102054773,METROPOLITAN NASHVILLE POLICE DEPT,20180552958,Davidson,Nashville,6/26/2018 3:30:00 PM,2,0,0,36.164010,-86.786890,ROSA L PARKS BLVD,,,,93.00,Feet,West,CHARLOTTE AV,,,,0.00,N,Not at Intersection, ,,None,,,         ,Kevin,Johnson,,,no,no,no,no,no,False
102054776,METROPOLITAN NASHVILLE POLICE DEPT,20180553044,Davidson,Nashville,6/26/2018 4:00:00 PM,2,2,0,36.085060,-86.772160,FRANKLIN PKE,,,,97.00,Feet,South,HAZELWOOD CIR,,,,0.00,N,Not at Intersection,N,Non-Junction,None,,,         ,Akira,McSwain,Rain,Front to Rear,no,no,no,no,no,False
102054781,METROPOLITAN NASHVILLE POLICE DEPT,20180553050,Davidson,Nashville,6/26/2018 4:01:00 PM,2,0,0,36.135280,-86.812920,FAIRFAX AV,,,,423.00,Feet,East,32ND AVS,,,,0.00,N,Not at Intersection, ,Non-Junction,None,,,         ,Ryan,Cagle,Clear,Front to Rear,no,no,no,no,no,False
102054783,METROPOLITAN NASHVILLE POLICE DEPT,20180553076,Davidson,Nashville,6/26/2018 4:09:00 PM,2,1,0,36.091100,-86.696190,ANTIOCH PKE,,,,959.00,Feet,West,METROPLEX DR,,,,0.00,N,Not at Intersection,N,Non-Junction,None,,,         ,Devonte,Coleman,Clear,Front to Rear,no,no,no,no,no,False
102054793,VANDERBILT UNIVERSITY POLICE,20180552798,Davidson,Nashville,6/26/2018 12:00:00 AM,2,0,0,36.108800,-86.763040,POWELL AVE,,,,0.00,,,,,,,0.00,,, ,Non-Junction,None,,,         ,Cheryl,Bradley,Rain,"Sideswipe, Opposite Direction",no,no,no,yes,no,OHO
102054798,GOODLETTSVILLE POLICE DEPT,18-22241,Davidson,Goodlettsville,6/26/2018 11:55:00 AM,2,0,0,36.325640,-86.701140,LONG HOLLOW PKE,,,,264.00,Feet,North,CONFERENCE DR,,,,0.00,N,Not at Intersection,N,Non-Junction,None,,,         ,George,Forbes,Clear,"Sideswipe, Same Direction",no,no,no,no,no,False
102054800,METROPOLITAN NASHVILLE POLICE DEPT,20180553049,Davidson,Nashville,6/26/2018 3:45:00 PM,2,0,0,36.191660,-86.784800,I 65,,,,0.00,,,,,,,86.05,N,Not at Intersection, ,Non-Junction,None,,,         ,Zachary,Plese,Clear,"Sideswipe, Same Direction",no,no,no,no,no,False
102054807,METROPOLITAN NASHVILLE POLICE DEPT,20180553083,Davidson,Nashville,6/26/2018 4:13:00 PM,2,1,0,36.064690,-86.697190,KEELEY DR,,,,665.00,Feet,North,PACKARD DR,,,,0.00,N,Not at Intersection,N,Non-Junction,None,,,         ,Patrick,Martin,Clear,Front to Rear,no,no,no,no,no,False
102054809,METROPOLITAN NASHVILLE POLICE DEPT,20180553016,Davidson,Nashville,6/26/2018 3:51:00 PM,2,0,0,36.170220,-86.746880,S 14TH ST,,,,224.00,Feet,South,SHELBY AV,,,,0.00,N,Not at Intersection, ,"Driveway, Alley Access, etc",None,,,         ,Barrett,Teague,Clear,Angle,no,no,no,no,no,False
102054811,METROPOLITAN NASHVILLE POLICE DEPT,20180553185,Davidson,Nashville,6/26/2018 4:37:00 PM,2,0,0,36.153680,-86.734370,LEBANON PKE,,,,1565.00,Feet,East,OMOHUNDRO PL,,,,0.00,N,Not at Intersection, ,,None,,,         ,Samuel,Sundra,,,no,no,no,no,no,False
102054815,METROPOLITAN NASHVILLE POLICE DEPT,20180553168,Davidson,Nashville,6/26/2018 2:20:00 PM,2,0,0,36.038000,-86.786420,FRANKLIN PKE,,,,222.00,Feet,North,FRANKLIN PIKE CIR,,,,0.00,N,Not at Intersection, ,Non-Junction,None,,,         ,David,Robberson,Clear,Front to Rear,no,no,no,no,no,False
102054816,METROPOLITAN NASHVILLE POLICE DEPT,20180553142,Davidson,Not in City Limit,6/26/2018 12:00:00 AM,2,0,0,36.325880,-86.868920,I24 W EXT RAMP,,,,0.00,Feet,East,I 24,,,,0.00,N,Not at Intersection, ,Non-Junction,None,,,         ,Melvin,Taylor,Clear,Front to Rear,no,no,no,no,no,False
102054826,METROPOLITAN NASHVILLE POLICE DEPT,20180553245,Davidson,Nashville,6/26/2018 5:00:00 PM,2,0,0,36.125620,-86.846290,KENNER AV,,,,93.00,Feet,South,HARDING PKE,,,,0.00,N,Not at Intersection, ,Non-Junction,None,,,         ,Torian,Cox,Clear,Front to Rear,no,no,no,no,no,False
102054827,METROPOLITAN NASHVILLE POLICE DEPT,20180553077,Davidson,Nashville,6/26/2018 3:36:00 PM,2,0,0,36.127800,-86.712540,MURFREESBORO PKE,,,,195.00,Feet,East,PHILFRE CT,,,,0.00,N,Not at Intersection, ,Non-Junction,None,,,         ,Dontaveous,Eubanks,Clear,Angle,no,no,no,no,no,False
102054828,METROPOLITAN NASHVILLE POLICE DEPT,20180553003,Davidson,Nashville,6/26/2018 3:40:00 PM,2,4,0,36.201690,-86.776840,I 65,,,,0.00,,,,,,,87.00,N,Not at Intersection,N,Non-Junction,None,,,         ,Sara,Lober,Rain,Front to Rear,no,no,no,no,no,False
102054832,METROPOLITAN NASHVILLE POLICE DEPT,20180552744,Davidson,Not in City Limit,6/26/2018 2:15:00 PM,2,1,0,36.316280,-86.876580,EATONS CREEK RD,,,,0.00,,,OLD CLARKSVILLE PKE,,,,0.00,Y,Four-Way,N,OtherLocation,None,,,         ,Jerry,Pirtle,Rain,Angle,no,no,no,no,no,False
102054836,METROPOLITAN NASHVILLE POLICE DEPT,20180553192,Davidson,Nashville,6/26/2018 4:15:00 PM,2,0,0,36.161070,-86.781170,COMMERCE ST,,,,193.00,Feet,West,6TH AVN,,,,0.00,N,Not at Intersection, ,Non-Junction,None,,,         ,Seth,Quiles,Cloudy,Angle,no,no,no,no,no,False
102054837,METROPOLITAN NASHVILLE POLICE DEPT,20180553120,Davidson,Nashville,6/26/2018 4:21:00 PM,2,1,0,36.133040,-86.635070,HARBORVIEW DR,,,,0.00,,,HARBORWOOD CIR,,,,0.00,Y,T-Intersection,Y,Non-Junction,None,,,         ,Seth,Vaughn,Rain,Angle,no,no,no,no,no,False
102054839,METROPOLITAN NASHVILLE POLICE DEPT,20180553273,Davidson,Not in City Limit,6/26/2018 12:00:00 AM,2,0,0,36.329430,-86.869390,WHITES CREEK PKE,,,,933.00,Feet,North,WHITES CREEK PKE PVTDR,,,,0.00,N,Not at Intersection, ,Non-Junction,None,,,         ,Melvin,Taylor,Clear,Angle,no,no,no,no,no,False
102054842,METROPOLITAN NASHVILLE POLICE DEPT,20180553022,Davidson,Nashville,6/26/2018 3:50:00 PM,2,0,0,36.145440,-86.777500,I 65,,,,0.00,,,,,,,82.20,N,Not at Intersection,N,Non-Junction,None,,,         ,Trevor,Jones,Rain,Front to Rear,no,no,no,no,no,False
102054843,METROPOLITAN NASHVILLE POLICE DEPT,20180553041,Davidson,Nashville,6/26/2018 3:52:00 PM,2,0,0,36.147400,-86.743900,I 40,,,,0.00,,,,,,,212.00,N,Not at Intersection, ,Non-Junction,None,,,         ,Johnathan,Pannell,Rain,Front to Rear,no,no,no,no,no,False
102054845,METROPOLITAN NASHVILLE POLICE DEPT,20180553200,Davidson,Nashville,6/26/2018 4:42:00 PM,2,0,0,36.158070,-86.791310,I40 E EXT RAMP,,,,0.00,,,I 40,,,,0.00,Y,Four-Way, ,Intersection,None,,,         ,Jason,King,Clear,Angle,no,no,no,no,no,False