master_record_number,agency,agency_tracking_number,county,city,collision_date,vehicles_involved,number_injured,number_dead,latitude,longitude,roadway_name,roadway_suffix,roadway_number,roadway_local_id,distance_from_reference,miles-feet_indicator,direction_from_reference,intersection_road_name,intersection_road_name_suffix,intersection_road_number,intersection_local_id,mile_marker,intersection_indicator,intersect_type,interchange_related_indicator,relation_to_junction,work_zone_type,construction_maintenance_zone,construction_maintenance_zone_location,fatal_case_number,officer_first_name,officer_last_name,weather_condition(s),manner_of_crash,pedestrian,bicycle,scooter,parking,hitrun,mou
102054847,METROPOLITAN NASHVILLE POLICE DEPT,20180553226,Davidson,Nashville,6/26/2018 4:22:00 PM,2,0,0,36.077860,-86.731370,HARDING PL,,,,72.00,Feet,East,MILNER DR,,,,0.00,N,Not at Intersection,N,Non-Junction,None,,,         ,Ciarra,Rench,Rain,Front to Rear,no,no,no,no,yes,False
102054849,METROPOLITAN NASHVILLE POLICE DEPT,20180553302,Davidson,Nashville,6/26/2018 3:33:00 PM,2,0,0,36.045220,-86.714790,BRENTWOOD EAST DR,,,,0.00,,,OLD HICKORY BLVD,,,,0.00,Y,T-Intersection, ,Non-Junction,None,,,         ,Akira,McSwain,Clear,Angle,no,no,no,no,no,False
102054850,METROPOLITAN NASHVILLE POLICE DEPT,20180553151,Davidson,Nashville,6/26/2018 4:00:00 PM,2,0,0,36.141830,-86.712670,I 40,,,,0.00,,,,,,,214.05,N,Not at Intersection, ,Non-Junction,None,,,         ,Dontaveous,Eubanks,Clear,Front to Rear,no,no,no,no,no,False
102054853,METROPOLITAN NASHVILLE POLICE DEPT,20180552434,Davidson,Nashville,6/26/2018 12:20:00 PM,2,0,0,36.086900,-86.691800,ANTIOCH PKE,,,,228.00,Feet,South,HARDING PL,,,,0.00,N,Not at Intersection,N,Non-Junction,None,,,         ,Eric,Keller,Clear,Front to Rear,no,no,no,no,yes,False
102054867,METROPOLITAN NASHVILLE POLICE DEPT,20180553203,Davidson,Nashville,6/26/2018 4:08:00 PM,2,0,0,36.057250,-86.668170,MT VIEW RD,,,,832.00,Feet,South,HICKORY HOLLOW PKWY,,,,0.00,N,Not at Intersection,N,Non-Junction,None,,,         ,Richard,Olive,Rain,Angle,no,no,no,no,no,False
102054869,METROPOLITAN NASHVILLE POLICE DEPT,20180553434,Davidson,Not in City Limit,6/26/2018 5:37:00 PM,3,1,0,36.035730,-86.967200,HIGHWAY 100,,,,308.00,Feet,East,PASQUO RD,,,,0.00,N,Not at Intersection, ,Non-Junction,None,,,         ,Ryan,Allen,Clear,Front to Rear,no,no,no,no,no,False
102054870,METROPOLITAN NASHVILLE POLICE DEPT,20180553430,Davidson,Nashville,6/26/2018 5:13:00 PM,2,0,0,36.155900,-86.783160,DEMONBREUN ST,,,,138.00,Feet,West,10TH AVS,,,,0.00,N,Not at Intersection, ,Non-Junction,None,,,         ,Derek,Betty,Clear,Angle,no,no,no,no,no,False
102054871,METROPOLITAN NASHVILLE POLICE DEPT,20180553139,Davidson,Nashville,6/26/2018 4:27:00 PM,1,0,0,36.058730,-86.670000,MT VIEW RD,,,,137.00,Feet,East,HICKORY HOLLOW PKWY,,,,0.00,N,Not at Intersection,N,Non-Junction,None,,,         ,Jedidayah,Merriweather,Rain,Not Collision with Motor Vehicle in Transport,no,no,no,no,no,False
102054872,METROPOLITAN NASHVILLE POLICE DEPT,20180553383,Davidson,Nashville,6/26/2018 4:33:00 PM,2,0,0,36.130160,-86.800380,20TH AVS,,,,0.00,,,BLAIR BLVD,,,,0.00,Y,Four-Way,N,Intersection,None,,,         ,Ryan,Cagle,Clear,Front to Rear,no,no,no,no,no,False
102054877,METROPOLITAN NASHVILLE POLICE DEPT,20180553309,Davidson,Nashville,6/26/2018 3:57:00 PM,3,0,0,36.142220,-86.680120,I 40,,,,0.00,,,,,,,215.85,N,Not at Intersection,N,Non-Junction,None,,,         ,Allyson,Reis,Clear,Front to Rear,no,no,no,no,yes,False
102054880,METROPOLITAN NASHVILLE POLICE DEPT,20180553371,Davidson,Nashville,6/26/2018 5:30:00 PM,1,0,0,36.205060,-86.736830,MCGAVOCK PKE,,,,0.00,,,,,,,0.00,,, ,Non-Junction,None,,,         ,Alexander,Georgeson,Cloudy,Not Collision with Motor Vehicle in Transport,no,no,no,yes,no,False
102054894,THP District 9 - Administrative,318041122,Davidson,Not in City Limit,6/25/2018 7:05:00 AM,2,0,0,36.315210,-86.833120,I 24,,,,0.00,,,,,,,37.20,N,Not at Intersection,N,Non-Junction,None,,,         ,Michael,Lowe,Clear,Front to Rear,no,no,no,no,no,False
102054921,VANDERBILT UNIVERSITY POLICE,20180522953,Davidson,Nashville,6/26/2018 2:44:00 PM,2,0,0,36.141290,-86.800510,21ST AVS,,,,0.00,,,,,,,0.00,,,N,"Driveway, Alley Access, etc",None,,,         ,Lakisha,Chandler,Clear,"Sideswipe, Same Direction",no,no,no,yes,no,Campus
102054923,METROPOLITAN NASHVILLE POLICE DEPT,20180553470,Davidson,Nashville,6/26/2018 6:18:00 PM,4,1,0,36.138030,-86.805050,BLAKEMORE AV,,,,0.00,,,24TH AVS,,,,0.00,Y,Four-Way,Y,Intersection,None,,,         ,Austin,Kendrick,Clear,Angle,no,no,no,no,no,Campus
102054924,METROPOLITAN NASHVILLE POLICE DEPT,20180553282,Davidson,Nashville,6/26/2018 5:00:00 PM,2,0,0,36.119850,-86.726430,I440 W ENT RAMP,,,,0.00,Feet,East,I 24,,,,0.00,N,Not at Intersection, ,Non-Junction,None,,,         ,Aimee,Ortiz,Cloudy,"Sideswipe, Same Direction",no,no,no,no,no,False
102054933,METROPOLITAN NASHVILLE POLICE DEPT,20180553277,Davidson,Goodlettsville,6/26/2018 5:09:00 PM,3,0,0,36.293400,-86.695990,MYATT DR,,,,208.00,Feet,South,SPRING BRANCH DR,,,,0.00,N,Not at Intersection, ,Non-Junction,None,,,         ,Adam,Nicholson,Clear,Front to Rear,no,no,no,no,no,False
102054935,METROPOLITAN NASHVILLE POLICE DEPT,20180552779,Davidson,Nashville,6/26/2018 2:24:00 PM,2,0,0,36.248220,-86.742600,I 65,,,,0.00,,,,,,,91.05,N,Not at Intersection,N,Non-Junction,None,,,         ,Christopher,Littles,Rain,Angle,no,no,no,no,no,False
102054936,METROPOLITAN NASHVILLE POLICE DEPT,20180553150,Davidson,Goodlettsville,6/26/2018 4:08:00 PM,2,1,0,36.305250,-86.688180,GALLATIN PKEN,,,,200.00,Feet,West,NORTHSIDE DR,,,,0.00,N,Not at Intersection,N,Non-Junction,None,,,         ,Christopher,Littles,Cloudy,Rear to Side,no,no,no,no,yes,False
102054937,METROPOLITAN NASHVILLE POLICE DEPT,20180553480,Davidson,Nashville,6/26/2018 5:38:00 PM,2,0,0,36.250130,-86.741220,I 65,,,,0.00,,,,,,,91.20,N,Not at Intersection, ,Entrance/Exit Ramp Related,None,,,         ,Christopher,Littles,Clear,"Sideswipe, Same Direction",no,no,no,no,no,False
102054938,METROPOLITAN NASHVILLE POLICE DEPT,20180553264,Davidson,Not in City Limit,6/26/2018 5:05:00 PM,1,1,0,36.263850,-86.737690,I 65,,,,0.00,,,,,,,92.20,N,Not at Intersection,N,Non-Junction,None,,,         ,Christopher,Littles,Cloudy,Not Collision with Motor Vehicle in Transport,no,no,no,no,no,False
102054941,METROPOLITAN NASHVILLE POLICE DEPT,20180553316,Davidson,Nashville,6/26/2018 5:00:00 PM,2,1,0,36.186590,-86.632220,LEBANON PKE,,,,68.00,Feet,East,STONES RIVER RD,,,,0.00,N,Not at Intersection,N,Non-Junction,None,,,         ,Alexander,Spradling,Clear,Front to Rear,no,no,no,no,no,False
102054950,METROPOLITAN NASHVILLE POLICE DEPT,20180553385,Davidson,Nashville,6/26/2018 5:46:00 PM,2,1,0,36.086770,-86.694400,HARDING PL,,,,459.00,Feet,East,METROPLEX DR,,,,0.00,N,Not at Intersection,N,Non-Junction,None,,,         ,Patrick,Martin,Clear,Angle,no,no,no,no,no,False
102054951,METROPOLITAN NASHVILLE POLICE DEPT,20180553504,Davidson,Nashville,6/26/2018 5:30:00 PM,2,1,0,36.065240,-86.759230,HOGAN RD,,,,0.00,,,TROUSDALE DR,,,,0.00,Y,Four-Way,N,Intersection,None,,,         ,David,Robberson,Rain,Front to Rear,no,no,no,no,no,False
102054973,METROPOLITAN NASHVILLE POLICE DEPT,20180553433,Davidson,Nashville,6/26/2018 5:19:00 PM,2,0,0,36.124990,-86.752200,ROSEDALE AV,,,,0.00,,,NOLENSVILLE PKE,,,,0.00,Y,T-Intersection,N,Intersection-Related,None,,,         ,Douglas,Sykes,Rain,Other,no,no,no,no,no,False
102054976,METROPOLITAN NASHVILLE POLICE DEPT,20180553258,Davidson,Nashville,6/26/2018 4:40:00 PM,2,0,0,36.128510,-86.727790,I440 W ENT RAMP,,,,0.00,Feet,East,I 440,,,,0.00,N,Not at Intersection,N,Non-Junction,None,,,         ,Aimee,Ortiz,Cloudy,Front to Rear,no,no,no,no,no,False
102054977,METROPOLITAN NASHVILLE POLICE DEPT,6346 NOLENSVILL,Davidson,Not in City Limit,6/26/2018 5:50:00 PM,2,0,0,36.014390,-86.705000,NOLENSVILLE PKE,,,,410.00,Feet,South,SUGAR VALLEY DR,,,,0.00,N,Not at Intersection,N,Non-Junction,None,,,         ,Andrew,Brazee,Rain,Front to Rear,no,no,no,no,no,False
102054978,METROPOLITAN NASHVILLE POLICE DEPT,20180553344,Davidson,Nashville,6/26/2018 5:27:00 PM,2,0,0,36.161590,-86.791790,CHARLOTTE AV,,,,10.00,Feet,West,12TH AVN,,,,0.00,N,Not at Intersection, ,Non-Junction,None,,,         ,Kevin,Johnson,Clear,Angle,no,no,no,no,no,False
102054982,METROPOLITAN NASHVILLE POLICE DEPT,20180553354,Davidson,Nashville,6/26/2018 5:35:00 PM,3,0,0,36.160760,-86.793690,14TH AVN,,,,0.00,,,CHARLOTTE AV,,,,0.00,Y,Four-Way,N,Intersection,None,,,         ,Eric,Burford,Clear,"Sideswipe, Same Direction",no,no,no,no,yes,False
102054983,METROPOLITAN NASHVILLE POLICE DEPT,20180553633,Davidson,Nashville,6/26/2018 7:13:00 PM,3,0,0,36.151130,-86.804690,LOUISE AV,,,,80.00,Feet,North,ELLISTON PL,,,,0.00,N,Not at Intersection, ,Non-Junction,None,,,         ,Eric,Burford,Clear,Front to Rear,no,no,no,no,no,False
102054987,METROPOLITAN NASHVILLE POLICE DEPT,20180553568,Davidson,Nashville,6/26/2018 6:48:00 PM,2,2,0,36.192820,-86.745670,DOUGLAS AV,,,,0.00,,,TREVECCA AV,,,,0.00,Y,T-Intersection,N,Intersection,None,,,         ,Joshua,Lackey,Clear,HeadOn,no,no,no,no,no,False
102055001,METROPOLITAN NASHVILLE POLICE DEPT,20180552812,Davidson,Nashville,6/26/2018 2:16:00 PM,2,1,0,36.046510,-86.654570,HICKORY HOLLOW LN,,,,47.00,Feet,East,HICKORY HOLLOW PKWY,,,,0.00,N,Not at Intersection,N,Non-Junction,None,,,         ,Melissa,Flores,Clear,Angle,no,no,no,no,no,False
102055044,METROPOLITAN NASHVILLE POLICE DEPT,20180553656,Davidson,Nashville,6/26/2018 5:40:00 PM,2,0,0,36.148850,-86.819070,PARK PLZ,,,,513.00,Feet,South,HOLMAN ST,,,,0.00,N,Not at Intersection, ,Non-Junction,None,,,         ,Akira,McSwain,Clear,Angle,no,no,no,no,no,False
102055055,METROPOLITAN NASHVILLE POLICE DEPT,20180553772,Davidson,Not in City Limit,6/26/2018 6:53:00 PM,2,0,0,35.998980,-86.692830,NOLENSVILLE PKE,,,,244.00,Feet,East,CONCORD HILLS DR,,,,0.00,N,Not at Intersection,N,Non-Junction,None,,,         ,Brandon,Hughes,Rain,Front to Rear,no,no,no,no,yes,False
102055058,METROPOLITAN NASHVILLE POLICE DEPT,20180554097,Davidson,Nashville,6/26/2018 9:16:00 PM,2,0,0,36.158080,-86.692610,BRILEY PKWYS,,,,524.00,Feet,West,CRAIGMEADE DR,,,,0.00,N,Not at Intersection,N,Non-Junction,None,,,         ,Samuel,Sundra,Clear,"Sideswipe, Same Direction",no,no,no,no,yes,False
102055068,METROPOLITAN NASHVILLE POLICE DEPT,20180553244,Davidson,Nashville,6/26/2018 5:00:00 PM,2,0,0,36.169850,-86.763510,S 5TH ST,,,,0.00,,,FATHERLAND ST,,,,0.00,Y,Four-Way, ,Intersection,None,,,         ,John,Roberson,Clear,Angle,no,no,no,no,no,False
102055069,METROPOLITAN NASHVILLE POLICE DEPT,20180553875,Davidson,Nashville,6/26/2018 8:15:00 PM,1,0,0,36.066060,-86.738120,WHITFIELD PARK PVTDR,,,,0.00,Feet,,EDMONDSON PKE,,,,0.00,Y,Four-Way,N,Intersection-Related,None,,,         ,Bobby,Samuels,Clear,Not Collision with Motor Vehicle in Transport,no,no,no,no,no,False
102055135,METROPOLITAN NASHVILLE POLICE DEPT,20180553732,Davidson,Nashville,6/26/2018 6:40:00 PM,2,0,0,36.123960,-86.810340,I440 W ENT RAMP,,,,0.00,,,I 440,,,,0.00,Y,Y-Intersection, ,Non-Junction,None,,,         ,Darryl,Williams,Clear,"Sideswipe, Same Direction",no,no,no,no,no,False
102055138,METROPOLITAN NASHVILLE POLICE DEPT,2018-0553834,Davidson,Nashville,6/26/2018 8:20:00 PM,2,0,0,36.122310,-86.851320,LYNNWOOD BLVD,,,,0.00,,,HILLWOOD BLVD,,,,0.00,Y,Four-Way,N,Intersection,None,,,         ,Ryan,Allen,Clear,HeadOn,no,no,no,no,no,False
102055171,METROPOLITAN NASHVILLE POLICE DEPT,20180554518,Davidson,Hermitage,6/27/2018 12:37:00 AM,2,0,0,36.168950,-86.571140,I 40,,,,0.00,,,,,,,222.50,N,Not at Intersection,N,Non-Junction,None,,,         ,Benjamin,Cole,Rain,Front to Rear,no,no,no,no,yes,False
102055173,METROPOLITAN NASHVILLE POLICE DEPT,20180554422,Davidson,Not in City Limit,6/26/2018 11:55:00 PM,2,0,0,36.259150,-86.684940,LARKIN SPRINGS RD,,,,89.00,Feet,South,WARRIOR RD,,,,0.00,N,Not at Intersection, ,Non-Junction,None,,,         ,Wallis,Massey,Rain,Front to Rear,no,no,no,no,no,False
102055174,METROPOLITAN NASHVILLE POLICE DEPT,20180554538,Davidson,Nashville,6/27/2018 12:32:00 AM,2,3,0,36.151010,-86.796490,19TH AVS,,,,0.00,,,BROADWAY,,,,0.00,Y,Four-Way,N,Intersection,None,,,         ,Craig,Oakley,Rain,Angle,no,no,no,no,no,False
102055177,METROPOLITAN NASHVILLE POLICE DEPT,20180554512,Davidson,Nashville,6/27/2018 12:36:00 AM,1,0,0,36.142060,-86.735170,I 40,,,,0.00,,,,,,,212.80,N,Not at Intersection,N,Non-Junction,None,,,         ,Tyler,Manivong,Rain,Not Collision with Motor Vehicle in Transport,no,no,no,no,no,False
102055184,METROPOLITAN NASHVILLE POLICE DEPT,20180554713,Davidson,Nashville,6/27/2018 1:15:00 AM,1,0,0,36.062700,-86.682410,I 24,,,,0.00,,,,,,,57.60,N,Not at Intersection,N,Non-Junction,None,,,         ,Robert,Erickson,Rain,Not Collision with Motor Vehicle in Transport,no,no,no,no,no,False
102055186,METROPOLITAN NASHVILLE POLICE DEPT,20180554634,Davidson,Nashville,6/27/2018 1:17:00 AM,2,0,0,36.044950,-86.659750,I24 E ENT RAMP,,,,0.00,Feet,,I 24,,,,0.00,Y,Four-Way,Y,Intersection,None,,,         ,Kevin,Breeding,Rain,Front to Rear,no,no,no,no,yes,False
102055195,METROPOLITAN NASHVILLE POLICE DEPT,20180554647,Davidson,Nashville,6/27/2018 1:21:00 AM,1,0,0,36.063910,-86.683950,I 24,,,,0.00,,,,,,,57.50,N,Not at Intersection,N,Non-Junction,None,,,         ,Autumn,Manning,Rain,Not Collision with Motor Vehicle in Transport,no,no,no,no,no,False
102055197,METROPOLITAN NASHVILLE POLICE DEPT,20180554366,Davidson,Nashville,6/26/2018 11:35:00 PM,4,2,0,36.276400,-86.735020,I 65,,,,0.00,,,,,,,93.10,N,Not at Intersection,N,Non-Junction,None,,,         ,Patrick,McGinnis,Rain,Front to Rear,no,no,no,no,yes,False
102055210,METROPOLITAN NASHVILLE POLICE DEPT,20180554679,Davidson,Nashville,6/27/2018 1:28:00 AM,1,0,0,36.063660,-86.683700,I 24,,,,0.00,,,,,,,57.50,N,Not at Intersection,N,Non-Junction,None,,,         ,Autumn,Manning,Rain,Not Collision with Motor Vehicle in Transport,no,no,no,no,no,False
102055220,METROPOLITAN NASHVILLE POLICE DEPT,20180554863,Davidson,Nashville,6/27/2018 12:00:00 AM,1,2,0,36.201310,-86.625650,BONNAFIELD DR,,,,390.00,Feet,East,BONNAVUE DR,,,,0.00,N,Not at Intersection,N,Non-Junction,None,,,         ,Leonard,Spadavecchia,Unknown,Not Collision with Motor Vehicle in Transport,no,no,no,yes,yes,False
102055238,METROPOLITAN NASHVILLE POLICE DEPT,20180555171,Davidson,Nashville,6/27/2018 4:09:00 AM,2,0,0,36.033310,-86.611810,OLD HICKORY,BLVD,,,0.00,,,LOGISTICS,WAY,,,0.00,Y,T-Intersection,Y,Intersection,None,,,         ,Kevin,Breeding,Cloudy,Angle,no,no,no,no,yes,False
102055255,METROPOLITAN NASHVILLE POLICE DEPT,20180555152,Davidson,Nashville,6/27/2018 12:00:00 AM,2,1,0,36.165300,-86.794270,I 40,,,,0.00,,,,,,,208.40,N,Not at Intersection,N,Non-Junction,None,,,         ,Austin,Childress,Rain,Angle,no,no,no,no,no,False
102055264,METROPOLITAN NASHVILLE POLICE DEPT,20180555287,Davidson,Nashville,6/27/2018 5:56:00 AM,2,0,0,36.223520,-86.821970,BUENA VISTA PKE,,,,701.00,Feet,North,AMES DR,,,,0.00,N,Not at Intersection, ,Non-Junction,None,,,         ,James,Murphy,Rain,Angle,no,no,no,no,no,False
102055279,METROPOLITAN NASHVILLE POLICE DEPT,20180555206,Davidson,Nashville,6/27/2018 5:19:00 AM,2,2,0,36.233140,-86.758660,MAPLEWOOD TRC,,,,0.00,,,W MAPLEWOOD LN,,,,0.00,Y,Four-Way,N,Intersection,None,,,         ,Juan,Gonzalez,Cloudy,HeadOn,no,no,no,no,no,False
102055284,METROPOLITAN NASHVILLE POLICE DEPT,20180554859,Davidson,Nashville,6/27/2018 1:16:00 AM,1,0,0,36.153460,-86.715220,LEBANON PKE,,,,589.00,Feet,East,LEBANON PIKE CIR,,,,0.00,N,Not at Intersection,N,Non-Junction,None,,,         ,Tyler,Manivong,Rain,Not Collision with Motor Vehicle in Transport,no,no,no,no,yes,False
102055302,METROPOLITAN NASHVILLE POLICE DEPT,20180555329,Davidson,Nashville,6/27/2018 6:24:00 AM,1,0,0,36.164640,-86.688900,BRILEY PKWYS,,,,291.00,Feet,South,BRILEY PKWY S ENT RAMP,,,,0.00,N,Not at Intersection,N,Non-Junction,None,,,         ,Michael,Dance,Rain,Not Collision with Motor Vehicle in Transport,no,no,no,no,no,False
102055307,METROPOLITAN NASHVILLE POLICE DEPT,20180555452,Davidson,Nashville,6/27/2018 7:20:00 AM,2,0,0,36.144620,-86.743700,ELM HILL PKE,,,,100.00,Feet,East,FESSLERS LN,,,,0.00,N,Not at Intersection, ,Non-Junction,None,,,         ,Ryan,Ludvigson,Rain,Front to Rear,no,no,no,no,no,False
102055309,METROPOLITAN NASHVILLE POLICE DEPT,20180555423,Davidson,Nashville,6/27/2018 7:25:00 AM,2,0,0,36.150400,-86.767750,2ND AVS,,,,60.00,Feet,South,MCCANN ST,,,,0.00,N,Not at Intersection, ,"Driveway, Alley Access, etc",None,,,         ,Todd,Watson,Rain,"Sideswipe, Same Direction",no,no,no,no,no,False
102055310,METROPOLITAN NASHVILLE POLICE DEPT,20180555443,Davidson,Nashville,6/27/2018 7:23:00 AM,2,1,0,36.146630,-86.742720,I 40,,,,0.00,,,,,,,212.10,N,Not at Intersection, ,Non-Junction,None,,,         ,Michael,Dance,Rain,Front to Rear,no,no,no,no,no,False
102055323,METROPOLITAN NASHVILLE POLICE DEPT,20180555484,Davidson,Nashville,6/27/2018 7:51:00 AM,3,1,0,36.074430,-86.745900,BLACKMAN RD,,,,19.00,Feet,East,DANBY DR,,,,0.00,N,Not at Intersection,N,Non-Junction,None,,,         ,Jon,Mcvey,Rain,Front to Rear,no,no,no,no,no,False
102055324,METROPOLITAN NASHVILLE POLICE DEPT,20180555517,Davidson,Old Hickory,6/27/2018 7:10:00 AM,1,0,0,36.288790,-86.666310,CINDER RD,,,,0.69,Miles,East,SWINGING BRIDGE RD,,,,0.00,N,Not at Intersection, ,Non-Junction,None,,,         ,Michael,Parman,Rain,Not Collision with Motor Vehicle in Transport,no,no,no,no,no,False
102055325,METROPOLITAN NASHVILLE POLICE DEPT,2018-0555409,Davidson,Nashville,6/27/2018 7:16:00 AM,2,0,0,36.163750,-86.824860,32ND AVN,,,,109.00,Feet,North,ALBION ST,,,,0.00,N,Not at Intersection,N,Non-Junction,None,,,         ,Teresah,Pinho,Cloudy,"Sideswipe, Opposite Direction",no,no,no,no,yes,False
102055333,METROPOLITAN NASHVILLE POLICE DEPT,20180555349,Davidson,Nashville,6/27/2018 6:40:00 AM,2,0,0,36.119940,-86.726460,I440 W ENT RAMP,,,,0.00,Feet,East,I 24,,,,0.00,N,Not at Intersection,N,Non-Junction,None,,,         ,Jessie,Meadows,Rain,"Sideswipe, Same Direction",no,no,no,no,yes,False
102055335,METROPOLITAN NASHVILLE POLICE DEPT,20180555460,Davidson,Nashville,6/27/2018 7:35:00 AM,1,0,0,36.065630,-86.685750,I 24,,,,0.00,,,,,,,57.35,N,Not at Intersection, ,Non-Junction,None,,,         ,Jessie,Meadows,Rain,Not Collision with Motor Vehicle in Transport,no,no,no,no,no,False
102055351,METROPOLITAN NASHVILLE POLICE DEPT,20180555647,Davidson,Nashville,6/27/2018 12:00:00 AM,2,0,0,36.166360,-86.595310,HERMITAGE PARK DR,,,,925.00,Feet,East,OLD HICKORY BLVD,,,,0.00,N,Not at Intersection,N,Non-Junction,None,,,         ,Michael,Dance,Unknown,Rear to Side,no,no,no,yes,yes,False
102055352,METROPOLITAN NASHVILLE POLICE DEPT,2018-0555476,Davidson,Nashville,6/27/2018 7:26:00 AM,2,0,0,36.066570,-86.686780,I24 E ENT RAMP,,,,0.00,,,I 24,,,,0.00,Y,OTHER, ,Entrance/Exit Ramp Related,None,,,         ,Stanley,Collins,Rain,"Sideswipe, Same Direction",no,no,no,no,no,False
102055354,METROPOLITAN NASHVILLE POLICE DEPT,2018-0555624,Davidson,Nashville,6/27/2018 8:45:00 AM,2,0,0,36.089350,-86.802940,BATTERY LN,,,,0.00,,,GRANNY WHITE PKE,,,,0.00,Y,Four-Way, ,Intersection,None,,,         ,Aaron,Jones,Cloudy,Front to Rear,no,no,no,no,no,False
102055377,METROPOLITAN NASHVILLE POLICE DEPT,20180555562,Davidson,Nashville,6/27/2018 8:14:00 AM,1,0,0,36.155550,-86.775190,5TH AVS,,,,0.00,,,PEABODY ST,,,,0.00,Y,Four-Way,N,Non-Junction,Construction Zone,Other,Activity Area,         ,Joshua,Asbell,Cloudy,Not Collision with Motor Vehicle in Transport,no,no,no,no,no,False
102055378,METROPOLITAN NASHVILLE POLICE DEPT,20180555710,Davidson,Nashville,6/27/2018 9:05:00 AM,2,0,0,36.203880,-86.776780,I 65,,,,0.00,,,,,,,87.15,N,Not at Intersection,N,Non-Junction,None,,,         ,Jon,Mcvey,Cloudy,"Sideswipe, Same Direction",no,no,no,no,yes,False
102055387,METROPOLITAN NASHVILLE POLICE DEPT,20180555456,Davidson,Nashville,6/27/2018 7:40:00 AM,2,2,0,36.122590,-86.751830,I 440,,,,0.00,,,,,,,6.25,N,Not at Intersection,N,Non-Junction,None,,,         ,James,Thomas,Rain,Angle,no,no,no,no,no,False
102055392,METROPOLITAN NASHVILLE POLICE DEPT,20180555439,Davidson,Nashville,6/27/2018 7:35:00 AM,1,2,0,36.065180,-86.685280,I 24,,,,0.00,,,,,,,57.40,N,Not at Intersection,N,Non-Junction,None,,,         ,Jessie,Meadows,Rain,Not Collision with Motor Vehicle in Transport,no,no,no,no,no,False
102055393,METROPOLITAN NASHVILLE POLICE DEPT,20180555578,Davidson,Nashville,6/27/2018 8:25:00 AM,2,0,0,36.110200,-86.721910,I 24,,,,0.00,,,,,,,53.70,N,Not at Intersection,N,Non-Junction,None,,,         ,Jessie,Meadows,Rain,Front to Rear,no,no,no,no,yes,False
102055407,METROPOLITAN NASHVILLE POLICE DEPT,20180555612,Davidson,Nashville,6/27/2018 8:37:00 AM,4,1,0,36.041190,-86.776690,OLD HICKORY BLVD,,,,150.00,Feet,West,BRENTWOOD TRC,,,,0.00,N,Not at Intersection,N,Non-Junction,None,,,         ,Earl,Davis,Cloudy,Front to Rear,no,no,no,no,no,False
102055440,METROPOLITAN NASHVILLE POLICE DEPT,20180555825,Davidson,Nashville,6/27/2018 10:10:00 AM,2,1,0,36.110490,-86.770550,I440 ENT RAMP,,,,0.00,Feet,East,I 65,,,,0.00,N,Not at Intersection,N,Non-Junction,None,,,         ,Jon,Mcvey,Cloudy,Front to Rear,no,no,no,no,no,False
102055443,METROPOLITAN NASHVILLE POLICE DEPT,20180555908,Davidson,Nashville,6/27/2018 10:30:00 AM,2,0,0,36.121730,-86.750700,I440 E EXT RAMP,,,,0.00,,,I 440,,,,0.00,Y,T-Intersection,N,Entrance/Exit Ramp Related,None,,,         ,Jonathan,Nicholson,Clear,Front to Rear,no,no,no,no,no,False
102055455,METROPOLITAN NASHVILLE POLICE DEPT,20180555681,Davidson,Nashville,6/27/2018 9:00:00 AM,3,0,0,36.124200,-86.740570,I 440,,,,0.00,,,,,,,6.80,N,Not at Intersection,N,Non-Junction,None,,,         ,Todd,Watson,Clear,Front to Rear,no,no,no,no,no,False
102055456,VANDERBILT UNIVERSITY POLICE,2018-0555665,Davidson,Nashville,6/27/2018 8:37:00 AM,1,0,0,36.139190,-86.803040,23RD AVS,,,,0.00,,,,,,,0.00,,,N,Non-Junction,None,,,         ,Eugene,Kessler,Cloudy,Not Collision with Motor Vehicle in Transport,no,no,no,no,no,Campus
102055465,METROPOLITAN NASHVILLE POLICE DEPT,20180555979,Davidson,Nashville,6/27/2018 10:55:00 AM,2,0,0,36.088150,-86.695900,METROPLEX DR,,,,465.00,Feet,North,HARDING PL,,,,0.00,N,Not at Intersection, ,Non-Junction,None,,,         ,Charles,Wakefield,Clear,Angle,no,no,no,no,no,False
102055467,METROPOLITAN NASHVILLE POLICE DEPT,20180555815,Davidson,Nashville,6/27/2018 10:03:00 AM,2,0,0,36.145300,-86.740570,I 40,,,,0.00,,,,,,,212.25,N,Not at Intersection, ,Non-Junction,None,,,         ,Michael,Dance,Clear,Front to Rear,no,no,no,no,no,False
102055469,METROPOLITAN NASHVILLE POLICE DEPT,20180555907,Davidson,Nashville,6/27/2018 10:45:00 AM,2,0,0,36.117420,-86.799920,I 440,,,,0.00,,,,,,,3.25,N,Not at Intersection, ,Non-Junction,None,,,         ,David,Lang,Clear,Front to Rear,no,no,no,no,no,False
102055503,METROPOLITAN NASHVILLE POLICE DEPT,20180556133,Davidson,Nashville,6/27/2018 11:50:00 AM,2,0,0,36.150020,-86.797580,BROADWAY,,,,142.00,Feet,South,LYLE AV,,,,0.00,N,Not at Intersection,N,Non-Junction,None,,,         ,Jon,Mcvey,Cloudy,Angle,no,no,no,no,no,False
102055506,METROPOLITAN NASHVILLE POLICE DEPT,20180555957,Davidson,Nashville,6/27/2018 11:08:00 AM,2,2,0,36.163320,-86.613120,BELL RD,,,,0.00,,,DODSON CHAPEL RD,,,,0.00,Y,T-Intersection,N,Non-Junction,None,,,         ,Michael,Dance,Clear,Angle,no,no,no,no,no,False